rain_1h_mm,rain_3h_mm,rain_6h_mm,rain_24h_mm,soil_moisture_pct,slope_deg,elevation_m,distance_to_river_m,historical_events,risk
27.776487411883217,76.54247544960532,147.39360166010795,341.1452083355671,41.12133407130287,6.513894360777251,1184.3435678906685,550.9966129041425,0,MEDIUM
37.09393009617256,80.26334275971453,182.96162564675038,854.9697579387966,67.90007669207843,43.70660537806536,732.2771801587387,2017.9727347145756,9,HIGH
24.562011237136673,39.52293812002265,93.57811457258471,281.7158450321836,77.41283778943765,50.829847281477996,478.144994536231,2333.339632033334,0,MEDIUM
22.125670558789967,54.49534380101693,90.1079505441212,165.87527552381837,90.21827556356577,46.991685398847025,1396.350071527245,1499.4522960300299,7,MEDIUM
40.132427792812216,106.41631301726316,182.65275623595153,863.6173531348484,58.88378453206271,51.98180952630076,2005.778538469114,2784.3328061119264,6,HIGH
23.500115156216957,64.15909663056014,105.2630876456011,426.4331787410974,39.42312027701359,32.40339249119987,2352.038105166043,2625.443500105445,5,MEDIUM
30.972371818537283,67.15796276619261,137.45171921518082,620.1200223507776,68.99460311383397,43.15207211741379,526.9467237567787,422.44937751581534,0,MEDIUM
29.00593345892581,65.7609015220909,152.6234540011087,482.6200809643645,62.74088474054154,21.8354936647711,1159.9170064504656,470.21721015457086,6,MEDIUM
40.10951266274763,88.69287864034257,166.50689479720717,493.4096327467166,85.10657413553908,43.32894469383622,2481.344340083707,303.39327210741703,0,HIGH
19.50380042935523,30.949343284512224,50.40896461457933,215.4144652338272,48.00912280445861,42.65229993782707,603.0894504367959,2632.4918932519586,7,MEDIUM
49.016537212933514,171.1561543632933,353.2137048532264,1000.0,75.90994163844125,26.780143871037914,2981.8574518433898,1695.0093235510574,7,HIGH
16.085809257759497,51.48992804284808,108.0409061453765,399.8854644097775,51.264211507469085,7.188282478961378,2008.2593584371186,2827.1077080131863,8,MEDIUM
32.30975137426494,65.51037987555374,107.88229053925937,308.92585942894215,75.88223662700348,18.313147935680036,2838.0475154622177,2201.24003382589,3,MEDIUM
29.871065314575638,61.31103256891163,90.42271501725077,272.33459587255834,53.77160464897295,49.25925188514534,2271.759302765744,2209.40059246263,6,MEDIUM
15.007565657802175,36.37810997097732,50.9709275098836,121.23728726591708,47.83432427389489,34.363332939692334,2902.469917031468,419.1921741116176,1,LOW
34.09280950226393,44.229999837379054,105.38767286315763,475.71529606774254,48.81070170700789,25.25466239922115,2096.398602686976,373.08703403250547,5,MEDIUM
20.583272430608414,51.92544109165814,84.1513710120438,272.12571081061697,33.2883455803487,52.36976647281104,1023.8065090769626,2796.322831773851,7,MEDIUM
11.419290945512605,22.23424868362781,10.26752953883318,51.15719250290533,63.05551287975902,23.322094825607433,2460.7336677880867,1473.673716417895,1,LOW
36.92901536450844,96.29925022592265,234.4767616328814,650.4495114873979,75.84264229256394,21.404146468335895,910.3883837590189,2982.085220960651,8,HIGH
8.162302692505316,5.6481527599136605,4.554626225703716,13.417856913102783,63.7024478351626,43.52480107743373,1825.5155950458627,1002.9517904376419,3,LOW
13.164616103348145,27.095547502734014,40.88341889372826,99.73217450286333,54.74907584314924,22.765231494561366,1307.2108761323666,1883.1782398753749,9,LOW
24.36805711708451,79.52194088578324,124.87810712474548,489.89877243209327,80.88226833175894,27.311661100641615,2457.59280542814,1739.783980855791,0,MEDIUM
39.94000106946342,78.20969689992651,173.64609633371055,781.999858591387,86.09299472290192,41.12290161447391,2350.6225174334872,250.8299051902503,2,HIGH
35.476359931442786,92.43924516238545,198.63383339989866,669.6563695688864,63.02820125454755,26.506009067655295,2632.514615266768,1580.623644942839,7,MEDIUM
27.482369384741844,53.676071094425666,101.8357115362603,336.118756442517,70.42904596898822,21.114397075795882,966.7576557999307,2776.9279060375757,1,MEDIUM
5.996493132369826,12.779552852861062,18.236448231730296,75.93418531443199,76.8490113168684,5.769441812640825,2993.4021275250134,1388.9163827107436,9,LOW
15.539331023737336,30.593297069707376,46.22863892839569,139.49927762683816,44.684344496424,48.02848324638538,2474.500988534429,1444.2560001697889,9,LOW
18.185046742649355,34.854010671630974,56.310640328356314,229.81425082564328,65.59855404928506,31.335189650631346,1344.0986173675312,2117.5002487165143,0,MEDIUM
10.992101589718445,8.337018277113344,29.918150682147214,146.75561092325879,81.5644039749859,47.56659363039649,644.6921076384167,2353.0911132505216,8,LOW
4.586977802914841,8.881807828357063,20.69443509104641,46.19687375357256,93.36059122479027,35.89210630241893,1243.448953815081,2492.484278944958,4,MEDIUM
25.175712872129417,58.48293605983572,79.22885139849816,324.5311057989332,31.848380331288617,15.033319086519315,586.6926185374174,1383.3029737451911,8,MEDIUM
36.20105190322947,113.08008320636165,151.37823098617184,655.0953613651769,42.126794260037805,23.158047550570156,1961.5048959640837,1359.8408688531742,7,HIGH
17.15525149185536,24.828124096008693,38.49923922324671,51.77666368339151,91.36717584296028,25.862908802145004,604.8904676083976,1446.4009648490096,3,MEDIUM
39.616560541484446,72.46498892194404,175.6312757400728,564.4697417576052,73.56812783193143,41.986299330813054,1462.3841004880994,2908.5147679614806,0,MEDIUM
7.319140851796903,15.319787994086075,10.334369166966855,89.91431456915527,36.58634394653926,32.408659622907926,2102.432124734277,2791.0893507657315,3,LOW
10.45418325298153,15.896021472404334,40.040305087488655,196.97153027693827,53.447592645500244,36.82517533029172,1523.2907897700097,1887.1092130978361,4,LOW
24.8171674001478,64.14329791908503,97.55886960513067,381.3602360496816,80.03105048384454,42.654008469922275,2680.4567079802246,888.7720062236962,5,MEDIUM
16.099949318174442,17.710163511475418,26.657932316404143,103.98796753813635,38.75095956066519,18.693066237788827,950.6799073531223,2706.2269505659747,7,LOW
34.30172793929526,58.71220144970705,102.7380981542821,295.6405881276902,67.63802315456878,49.09958991315917,1714.5084183633487,554.2423922231144,8,MEDIUM
30.754462008802662,65.23216506834774,173.86303422641532,347.0901780575957,48.51249686028207,27.663847498243584,2765.5880723688615,364.9141296624763,2,MEDIUM
16.959353832270512,45.02547505372697,76.28863494225425,181.3150816825825,54.13492403160215,38.056094587687106,1253.639490085066,1272.9675970586295,1,LOW
7.9579017176754,24.46149184571616,38.461946196487496,80.33755191356383,62.78157183661073,15.910114935539994,1576.3156240428375,2071.645455568825,6,LOW
15.551801009889019,17.857884175298253,48.15807998397061,86.65702372726622,63.89241254169129,16.668617999429507,2818.680765448034,205.13920759843714,7,MEDIUM
31.24251287760184,35.71513346306569,54.04246932636431,117.53997393931968,60.97406254726525,41.74947017682544,1648.14675915472,973.0238264208418,6,MEDIUM
35.1758493021582,114.85463976030194,260.4893475568418,1000.0,85.55811873990845,22.520303837116717,2633.4508610144317,2363.2356334539613,6,HIGH
16.152025604137805,25.92546166935814,72.66904437779077,255.68326405430045,86.01368057329097,48.797888387458116,2839.2429247640484,1994.697139706322,7,MEDIUM
4.561594225399741,13.4844880053145,34.74943675079663,68.53088858393741,90.24712034872309,38.23735448176915,991.476270695017,299.17784648275745,4,MEDIUM
6.959537084430075,6.01347102349281,16.173784134774166,58.49921982620596,61.80246161187932,38.271445905867616,2421.7700785482734,645.344012487733,2,LOW
29.61440860769009,75.36850200597466,113.38519324035535,251.07466390249382,71.79063899583194,24.013365219742035,2065.1384256873544,2189.252747806838,7,MEDIUM
16.754414572551205,23.018611149014166,39.32844052556845,62.169782759735035,50.116829706544344,50.1335159883006,2964.1417696608546,394.1019854536033,1,MEDIUM
17.051995510164602,39.577743354971766,89.33105216738046,418.2277923408285,89.83709123262376,52.231973238650774,1881.0412867619993,78.62799594889587,0,MEDIUM
10.315070078016856,46.64853962852651,93.40611771871102,339.6098815906426,83.04830395723042,17.896962481783405,2440.498186242863,2978.4088049768825,0,MEDIUM
10.155517328417426,31.11421226555178,70.04778309992534,159.4335365406562,75.00083538354684,30.728128541081684,1233.3711480828906,1861.1047726419245,3,LOW
39.19444372932353,66.73792112221187,160.11869817799328,499.59620694385285,54.52717161430483,50.34659237325963,1937.2569939472771,1315.4118238210308,4,MEDIUM
30.303993995968572,47.666536519237695,98.05129213825144,408.68918824893757,91.2296098674119,10.064027254667774,2402.166928339,1811.3803197697282,5,MEDIUM
14.002666611668136,18.11309102172322,33.637269704424114,74.27924575695306,50.32441283544,19.878949928028305,2910.6660187451307,2027.041342525013,1,LOW
23.60350476039001,56.51052207365365,128.89128956910176,609.6946686401051,86.51364395678655,52.72132592726982,979.970432617512,1511.7292163152667,4,MEDIUM
26.43540526771227,56.81300203895134,140.24138395634142,468.79054837435075,70.4023650402522,29.248679411625297,513.0159086702773,1991.3007184650714,6,MEDIUM
60.26101962060608,102.37504696106478,240.23116904038187,490.3660713769837,76.59542414597654,52.57685889543284,2936.0227197187205,2140.2813067001125,2,HIGH
9.461048728799442,27.63287589582753,45.49099456146725,187.431632050151,34.4316684220718,24.00841393400267,1927.1324749213381,579.3973874249142,5,LOW
26.20393010480063,56.21721092447342,77.17920263237235,320.45607248062,50.22380657157125,31.37498197305647,346.5773185427005,1299.942264386196,2,MEDIUM
39.07085309342814,89.25952968674562,149.02925363115784,534.0220956683778,96.75020891253726,27.70614440554845,1703.9717403584218,948.5975162850868,8,MEDIUM
55.97531393741217,110.37678931153235,164.6101889869748,775.9411024079353,93.17968377433374,27.860708576871914,2827.3168812620634,2402.1790643512936,4,HIGH
13.463147992323734,31.118410107335798,69.76471726851972,354.98691876559917,83.07954382194232,50.88564637250773,2957.946658225511,2321.2240529676883,8,MEDIUM
16.597559498750776,32.11384407654773,79.09955443999283,242.04104592243948,55.55836774445305,39.732141424990395,1179.4201440204565,2441.286793355835,3,LOW
34.51039546325156,100.44136247704651,219.0681545048567,492.0221654784909,82.37176883788581,52.28657381381641,2411.1545633077644,1340.5638690497494,3,MEDIUM
5.904012852237367,17.068456552776727,29.606052557321647,99.43348181434372,73.20104570298955,21.476600305544952,1538.48610471325,1747.2237159256838,7,MEDIUM
27.943285570161983,82.27889313474218,161.197627970451,593.2206766701592,87.09769187812823,54.694694425517774,1374.6264358752057,2131.5468359923334,2,MEDIUM
73.67404178944486,155.82593563958807,274.48309971842326,1000.0,45.218480421858864,40.383222552653336,2347.1222894824855,1000.2305281139439,7,HIGH
29.904384781785378,66.26636062760315,111.25064121846538,341.3891437559794,83.72890605062231,11.565510329531172,1028.9124922348753,2934.173957031549,0,MEDIUM
2.474691063035528,13.237100111913028,41.02588979210284,186.74968862238634,59.93159982837679,25.647155291739942,1451.2186714839,1166.9402234181155,8,LOW
11.540457326624509,16.994961927546697,24.27237570991993,85.57775338379318,30.86072214680146,17.433389953780697,965.6358684306038,1634.1950748086301,7,LOW
13.788647782528617,40.559024259693004,39.61360920605258,181.81076343953748,56.78956865371788,16.77296739175084,685.121568203734,2489.0397458108137,5,MEDIUM
44.816162566757285,125.2982241771914,270.7056542088772,1000.0,46.85732498374765,51.4776418828811,1324.107013940047,2253.9072948628004,4,HIGH
19.898524049097382,52.15489369972167,86.67704951392221,219.25076357538367,79.1481670846444,52.99747470601923,2889.916650322934,1529.6522905330557,3,MEDIUM
4.633767854307719,17.500880439708574,19.927907389928336,66.73118119643819,70.21906894075525,5.708335005437361,1430.979288647243,1254.563714848867,3,LOW
21.529748203874224,39.181649485903314,76.03383172678124,197.67847251280483,70.77666017432249,11.901836937516116,2144.7064779570956,1929.3726427812971,3,LOW
24.604471597251024,57.7215525163084,106.79734569588632,529.076059069352,69.54611488623146,18.892259248562873,1069.6966035023258,1335.3523860284981,7,MEDIUM
15.170681624778346,54.59762354424896,81.9469408253918,278.0062071654818,93.94712269748707,47.38676704766075,2636.464036134105,1796.4247583284618,2,MEDIUM
10.010163968939422,27.275744353502397,50.0475298391131,211.8301708801488,29.633474364798147,35.55528742885955,1987.2309422376154,2409.9410019140378,2,LOW
78.55485074824557,136.1216413974843,249.7548836838516,857.6267807892561,49.234575901484476,33.271386002092655,2866.2258417387084,409.25663697858334,3,HIGH
39.151156889386385,135.2349260588852,245.93310697827977,784.9847941508615,91.08088266353936,34.91371785519121,1180.0706591108747,2107.1796238863813,4,HIGH
41.40755289931588,118.44058011745241,260.3556425385307,1000.0,66.64949542330582,52.52935100146371,1752.6906439893958,208.80890028464188,2,HIGH
19.928794217310283,61.73360634363729,123.2733163186195,440.178707947055,80.82101652716793,18.789521937252115,815.8232812836349,2215.3303799099917,4,MEDIUM
13.288339913711589,20.55603870646928,25.42273248446033,101.22159737858681,65.45703697057647,11.166105457238174,666.8874355408452,667.0055563660391,8,LOW
15.737891808090918,41.38496212765905,57.94008653165946,192.9814845366563,77.47594939335481,35.39076840836663,1880.4710110331584,1505.4559459314955,2,LOW
7.3016450613567665,17.984754360600867,25.157711344795196,52.49895759866349,65.62517959548366,53.44345390270311,2469.225214245036,837.6271794700036,1,LOW
59.54438150722451,142.64776453819422,266.05154255493534,564.8835354460242,80.38204333937215,40.5002131671464,839.4451375664192,999.6308890278384,7,HIGH
20.510667271915437,33.98591500562026,51.867544484937426,141.9420910700213,48.61405706278678,49.60581806037555,2197.8745246479275,1904.7362805398914,2,LOW
51.359247495086954,152.6270062337601,316.00386488027897,1000.0,40.0699691841631,49.8094922561323,2113.1982249089147,1321.9637917310258,7,HIGH
16.315670533422004,50.765297344470106,64.54515965233308,195.56023840738837,51.14734052716712,15.962854544560468,1602.8818441980313,1488.3309681061803,9,LOW
30.190482003126444,77.20074670322096,124.75766479339752,396.8617606408042,84.76209147148155,39.27992278505932,2370.6617278213084,2996.87572904829,5,MEDIUM
25.54045151552971,49.951134175054065,91.0480767042205,224.65001849440935,82.64121505504369,48.11104459919736,1903.5474039062533,408.75972894929964,5,MEDIUM
6.623208462344591,42.85146134180195,56.80583152927764,225.76912285514587,94.8530335589893,10.06704436440069,2855.5497039656784,1183.5969254219133,6,MEDIUM
64.20968065486495,126.44826193690943,257.1023802517027,1000.0,87.84362847571059,37.57391464920754,2362.0051073255377,1614.1186139405,1,HIGH
16.68662471214666,44.251000037803166,113.30242982272478,439.8662165317183,81.80899586401544,18.600158223087973,2693.8018608628668,2450.4335406614414,0,MEDIUM
8.71070485651088,4.743486726681075,0.0,0.0,97.9671720078645,46.08352548754002,1275.6939452242173,883.0575762488476,1,LOW
34.689510434923925,52.63502904173017,76.75923402983837,185.87890541042958,95.84623634725338,16.160380752219723,2489.6977889575323,1211.8484756227965,4,MEDIUM
22.31613126458939,52.676420133449135,83.7827791855774,160.47883551678876,59.86911237650403,23.671024954571745,2978.465310071834,2472.7222317953137,8,MEDIUM
28.402915868699033,68.23167076686647,84.35222022523187,311.11031282969014,58.43410392769681,38.837129567328645,741.3550602920732,1614.5945276101888,6,MEDIUM
23.918214828689347,73.58222085639282,131.4802669578185,350.4125598855386,65.53191713730074,32.79130796854393,1680.1845024088032,2575.3939038370495,8,MEDIUM
2.796796190325781,0.8446792251265931,0.0,20.3559600094975,44.171633849613876,10.998800926815889,2628.3071543336177,239.82642315206883,3,LOW
11.224247113750852,48.00152077873761,92.11190597401459,429.3487491932788,63.315599251759394,16.264757014865868,1370.8911905945783,896.8850232161396,8,MEDIUM
10.86690234476876,11.106487255714015,17.81546082131916,68.21840771636113,55.29636489172481,49.292003155441435,1672.229569325001,1695.3721175880016,7,MEDIUM
41.02178085033595,62.53474192355966,126.9176671935091,639.8900308256011,60.567698295736086,54.43897956848671,2318.5938691529973,409.8591556247562,1,HIGH
22.905969537262862,57.43595937857066,78.74293853810475,171.86566223582116,95.90458356960029,39.698602004089786,2526.6831415860343,1471.2720403643343,5,MEDIUM
31.40175790004948,66.05226635693347,156.62036850960067,667.6436351246741,48.220661027033884,5.488233630043139,838.7323048392998,102.02606974965991,6,MEDIUM
17.44579376917049,53.997722828969955,102.50300817815938,363.8479707288677,98.46247953249662,42.1700328924155,1355.9969596634633,1538.7527222392591,3,MEDIUM
32.4314293349323,53.49849527414078,93.09152750366553,344.5305534191665,47.88556861486045,37.141279243560334,1365.1640567081229,2764.931062412891,7,MEDIUM
19.961148854639333,39.54993195737144,64.92991610676589,133.7974331829579,43.60937290925859,25.59101777219366,712.625480152421,2847.5384145843914,4,LOW
18.92660936344316,46.4652230805857,62.9064942205479,265.26578380006384,83.5752896252189,16.402290625679118,546.1094699235625,991.3815667672627,7,MEDIUM
25.42144507242981,54.55941691998998,130.77466126153095,655.8456999601185,77.1610774806031,13.284892703627783,2310.6743733497296,60.19627473688198,7,MEDIUM
23.916585578224044,69.8014473007614,95.78143467600668,303.0964281283266,86.15611104059532,9.176843109406175,2600.3795422531916,2740.8389576624495,2,MEDIUM
94.21513443555378,273.5376243967506,500.0,1000.0,81.07677563374864,36.9635187753469,2870.1803559844216,1723.2102290995772,0,HIGH
11.120998232410177,4.455706452349062,12.870133589292866,22.81564869842458,54.60460914879792,21.86372867901725,2881.996481560293,1762.83403624879,8,LOW
5.95378598360796,9.464229568960583,18.28786884058684,24.942612076393573,53.26082327431128,30.900662955281,2985.6472422996258,2454.4507160170924,8,LOW
27.983034600631232,61.32878804646748,137.3519948027711,505.47955601704723,58.276484860820666,31.26041839920532,524.0815148187585,1210.387938064886,9,MEDIUM
12.446763685911293,5.701826716889812,5.256484280822477,0.0,76.93585579085483,35.36512418954029,1371.352940360631,1289.3448121913743,0,LOW
2.4175971698772702,7.918524877481843,7.063725318256987,0.0,12.295192950699853,34.72730054599536,521.8214284401427,2561.8865527578623,6,LOW
9.10639343326011,35.12074632420394,98.5998501675333,376.90614605950464,77.56551795163466,30.953837167616754,2130.302937947416,1500.0393229023198,1,MEDIUM
81.72133916655923,195.87096922666282,342.97616214818134,887.8796712823972,86.76399650232396,12.755888225936776,2925.4572186554133,2220.6342993811577,4,HIGH
10.87998165606433,22.212725724431934,43.24744636633335,158.3234011450525,85.20907323763393,6.35215818873034,399.0458501695846,2719.852869655432,8,LOW
4.173661563581733,4.539507544481278,9.503614135533814,7.3219180967522135,60.98526062590732,33.80924005257208,1721.090156395466,1211.0961749778603,2,LOW
78.58427363691189,158.39175019042804,242.51063115247837,603.315694043585,42.81410796999208,26.160999945568133,1739.8109935927462,2672.3512845491127,3,HIGH
8.800632204445321,22.587415779527305,42.68712324814068,204.13825596385206,93.71441202165933,25.50593291731288,740.8422750920367,1015.8264672483031,4,MEDIUM
111.76199231856299,298.9176357221391,476.9795709517216,1000.0,89.87565783312962,26.503282851435536,2550.365230260138,2792.252125454737,4,HIGH
16.88869830209832,46.09039566828248,102.54645315511118,265.36773752333914,63.12251409508776,10.677101005990892,1365.7515399637373,950.842143450131,0,MEDIUM
64.37630007141367,193.74600532995177,456.2166867817778,1000.0,68.54147523768087,13.963398096529785,1435.254363930979,740.9639332114601,3,HIGH
18.61448467162482,57.01765797731614,135.99406527039,601.6359882970206,78.77182095965792,38.107721809474256,2897.2874782365957,2176.4231672292035,8,MEDIUM
30.3108618593373,67.24444891773804,156.25884128385107,307.9491555322066,69.93427715236919,30.68907368118763,967.9359667863803,2769.8957027832416,0,MEDIUM
20.276811009779102,54.70088107304931,73.64923314648631,249.7212788277782,80.23853999091712,35.48311654061408,1340.7636508009407,2316.036132956962,3,MEDIUM
18.717624454575937,56.42861787134603,97.72657867260968,220.39398302249091,45.25723701184201,11.467031136303753,2379.405948245954,2233.3595575444724,6,LOW
26.426135922294424,63.972254300265504,96.75482242602287,316.6114801937721,61.691362441499045,45.70698107782667,1595.952839521507,2920.424896100912,3,MEDIUM
31.054431932963524,56.58665839154132,141.25899863439759,443.5476653051687,59.407407509173225,23.631986277458967,1929.2339653938684,1694.4569880251406,6,MEDIUM
25.04613724327725,65.02874288428974,115.00704185269605,332.6243611516903,41.47263717078746,35.65359939036191,1590.0954715436237,2668.4767652863807,2,MEDIUM
23.282839188025097,30.44452599659797,56.3084975263464,227.06215861007522,82.88587437299263,28.282660984002103,1064.9789109353255,159.42898225014886,1,MEDIUM
12.530345042075744,19.78127949699615,33.21571215233606,117.01910210509448,61.70357411948672,28.416153532932633,739.3633232258553,439.86234030424674,9,LOW
20.842533622365654,51.21086667198833,85.96683663081049,427.8869024828053,66.79753939864695,43.92902352725627,2595.362214819039,850.9004838442814,7,MEDIUM
59.36409070257764,113.98717353495819,184.54329889849475,857.593434892942,45.243783398889434,10.517443325327015,1043.0742446517206,2841.0685612363695,2,MEDIUM
12.074080633561238,18.64838587874782,32.44397181410069,175.1620012490032,68.46346661845698,8.739510989904282,2992.8919267944566,630.9422823584126,0,LOW
26.960320029472644,40.12087385031705,96.68810573918856,426.1500843097334,77.32619156217018,10.052915172759874,327.1736220535134,1180.0941973161316,4,MEDIUM
48.15398256212451,118.03405937431798,240.4609247987928,733.2710732578701,94.76446924495852,54.76500692509171,2681.2576661721823,154.80869055006198,7,HIGH
31.230167889328143,89.7851225994154,139.06485832645697,671.7894018667981,87.70890303436785,51.35740646283221,2857.8944153205607,280.6566529392293,6,HIGH
41.30553611894378,95.09887144339338,195.2782841612058,703.6246652125216,53.35953809506101,40.027673795686546,458.50335204985674,1768.8122067955533,7,HIGH
8.681171079784107,19.916323198726694,49.57655812711449,95.91037095644188,47.268367004425215,27.377290596819304,1994.4480235611256,338.3266718404736,5,LOW
27.007828813224076,47.32962091875275,122.81575278550065,370.25862880240015,69.08566979478805,9.253560534511081,2413.233608632056,2702.650372722174,9,MEDIUM
17.943160721489427,64.3608663753019,84.86569019844019,301.0733305909336,53.43340550151575,46.04478458891988,1961.4812520839446,2663.111988959687,1,MEDIUM
18.517566357653244,61.409384239875884,139.4259816353501,438.4998857954402,66.98569008780557,14.472129975831756,2676.320926193897,1885.5334101666483,8,MEDIUM
56.22291629568447,92.84794366947095,166.4595317226746,735.5212713053484,60.149633644154434,18.64210243348751,657.6967247858124,1219.0467681666912,9,HIGH
18.73688118370818,51.41423495364021,93.78177531656175,261.11598036446384,60.22318574914721,47.03959710222247,2861.6437371540806,2669.074537558966,8,MEDIUM
27.61174303690669,58.54091550307411,122.31837273750524,309.14814211538516,62.60806285102633,17.86672035484667,1786.3725298304746,1489.0611865700998,2,MEDIUM
4.179047669895436,13.408401381947794,46.123943313957945,126.51544204879747,69.8927549581483,47.22882445040071,1229.8071571341832,612.3132032679595,9,MEDIUM
64.33165510534363,177.8846138418318,385.5215386188169,1000.0,68.90056485093527,44.296928159701864,1717.9982208304937,1069.6931064824455,9,HIGH
39.75704466781271,81.73078176498075,127.18145365904005,404.1965000477645,55.555795084210814,46.864512038537924,1216.1506740982632,1121.2725603077754,8,MEDIUM
21.40954759662142,55.365134721817554,104.96163694484694,328.7191145768809,81.13578399457172,38.71456009883855,1529.6963470294568,1760.4366443242309,3,MEDIUM
17.35182392168058,31.898291333230212,75.20871267155734,272.8194102623137,80.34770371872527,22.60629108002479,722.445966112986,1233.5587696625657,7,MEDIUM
33.374997480995845,75.89543179626286,107.79818976450535,507.72846083216547,82.81339878674778,37.65839374842918,2580.5479649022686,2463.924609466844,8,MEDIUM
47.77997489761976,148.60071450618366,226.61643866765567,793.6557091588513,57.68345717346107,46.45538580484295,1351.972083424311,1898.2078478601616,1,HIGH
64.88258822313892,113.26577016125582,200.39686795718802,742.920706427872,75.7776662873737,42.470977840012324,1560.931269287772,793.7671327680599,2,HIGH
38.90187727249301,95.44682816696285,147.8091031079774,402.42154693050276,81.15146583559061,48.101403024936666,2755.854977689426,1236.1386555550423,7,HIGH
23.508835962469032,50.09493044796066,75.86902831938002,379.09734635209327,57.67940986327618,54.176548851706904,2748.9054713432056,2183.5786420951695,8,MEDIUM
42.85669452237953,118.9763507868972,173.01950582798648,635.8065408505768,50.01064213468265,39.507263368510515,2427.8217601218666,764.6264333823417,6,HIGH
37.83078841090367,83.42167847743893,168.63151325587407,704.2070284861544,61.45945105035826,51.406360270236505,381.04196153226246,320.319827636795,5,HIGH
23.574112628159007,25.951455041181404,30.25197894723549,71.82264102897733,88.03646976001129,18.58889025554715,2747.217015552029,2147.878412020701,9,MEDIUM
37.103518574344655,70.85208676020844,145.93555690125808,553.0494852400209,83.7911129858363,53.67413704236536,809.5867156956317,1249.6399443721195,3,HIGH
36.64421679753035,75.60726784907476,131.07413247244017,408.5840732406922,95.72653288530898,50.51622832821588,1483.3882138014333,416.62207721258443,7,HIGH
21.32012789013065,69.87013698208771,118.10851589341185,414.066265240637,67.4207565746393,7.062148891109322,2738.075333003065,1464.4348390023574,9,MEDIUM
14.931907770944505,19.55393496001365,60.02481145583519,268.75565686585617,92.24491505808417,34.522389357528795,556.6182982579277,1702.9260012587129,2,MEDIUM
34.56253499212857,74.25184630628145,143.65068146948988,650.2485791681667,89.4381429535511,30.148584744771608,659.3782110186386,125.98415858663915,0,MEDIUM
9.551601210646679,30.207347825741792,66.66805484018462,186.33316150519363,81.44807777221736,45.7802626307646,1855.3557300142625,2383.804346796732,1,LOW
7.788710272917344,8.463265523247262,47.78510318963024,236.65865944756425,51.98028221865313,11.317006684974587,1562.8310510610825,1499.9575214461245,6,LOW
27.91471344449143,65.4295331920396,151.50593447940432,414.18352167769757,64.92495056454575,31.38196367068284,1352.127163204809,125.37082519651491,2,MEDIUM
33.93646834259057,65.88770899684106,132.8320629245935,472.2342066607049,40.94558274292896,30.063189811194004,2486.0919891140043,2592.2694543280068,7,MEDIUM
27.769858087015436,48.517054971924466,111.37824955267007,261.69173391913546,94.42739825652498,24.77695146327675,2715.6351737187783,1776.5073610532918,4,MEDIUM
29.894066350374207,85.87808559539644,170.87462566014378,507.01791862699406,69.49494247317224,54.60913776673813,2976.8568455189134,2891.5946533410224,8,MEDIUM
33.55178007895103,107.74600638542232,230.55637518807058,1000.0,62.8094175978676,31.977319803910195,631.9953946608916,879.5938083152606,6,HIGH
56.357985270402764,172.04045841408396,404.4771501268336,777.6858583585096,83.38875532160536,25.662220206454506,2125.864060469933,1267.1972599066069,5,HIGH
39.34404081013386,111.416368313906,230.97922241199856,1000.0,77.89036636140183,47.820169186212325,2652.6255586953143,2005.6667187265796,2,HIGH
38.5658985490161,83.80439901903796,211.4103750927653,660.2075335961034,59.090288333880906,11.952720018090314,949.3978257879365,2746.2455172515747,3,MEDIUM
26.439100430408857,57.52206634403397,126.13264688758105,520.5308102833702,54.27699951654063,19.37811502627355,1596.0963456459053,2383.938667247645,2,MEDIUM
27.131079379175688,61.949442210980955,89.21192286654639,196.95302637467933,28.366806053562254,18.944596026790414,319.35355937481455,1946.9066612926126,0,LOW
20.06726373710839,61.245498771703936,126.70423670480804,506.9247431079154,92.8609292197674,51.685034265547,663.4540919096552,2396.7762558653208,3,MEDIUM
29.292084714488496,77.05566388723447,120.05327903353735,551.6438504201449,93.37709788128254,49.01648579991797,639.0235433085063,329.7843404654135,9,HIGH
9.141332629452442,20.575182692219848,34.0092000503847,120.22194464996299,95.99338197257782,35.334217514951135,2210.419432289019,2186.3287551752355,8,MEDIUM
56.52515492573292,142.9029915151324,232.3214026080757,680.1528546174418,45.84304010364736,20.98147140729045,1980.0729040698288,1756.9529714871921,2,MEDIUM
11.442651123216137,17.37622094697202,36.07816559074573,114.51073161560362,77.41088635513277,28.405188595656213,404.48255288799913,859.0452221750093,3,MEDIUM
39.29158499620793,124.50654715897345,178.0026760876726,794.9141166045891,73.9964778010893,33.55732694501753,1908.3752833395436,753.7200482407544,7,HIGH
52.01653496194869,153.22758004583665,245.36898385781768,578.9491604189622,79.55793087589699,32.0043419725889,483.9855404946979,900.3966229668415,0,HIGH
39.23044877908584,73.39851534622233,112.88464768330729,456.30397124933967,75.9164546430504,17.796767232615252,845.9399866536947,412.47457326681405,7,HIGH
86.3364387027105,172.61382843874287,366.2887435278427,1000.0,80.06257693602569,11.524380201015678,2733.6792995211304,856.1019497538913,5,HIGH
2.992241398564077,15.696628656305446,44.06261256193959,166.825707860332,86.82639225569058,50.381817869872876,1507.6116270463588,260.1961384360726,7,MEDIUM
15.702726714415846,37.08196902804768,76.40540497896296,217.63691959984683,90.95234984001004,37.04236714732397,2409.6349848141704,2034.5798246449367,0,MEDIUM
51.460486042188805,156.33307871111248,290.186339267284,931.9885614464977,93.12796483243172,12.254619171347043,1148.641505565115,1561.270304139155,9,HIGH
7.507708521771489,10.196812960435981,5.990969635238567,24.320658867816494,54.84833710086957,54.492174027685486,599.0908179302085,426.65897495060614,6,LOW
11.739730986335482,27.67850558514466,63.521197441617986,217.51733755783937,51.37934486221204,25.563865807219084,2698.1175045366845,2106.7264668367325,1,LOW
32.14006861789285,69.21716898239407,93.84610844150883,342.8430763850171,81.41454138672111,41.64850590469291,742.3330955231431,575.1344040339984,8,MEDIUM
23.303003106349536,61.051139986449,160.2759564419999,799.7658650272566,29.956503756307217,13.83573605718581,1244.0321628379795,1509.9129163385794,0,MEDIUM
30.807363299638496,72.00636265587622,161.68173035090717,444.53198041603935,34.94471509584021,51.63828482414255,2193.3331392356704,2764.3122014801434,1,MEDIUM
24.743787217909116,33.8828374850028,78.34658051281595,267.85026981496134,67.77243460594708,8.960365347448953,1897.8699041413195,2294.7113225063317,7,MEDIUM
26.37201703291489,81.90822930686275,135.20866048573862,574.3827386295171,39.3224326586355,52.79108215751426,2805.5731382828258,1773.2085090722733,8,MEDIUM
12.7192264873757,30.60849707702073,40.16164961393124,162.01898777612797,78.17464780129643,41.356129586165125,2966.7104603634466,1775.5118281752896,0,MEDIUM
25.783529857448585,59.24264985954056,110.09192319369639,576.522959290115,63.41692258524125,16.362228816929004,695.9034737506545,239.3679681524723,6,MEDIUM
16.54483705784561,31.489842246470023,78.01855228236771,285.57942038395674,74.83977074392473,14.04528702062526,911.784412563245,1309.680666793622,8,MEDIUM
18.318110455059173,58.14441772227725,128.41698536903698,330.6133148288514,70.21438627847067,46.85504571102953,2025.740192401661,956.0091963870931,0,MEDIUM
38.93815178265945,99.88463258447067,187.73996475476605,613.3338958994932,81.27696257253206,6.996197567552649,696.1755000994135,1450.1754409591695,0,MEDIUM
7.15865916588742,31.713005267058094,70.18453928911235,143.5247069275606,54.03300715521993,10.714005888840369,1763.9917992968983,2856.7012833651725,2,LOW
1.789119783813831,0.0,1.7253080191646482,0.0,34.95836173404293,38.64280397620724,1306.6386776134468,2370.224685526975,2,LOW
37.07058974183602,125.81686863848131,254.66016351873085,629.7511366013036,78.45731217188636,8.868349633856266,2697.950928627976,1849.4313832310374,2,MEDIUM
25.801793120227423,79.44122169670872,127.08181114750862,458.59146551776405,82.50968304567503,32.06226975296492,2778.85598061865,2128.8345655531625,7,MEDIUM
51.979902410104735,100.74773436869617,208.00682480741935,634.9033242686164,53.79850579236874,33.70264091788688,998.8412559774031,2205.2689014194943,2,HIGH
12.004739105040152,35.467745438813324,89.45213786673902,263.2976961226457,75.94491736302102,5.893574661153479,558.3038980963822,1396.3007032000564,5,MEDIUM
20.830068501275218,45.48219361343951,82.05729772419124,195.97389659816292,91.41728933851091,23.85815903994601,2975.915459894746,2605.754004864961,3,MEDIUM
23.94463137277495,64.54594905244656,112.35527452192244,436.098051366919,42.977705087929515,6.4265318716360165,704.7176758273956,1871.0525440987892,3,MEDIUM
13.999665466426643,24.941165850936915,31.219095805409054,18.133202124794394,77.55997851944836,53.34426740308925,768.273982095873,2227.199896351024,9,LOW
10.766177867228219,33.6821501638,48.98564697252474,246.69661657105618,90.00559190564447,15.766085744252097,980.8678534022589,82.59375703529932,3,MEDIUM
38.3266721199827,110.8571305077995,242.28005348702555,1000.0,65.37617334831216,39.485501413596765,1220.306024427543,1636.8565648914814,2,HIGH
6.5216968121889405,10.98587298191461,16.45501831839626,57.56826206722303,80.87568692925,38.68828125290435,699.0037075664131,1124.3443357585634,2,LOW
9.304590001379346,23.259975413561012,55.711616225936815,256.120711697173,48.10656124759936,43.61159415092983,1170.0238117826416,213.4397571566652,9,MEDIUM
20.318820554686795,58.12030875243668,136.94961770598348,442.6575381952524,95.98236970261773,21.766378909086534,359.46488736785386,1956.093513918716,8,MEDIUM
41.326705476117056,70.10636478636194,121.40369396755541,256.6504082308278,14.623629071658561,14.219900341434217,2462.65598403652,2789.8427669580556,5,MEDIUM
14.737331975025263,62.950501487624784,107.95262275213297,274.92868656031555,68.721203392975,31.52511060959968,1011.5906174578483,2211.6294039820154,5,MEDIUM
13.294179533797674,28.04186180542231,52.41547253937165,237.96350712617667,64.04482069610451,39.716835324037284,2508.01754588755,285.6790864606146,5,MEDIUM
19.438365054664512,32.905334805335244,51.519722225404806,199.6358618332175,43.50016767366691,42.76506694378283,2046.688759704685,217.23758914533698,5,MEDIUM
28.87312395025152,100.75477236068551,233.50758751601543,588.650108491574,74.04298953752745,7.445770110747503,1597.4744612590516,1067.8448413364254,6,MEDIUM
17.236886391202088,28.842216935964966,49.9441474914494,181.25975613537125,62.520451701473526,42.63298733655724,2925.190671277763,753.7159758628572,0,MEDIUM
44.84850679066442,85.75086364453487,122.39002381319906,486.24246567077586,59.25703432079954,10.621612716476898,1344.009564510077,131.33773455699645,8,MEDIUM
46.09357877644517,104.85293324672666,140.70494517197517,633.8672773718384,81.78255468499827,31.232291057874768,781.6481183876772,168.21249701801935,7,HIGH
20.318038892658052,37.86157155294763,87.37454851429688,334.1541387329337,55.039668696279044,32.77055278879347,1859.086100206545,1068.182111700818,9,MEDIUM
72.02870591304155,132.7640723788424,282.59306156597063,1000.0,81.34763542335621,11.352509644345162,678.4042677563689,443.9394594457924,4,HIGH
23.55687573355479,71.96980564546858,120.62712050052191,485.12301689776154,78.58400889265977,53.19989628812505,1047.403204286446,624.2657467563392,0,MEDIUM
45.08377879137768,119.60977003603693,178.50638735905238,373.17995744905835,60.34401084642268,36.900820915490314,2750.89567756899,2615.080133599983,3,HIGH
28.316492286002557,73.53917793491607,115.80309386069254,498.97398554634265,42.011207865569425,16.19457219218114,2708.828214258066,2981.349842518916,3,MEDIUM
27.950778822417803,53.85512681207836,90.3932963957115,278.61087611491905,88.69529921331146,7.544883886764815,1557.4580772387992,2423.5087328246427,6,MEDIUM
5.139212616309154,7.589706809100893,22.843316013568703,98.13703229197853,60.95875193419575,43.75117122824321,1591.3310440212053,736.6622007327209,1,LOW
8.620712737768597,22.707074505396537,60.26805866047015,229.11884547220285,88.40765202038205,47.065782093315775,1830.3159448486192,568.7335010294908,0,MEDIUM
17.928735041113313,38.814089548428555,71.82300531918575,215.06704769069864,83.55787046792547,9.531503259922209,527.2878457570641,1756.5032192431051,1,LOW
45.865870879520095,80.63938535062704,134.62140981568783,342.99377839888984,55.42095399059199,17.87153475789562,983.5213434638036,2362.541197591282,6,MEDIUM
28.59800197957712,27.290830909572122,44.672755646975105,182.24867333208388,66.80744384795113,37.118893999443216,1865.9603520145956,1989.4568510856395,1,MEDIUM
18.05379147626929,32.77379235306815,49.252444695627496,245.47941554286137,86.22758677370834,25.94885678860819,1167.1486680699031,2421.067723479772,6,LOW
34.162094586408855,62.62903528752446,128.43496397370282,587.8121076709461,77.95897369696445,22.12561442706019,876.1550766006462,1486.6415669968533,7,MEDIUM
44.760771365475456,107.34378764736321,221.61321671098568,872.5327050557516,55.18486484681316,26.22256423857887,2047.8742178854573,2963.915624809708,5,HIGH
22.504090513594864,68.19022352244504,169.7571202502274,498.16511990863813,64.68702570126102,30.26522737638658,1829.3766409554391,2371.2608707897657,0,MEDIUM
26.260089017332675,37.572655526800155,84.90033787772086,271.0273332725392,85.46365576564256,14.233129458647248,1183.0966086501371,200.27711392670503,1,MEDIUM
23.934237552306747,75.43145990925433,140.04685209396652,640.6673590030468,76.61756000051477,24.403159958122302,2830.956441251155,1123.961804062942,8,MEDIUM
21.48187041054705,57.279967138163556,132.2311031693814,410.64735228312594,71.98648884890977,8.491271985808892,2399.7621377511505,1700.881703039375,6,MEDIUM
11.896598179233166,9.743495071891015,18.486476072135822,37.78649332137277,49.950932300789965,5.302782032982868,1909.5824549478507,711.383209811759,7,LOW
11.138546201450092,33.12551333803542,54.682154650801465,156.62146658883026,85.2808790686173,53.75966658317687,865.5569634400912,1239.885198723277,9,MEDIUM
34.01708003821363,68.4404622997528,144.4948153363291,286.0885832304471,91.65965955701057,7.740393033993188,2049.8608857649288,1907.3515656920022,4,MEDIUM
45.32063552730896,138.4516983382029,286.34790603667983,1000.0,96.53980604957528,7.173894739366272,2156.89399207926,1678.8954960572842,8,HIGH
18.027040833321816,57.842024677542284,95.97830591042081,336.7303022750643,82.00916807240148,49.498098784466286,1869.4195675034864,2591.2770992039395,4,MEDIUM
17.710816957344377,27.57427250699252,62.65676238856504,241.3031846999642,63.29753497737486,53.8018405137094,2022.4927822602865,824.4083322155554,9,MEDIUM
3.7918723625986352,6.2988372139334,19.528322180201645,64.89777500964283,54.341970902125745,47.22674129777219,738.0169753866076,2767.3726241140166,6,LOW
3.0470271888509677,0.0,0.0,2.5025625996089618,25.53545868669754,11.977522636206967,1204.4816420711177,1000.3258266986983,2,LOW
53.026436455549806,167.85906754282996,233.30734601743038,803.5152341709504,53.915109600266085,36.97658349257874,2705.011272860246,2765.167468077381,0,HIGH
12.553486760424217,7.468611208255194,0.0,8.964211330158633,89.44248839120228,39.84622620700471,670.2023915146626,782.4471431078025,9,LOW
90.12931586915002,183.93614925108147,354.9760322161711,1000.0,57.833895841034135,43.58312527352881,1892.1660327125835,1547.2520188965486,3,HIGH
14.421232018550679,34.2048521515661,92.75412995767073,339.67875597921324,77.27555099298648,10.644443429262648,2723.6693893983174,2800.10807566029,8,MEDIUM
5.317010837294112,8.73827442447389,2.957413067612425,12.764818273692473,63.3983980975639,24.537636551672914,338.2206335027366,868.6209576879281,1,LOW
24.07084852713546,75.0495210291935,165.98703745514706,597.8942948551336,83.28277231454453,18.80484618901672,2911.2281281377223,2553.8193296914483,4,MEDIUM
38.02773659512921,71.83911204030316,122.71366924825166,471.8044021644017,47.02841751612573,37.72580063010896,2685.023403451863,1528.6311616604596,1,MEDIUM
35.24103145233507,42.9143293478084,71.40477101578718,254.7996533926269,77.21231752255791,22.180075764866842,2230.6768298722054,1288.3960294161575,1,MEDIUM
40.57950352147536,85.5126856797209,144.45603106630645,370.9197435300945,85.14975180806316,30.44113016554133,2214.6635834089084,2007.8825852733291,5,MEDIUM
9.96201151749402,10.246374926634315,11.262445406095193,86.88357240763341,50.240086233054434,36.32187291951985,2642.8525926293482,635.7257752178938,4,LOW
52.21296698563482,130.05432853298845,285.64070040044265,895.6555815903434,50.830300230267426,48.29053000590201,761.6797169962682,1993.5484990885207,2,HIGH
54.19863256337081,95.06982781677198,153.5220441758168,427.6648289963701,77.42289777031473,51.04584162089075,2189.823018637881,571.0477654110596,3,HIGH
55.72638564467099,118.51050283683297,207.89992409140766,844.3568097040769,89.85813193803612,39.67239201092538,1227.2968874974895,2147.056033792371,3,HIGH
26.906022784460006,57.28403041766313,117.527120434653,290.60074780676774,58.882421249616456,12.819565653677014,2664.224787897486,1851.4166629318172,2,LOW
16.976838454831938,28.345559930638895,72.66807486124405,370.09033980979683,84.21940379393746,49.44585718310967,1739.9938591696073,462.5860180669311,7,MEDIUM
15.821214698636549,50.05371080389566,89.99994525532004,276.64163270980754,70.68262732949158,15.225778677899383,2367.705074118258,347.0179977464881,2,MEDIUM
5.286893806507418,5.954061418176835,31.16102297211023,82.16940902309575,50.912484647373255,7.659414544376043,750.9696559519352,1841.6920494553317,6,LOW
14.677002876740087,29.83829772066141,54.99837831114076,135.5573961755213,97.99185341590892,26.863557565964708,953.5071822489537,408.38320287273547,7,MEDIUM
1.610980935833198,0.0,0.0,0.0,68.21398058965158,39.23191228407068,2563.053986192697,1894.0270168590841,3,LOW
4.566512084093819,0.0,0.0,0.0,94.20507482836504,12.468217359379526,1367.1330809769029,2997.113947989506,0,LOW
26.710807838869677,72.32150056761277,88.35032607071963,200.176076169728,94.57174567416916,19.96828599326841,1725.1266024706536,412.7788736051583,0,MEDIUM
18.497353191764134,36.627868460680915,58.95508494719525,188.63359183699436,84.98587310737796,9.002997030854155,2258.9475024050516,1447.7421051188205,5,MEDIUM
25.90277888342151,57.28552966909163,105.1515510368752,302.01248858972843,87.49767573772674,35.91032017733937,758.1539924368135,2776.9901140895245,0,MEDIUM
36.102316710689315,113.51789893627328,254.31969383347078,854.5634453302936,47.43564386586175,40.411890626959284,1116.8145277616588,2814.451546886768,1,MEDIUM
29.324329780868425,86.72660563989663,159.76165233310957,433.53593449342645,57.777633432573204,30.984337288959082,1179.2514210479358,138.2376541511394,4,MEDIUM
27.619735813063457,95.3882968990988,204.377100222795,480.50679803168987,30.042128101528544,27.22160440984285,2775.0323952569256,2433.6228812142663,2,MEDIUM
21.00220717868403,21.874781781048604,40.59330190869662,93.63296690167131,57.5011018243972,47.38508478717464,671.4895356640275,753.7101544586928,4,LOW
12.177857717374973,25.19152379577174,35.89208752643166,124.495207652608,64.9607502116004,25.959287516569912,1302.559318852796,2252.3767648971207,7,LOW
7.564615126019344,20.272819368658844,39.31243503961343,69.12126617263861,85.8483177591614,27.088481927066837,2890.15516140905,1097.2592715922897,7,LOW
14.988388568170478,40.94907239499675,69.9800672996864,182.5100910813689,78.56595933832467,33.866404885931196,2554.149013506923,713.4224626513479,3,MEDIUM
21.261054576790848,62.33527411820556,113.95399803638757,342.78135842138056,90.50191560324706,40.19247119572687,2110.254098278098,1438.6291202748334,0,MEDIUM
23.248985803266308,63.61602462939751,128.443430602787,590.7699473035937,57.09227383302363,43.851527426081894,1782.1163551187624,568.9601190694403,1,MEDIUM
40.637253691302256,82.73833167375014,200.88037210531326,588.3759883902924,61.08756163653417,7.040998446926723,2564.5726301732507,1301.3765562936198,8,MEDIUM
19.88317331276722,33.49378788787256,62.18568403569488,178.0146340270236,49.34268399492621,47.55782882709995,2855.2703137575118,1214.7162570045837,0,LOW
32.64829400653324,81.12406342553895,157.54732619676128,579.1338987050206,52.202908554174265,27.566092194464794,2794.99303403291,2890.443198219207,2,MEDIUM
6.0581880675500415,0.0,10.755942584915353,55.23894083372913,71.0391683040048,50.2936233561595,2025.6354501164312,1649.2642477651393,9,LOW
26.976612803452227,77.28185340169794,166.41915230794987,371.28392553841724,82.1693306387363,31.81716030273528,2265.2698334933275,2106.356913675135,3,MEDIUM
25.65889321479689,70.87542277916111,94.8139870133284,395.63664855886,70.85498437781736,28.79165526431441,2393.326894890599,566.070229880364,0,MEDIUM
52.22454776161105,116.34876016171481,242.01449346339962,982.5164892101038,60.07795358856449,14.769322311698525,2485.2378952430377,2992.041344607581,8,HIGH
18.509769803245067,48.67991308557896,80.2310293834061,355.9266388832839,69.30074095212288,28.480206243380852,2279.292942520563,1518.1579667004569,7,MEDIUM
17.920435256935043,41.15743080440378,78.02349805639594,367.2385928050344,73.59259750415627,29.64648313493692,785.8625190959774,271.93093419330637,8,MEDIUM
36.2726710059703,108.74563104142653,200.4687791948389,747.870996441175,60.41818513365785,49.72391433569684,2350.86680860969,1847.3931942107943,6,HIGH
8.117056362833202,41.14786976048764,88.95421530616804,380.90680768265605,46.77164210571793,49.354308696938254,1354.0191271330368,988.5315971579479,5,MEDIUM
26.48619419094015,82.75579654466733,155.139344587691,507.6050591204058,23.58904105570453,29.3207333329451,839.4558522135536,917.1006531978553,7,MEDIUM
7.741669928612101,16.501530656763094,22.12544327552053,76.72637468156196,54.30813826469091,48.37836822298013,576.8373283038708,985.204771977295,0,LOW
67.4942284049686,136.8699862273322,315.6779054571364,1000.0,85.69608705817356,47.71953678300862,948.8475700748977,1378.7292621015465,1,HIGH
16.143913244199076,44.860933852353234,63.82799837274014,183.64272984305245,56.15807719656548,52.41925370006311,1670.9246348637823,897.0199880628131,5,MEDIUM
7.27735371082824,14.096234204869393,6.484576730954153,0.0,61.67572211789767,23.08016569755605,966.5729380524199,2347.099047347765,4,LOW
14.903043811064975,18.589871136293382,50.03697783720183,148.3687962584533,54.8618407938552,15.611406712660049,2097.957128698503,577.929734994952,7,MEDIUM
26.600228972650307,72.67538834349575,173.78577894731126,637.1304551156019,63.09788050294019,52.196224417106585,2903.8612467076246,468.7208666603291,9,HIGH
31.957346895620702,106.22429818649975,163.5893879389842,736.7821764397197,75.14279097588225,34.24306736926049,418.92605708174756,358.192855755242,2,MEDIUM
50.46494308253551,137.11819208265393,256.309453187947,670.3312926197276,40.095519884333605,28.332879989528827,652.7646815480105,1260.56402111986,3,MEDIUM
13.499801710314916,23.69727017235519,44.16183965128624,178.14642859166776,60.940676209496026,25.57291448461299,967.65949635637,382.9823164385585,1,LOW
37.38095429673936,99.23925279330803,192.5408218707537,398.18679693332695,58.1266547867328,9.237603948910523,2471.776626531568,123.92262390398534,8,MEDIUM
4.571459340635411,14.89850055190545,37.297982250890655,105.92867263656586,68.32804109331747,15.20472318765947,1032.4301714173967,918.4959105962042,4,LOW
9.361623624787546,34.41916947120489,73.05363969360023,208.41724608715433,66.27909655612098,19.579132656795196,817.1256203513051,2941.0879128733504,3,LOW
6.226984669485931,0.0,0.0,0.8433049937083695,78.74977262246216,32.565845785043706,712.7389871969906,82.20547072228794,7,LOW
11.607411132850505,37.12490302981915,56.6755029229802,193.58163216503388,81.34107731474133,30.835584581412903,704.7781189372308,238.41237526547908,4,LOW
36.25964232745196,90.80161040679513,105.9407730242551,242.22346331874155,94.26339863634988,32.14332109412797,2243.5107482083076,1770.2489797335509,5,MEDIUM
13.766355496686721,14.330314308515419,11.937432180763464,4.005140386240569,61.60285029044551,8.823074966787138,2211.9301615254653,1518.7428132107116,8,LOW
15.924314551661038,30.09672397134591,69.59094344530229,298.13150888442897,77.11942118580907,5.488659760753141,1140.0553392306463,357.7195572939493,2,MEDIUM
27.10445223355991,47.6008888359623,98.88015015541075,289.2855934114214,53.85156576706057,28.15759841553501,1513.4939300600613,2689.4383142182924,6,MEDIUM
31.046233446955632,86.23238205409933,191.80165457872536,787.333084103554,62.15731573992008,14.674126594632277,1996.1160970290666,2039.57327025835,8,MEDIUM
16.306234396294144,36.76647114486802,75.35450494534858,315.0360569529587,50.14916589712163,49.58400671680947,2932.659063481939,1509.3197562955977,8,MEDIUM
9.304205620914955,26.12730109671876,33.97690546669156,77.49315525031022,82.59341947600107,26.54562849408359,2306.495969551457,1654.009211329454,8,LOW
60.55191936924129,159.74055428618874,281.4130626093358,1000.0,91.2236818578093,22.59961660861547,2468.178539549682,2398.708633824827,2,HIGH
16.390881122243766,55.18798616127135,97.71173601943535,433.5117532846709,75.05342158975502,32.200276625466614,2939.869430519237,339.33647694480914,6,MEDIUM
17.68544229643338,50.70255609264603,105.76910673966708,430.5132589938858,72.21249181070202,36.4300925859004,1328.9622355101585,2802.842468442137,5,MEDIUM
19.428231313513493,46.378849524648786,109.38282252104838,467.90576882953064,25.33143946248081,9.09836813669654,486.5693668188905,382.27199967808116,0,MEDIUM
33.308865633558185,85.83959666107035,139.3174969478039,557.9735634731258,83.15646461647887,42.06690959591926,2316.628375237773,1402.716578218641,5,HIGH
5.746381990831689,1.1030754135190692,0.0,37.61912254994023,50.04594830690491,11.878943673553444,626.9600819307078,780.3672747047166,2,LOW
75.72160815990173,227.6626593793385,395.5481188161484,1000.0,93.99471763116206,24.336632576280664,1484.207584045398,2012.3766339332954,5,HIGH
17.312179934695628,32.272988473853474,69.44009314502347,181.4590323858538,56.39089163717498,22.843381012040037,2293.6090574918035,2527.498480157269,6,LOW
34.07713516130716,79.47439701303378,204.7674555667705,796.4588845686021,71.2388776299363,33.45809270386026,1807.5568990068284,1869.1811647453894,6,MEDIUM
7.357351250850479,10.857118521302116,21.73754217206972,38.92610649329137,79.89700359906871,39.47338553352742,1291.2925292597715,710.7346420350063,7,MEDIUM
25.204747876303152,48.902381611725346,78.22333912388045,291.403240231483,83.28151775014057,45.04092180014409,1688.7522362079035,2349.1677071477966,5,MEDIUM
68.40556601289313,186.98642133453671,341.31633001286616,1000.0,89.25159388233365,31.357276560924,962.1090027264311,2830.852180672136,4,HIGH
62.381946741663306,106.16911154016306,190.78956972159114,564.6508321570078,59.47610073697865,12.76959034016475,500.1743962871697,524.9141170953509,9,HIGH
33.4735615681934,76.63880663129528,190.685938270203,910.9843402993099,70.71678850119599,39.79768940675114,1413.7156876650092,797.8565025051258,3,MEDIUM
10.959329443010835,24.882720001500942,37.68366278817243,100.88477966950933,61.400983925862995,28.939975751171783,457.4493954513319,1612.3139641048972,2,LOW
48.74009632283599,95.82848653595494,186.56313204386012,487.8026173911135,40.305504324462625,34.44666623889229,2945.073286049778,2232.328727805134,8,MEDIUM
4.535379812403007,17.439159908491003,56.797222345434214,226.80069533791732,86.48092353016214,27.1853723495587,1508.617529061945,424.6097463766424,9,MEDIUM
10.62306944726787,32.432702168191156,46.11545428633479,170.50009150284546,95.81396422819704,25.814699522676833,2682.3940553492453,199.41994417487632,3,MEDIUM
21.088808213575962,37.8673174014275,82.11050773532979,301.692581078266,89.02179503272536,40.06794495393812,2869.8269618725676,1722.5284130108596,8,MEDIUM
4.980560862799491,13.974005377210208,5.123415099408916,45.84572009050693,79.93935860295868,31.205428743464783,1513.3001884055755,2401.818072204295,9,LOW
14.876441988803059,31.043363954357105,48.921809307240615,211.89492726878726,39.63810019822293,48.38987529388124,1434.9670700367137,928.0055692421981,8,MEDIUM
37.88879953270247,93.53995710664765,182.12477626761233,650.6145534362433,43.11462062440427,42.17229864332744,2712.2478894089904,1769.8047326020696,5,HIGH
12.616059674052838,10.836219437829358,25.786985946490464,126.20796281633974,74.73134643814511,28.815591153869487,393.6412521655141,2420.1823187403584,7,LOW
39.0874054852995,124.07444267375756,192.47252284381705,434.98055301756057,88.31203826588629,15.710415996471411,1615.4494037601764,135.0253347128797,6,HIGH
88.57008677862959,139.8526482023329,266.49266740291864,837.5118133261168,68.9944561487957,5.878731065697308,1025.2594781403986,1041.6839494388373,0,HIGH
29.376652446722424,81.85959302501692,128.49413363567777,487.2069887074098,91.44342817003098,15.269991780032061,2332.44776662027,944.4316196168103,1,MEDIUM
38.6368832967242,88.38618628792783,136.92892214743964,487.8894988535217,39.88889022133277,19.063498093695436,2559.151438516096,2183.0203923286367,9,MEDIUM
49.82743085504594,145.95095724360525,284.9234020285857,632.6556740832809,53.69196924640478,10.905660020238212,1974.0050472044277,2015.3460848465854,2,HIGH
15.992908671950806,27.11426007981477,57.907927352252436,201.42602048291187,77.60446225381186,38.4545518250951,1398.7228704686759,2489.0815373908454,1,MEDIUM
38.02763392305549,61.092843056848054,117.43006410701429,489.8454763167941,55.32142478292372,21.30388599582848,1798.4999441414673,1668.5004731973838,9,MEDIUM
15.687968316734562,46.672764384518075,109.92485661423271,286.52860224843425,45.923103779285256,6.512279264920357,1850.185296774226,722.2755262181496,3,MEDIUM
27.953990612332262,48.507623609739696,67.9224031069188,241.08420302056768,88.70707046442554,26.84387161020323,2014.8624181962507,1327.656035269853,7,MEDIUM
41.91537646611816,91.29095883895367,166.25309781156943,501.72946297706784,28.070859667533316,44.21569228086661,2789.9211678599086,1218.348693284262,7,MEDIUM
11.39603955807118,31.604466017932225,53.683791794334304,269.8342608203833,79.46671298588151,21.98739262631336,972.6327748835037,2019.8569344807117,4,MEDIUM
1.8297436256178883,3.734102156400554,29.428844964135408,129.47360453850348,71.56968170042882,50.11658359217702,844.2433805471093,2864.073062054373,6,LOW
10.49662020873719,18.27350043016468,17.614429659455748,90.93499812478957,80.95629204556384,47.63967017595872,813.608805814474,1400.2241485818488,5,MEDIUM
46.05044915986097,89.57068948721606,207.7513903408015,935.3979176329744,94.91902426123676,49.46891791238167,2182.5814363710874,1934.588936045887,4,HIGH
9.39368454244052,19.12475427251156,38.87753147362668,195.64446890326752,79.37216164069062,38.3894951926656,2743.1998971265034,574.2000182164943,0,MEDIUM
44.38007687676709,101.0187008875045,161.3058783909832,466.2833787170169,92.6435614413145,45.32976578092472,1182.3313681677282,1744.4645757376231,1,HIGH
10.541999323578299,10.188024162680676,10.875405032429551,76.05506592319074,58.85001032885319,24.448755342295193,1435.8201526134294,2198.818687941992,7,LOW
18.960664670381163,27.356274661702038,62.54520800401738,276.15937143895417,69.50191297052388,39.6609515341218,2914.1062544202855,2303.0491586093353,8,MEDIUM
22.177003307128665,44.25001920491486,93.91928296370772,150.6306183264014,83.03630702702766,16.19503154875247,692.2578780336592,2922.1951799867643,0,LOW
9.354568032121898,35.79871017232006,68.35262404025497,309.85210879333266,57.902841388244475,15.235937806608797,2674.7980729657024,2963.3118307357536,3,LOW
19.12023040462659,40.004058288263536,102.68943095545146,230.53169470746494,80.51658991660456,52.18075071154881,2890.0700509467956,1570.6119490191818,3,MEDIUM
5.301190085400926,3.9405274614056864,9.111249198604146,32.768173979070156,61.597138552469865,32.440853925933204,2458.663050076811,2588.7622549688917,0,LOW
17.124702043689982,36.048454221196856,59.623251496478204,247.03195352662917,66.61221156693259,8.583878248951756,1208.2958180968903,2224.5257765785022,4,LOW
20.85984680444588,39.34106869257157,80.79472702712232,408.02305149673117,77.00262103154547,14.865051069658893,2064.6689959203663,1597.5667453659812,9,MEDIUM
1.9547722360894326,0.0,0.0,26.960407371607136,93.83938775633185,28.06697107313902,1086.8333399007045,138.70188770529953,6,LOW
10.420343526542407,39.58909033167158,57.41685695223646,123.38433226516797,57.68663910839521,47.29462773030816,626.2585162710899,2932.19930593161,9,MEDIUM
27.35981020540821,58.82150854896284,96.17954787170974,313.258171194127,83.2108030652175,49.797658799227676,589.9067892724031,2897.418182475092,4,MEDIUM
8.424640781816315,2.0393397634078134,8.143948621270999,56.03199189746779,56.91998525065247,10.672886668813977,325.2274280099225,1578.5205350143008,7,LOW
30.573321679284255,65.06618961606068,152.9164098122484,430.4655451939384,54.750696032073044,8.101430094807188,2941.5621477061704,1066.0878767464333,9,MEDIUM
32.65484695338021,75.87141797431876,174.84712245556543,347.8009658297745,50.8963679257682,11.084409297244814,2068.7184358987415,379.76499422659106,5,MEDIUM
27.276655744682586,60.03532091329723,89.06223320338904,405.9360513148914,72.37845011778653,38.56975962939161,1167.3402218556812,212.6421301606066,7,HIGH
37.7243290581252,99.88769864764954,238.3952989004054,774.0007475332012,80.23259136816215,31.641475936010796,1863.5122122241319,2420.0474710599715,1,MEDIUM
4.955249049110284,14.544819072767405,45.46443774940337,123.28094181019094,93.42615290802743,41.894555896799055,1971.49966481477,1257.8472075768075,9,LOW
43.16471893121842,104.36042908886223,169.29182224854725,464.8929746200362,33.644578512232044,34.667992382622856,793.9081909497029,1710.3510028914613,9,MEDIUM
9.487603318509,29.877411085377123,42.65096703948853,144.74810851353485,48.83150378791233,9.794264927222697,1079.9440901946048,939.3565948796675,5,LOW
24.06323545051127,41.79221917575795,95.34804247177169,394.4887937812611,58.26865201983694,17.881598175861924,1777.6499356752129,1861.2869452116004,1,MEDIUM
66.68671836109564,198.13394420084393,306.25116863711855,1000.0,68.59757036280578,21.57757629033777,2567.4451484009437,2288.3689840481024,3,HIGH
16.841645068198318,41.33140941081982,66.02620477834536,239.83156034385217,65.21339296757512,40.38482203807875,649.8893959917839,2684.033042498334,3,MEDIUM
22.588270331933884,40.05280169795324,85.14883094193688,374.18053166028176,73.53548397862122,34.84260086452919,2617.506512137679,1513.4487599528784,9,MEDIUM
9.539062568813995,34.97859707108367,76.35719445756928,234.34060517115694,73.16209136258031,52.34117835059109,1944.2624935250624,935.5454949534379,0,MEDIUM
66.26599607997568,87.91387917407839,164.59530398120768,715.9293465624866,72.29384874325666,12.276134082058189,1622.0802293048957,276.5774691723949,0,HIGH
10.440397612955394,26.191238425492205,53.66676703080553,132.97939604188102,53.26878078440998,51.93131601439814,688.6390796893191,2569.3391537589227,8,MEDIUM
34.60836649957562,87.33581431036691,188.05517652438482,532.436654281991,28.735235394167635,16.00752094400498,1784.7404138527124,2568.0247818109237,9,MEDIUM
49.7699079943144,95.06636370152378,210.03418554067937,759.9520461789677,56.259478732761615,22.173350431863422,1254.805340960103,1092.482646701492,2,MEDIUM
36.854934377685794,111.82010745003522,243.53007967604947,983.1922772539225,77.12083192418889,6.728962445544113,810.211347356656,661.4181004478834,0,HIGH
28.46474666396424,45.38604377458454,91.42489029462922,432.65369530849534,80.80815966265615,19.82636913642802,2675.928305012405,2036.5011805453648,9,MEDIUM
23.799137848640978,70.99264639890511,166.54704475163797,444.34215804293416,65.22737371357337,14.985335860266332,1543.5461570594289,2282.1456138301173,8,MEDIUM
7.286874524472286,10.204596548194075,22.785090884645843,74.47256877450818,49.653287474882454,15.862558043367365,515.3412870127079,2179.374823601235,7,LOW
64.38616655763727,108.79966667928531,217.788492076309,681.2015865156789,77.79479304390362,33.61019173662186,1115.7744688106623,260.2834769715167,7,HIGH
26.850197936322502,53.90088654676768,104.85792696418709,392.9677503939441,27.980520015229043,44.03936009663336,790.0631763867743,2953.4749507598867,9,MEDIUM
22.598195043395748,65.47106963096927,101.02906046053268,287.12473106058553,83.54542620295996,42.247865600708565,2835.9619468530464,1656.3348509478358,6,MEDIUM
8.829812140439584,9.272350851108481,17.746321046894426,90.81336145684782,89.36810808025008,46.45738890413297,956.2673222747325,1844.6197815255287,1,LOW
23.404692087645845,69.99571008910299,116.35498007845462,523.7380279077536,77.68204866416781,41.56679831867018,1667.2711104166553,183.70614068198617,7,HIGH
21.571058068761182,38.55561270115571,75.28567875626318,285.8005073086191,32.12351308927145,53.82527947326252,2312.9107260248384,84.8200130591314,0,LOW
66.68558662729325,146.43695926829463,325.13084682713566,1000.0,82.82941828306176,5.923669125883392,727.9793660268167,422.68357884454923,0,HIGH
22.588173841420307,60.145962906934315,110.9175863371792,226.72952290527422,83.63462473381612,54.39480418328047,1481.2165081372732,1203.3884445780172,4,MEDIUM
23.132714349750188,42.66637734284722,69.63730531876756,263.59653433471595,73.33679620123735,25.491432280240375,2063.8597874065135,2837.0839550996066,3,MEDIUM
8.927516019311758,24.661154723457706,49.10222549649586,200.97113158844994,71.475291485435,28.890207881998492,2681.2750557930126,2197.6637169026703,5,MEDIUM
12.259173837154808,28.687540726927754,40.3282546205419,210.7723953020979,40.315347799450464,33.867501286642174,2066.0785648656138,2997.7246645354717,3,LOW
31.870396849588822,76.9929573172637,173.40511190093295,564.6793032969334,93.59111539747545,5.426163508791938,516.2263898715588,2055.629853899565,8,MEDIUM
4.020579061436787,6.468641336305059,29.389795694224915,68.06717426951758,68.58371903961098,14.085499157316285,1168.2159504029346,344.28984681429813,9,LOW
43.01145293922134,98.64176173445594,181.36933945547358,434.0748754431813,60.96301069747246,27.298529443951114,1247.516945035407,2098.7641815496195,9,HIGH
43.77925557601667,101.58315800379805,186.00280880529792,475.2371049213273,63.368724839523615,43.47586628695987,1348.3383129204012,1941.9237872887782,4,HIGH
11.205484109533678,37.019871291280225,69.85991587404956,354.58546307069275,55.00791808300603,48.50440452837607,2842.370055908391,2664.611549093971,5,LOW
28.53816150767203,72.68939282778838,147.9030584176338,640.9798928442387,73.98648497133338,12.386679012486308,396.3990508312526,1655.5200912394005,0,MEDIUM
50.82882787844876,119.41058360055858,186.85915353319655,817.8319081984883,52.79650941685045,18.149327863747896,1115.8687588388693,774.4416607510365,8,HIGH
20.301280742633953,48.16893448273024,95.2425727944224,445.5443857445288,64.58113870689634,35.368519312697835,1629.6309876004077,2211.5154155756554,2,MEDIUM
17.56495433863549,68.12734557529421,170.24103646443348,385.9938370332865,67.98097046367643,23.049152584189077,533.2692654599581,2272.5413075281613,2,MEDIUM
19.24748667468691,37.742349748987365,29.56207825484518,157.0592445763189,64.17904371179749,19.89565619579424,1605.5524939730553,1566.9072540361194,8,LOW
26.80714092288246,52.133128420527726,94.84004449754318,434.40189081934994,74.84875088340642,24.166044343566647,589.2480764684879,329.7378596913129,9,MEDIUM
13.600054922472319,17.85600181114838,35.67304697023405,120.42409619716544,91.21333312277908,40.07978922539438,2562.01197968749,1270.637778937565,8,MEDIUM
16.43454317147104,51.89301427955735,91.60762280798195,323.8778551817585,81.68015050912332,14.930004205655601,1029.2278580442107,2527.772758679373,0,LOW
27.184408366577102,96.24506554335588,139.83439312606563,603.2000204127116,96.2401627382464,8.09530033508888,1712.1301927641005,945.709596640257,9,HIGH
15.400110146786858,42.77524248281932,85.34060811019265,406.4369351015525,34.154992756517665,5.172844976783853,1969.4582068006143,2208.37704289287,4,MEDIUM
8.238785529511805,34.08494805662748,47.30278603057093,98.29602774826417,57.5062977966039,31.33349587417502,1125.4591660542108,797.8529141023796,1,LOW
3.6411978623224077,15.119426248554994,27.60042552812928,112.19207225695753,70.49440652636366,17.500868531154268,1248.5496894136393,1019.6903729243531,1,LOW
22.910725647273377,62.03540473862629,97.56776047695459,447.54186945558854,77.98369157606282,33.08193198405977,1678.3933455689555,1044.2881768098084,6,MEDIUM
48.78611327999262,85.8622829627905,156.61680423810915,747.0328268719323,89.36541806146612,49.04957596898026,2474.673686882017,449.8278308404466,8,HIGH
29.53862913277507,69.80913805968284,125.98328239952991,265.37108193549034,51.43301257005256,19.68289791662574,1522.2680679427363,1085.9351944283712,4,MEDIUM
8.530841050000141,23.547452439862592,35.58819543174197,59.39230992125686,53.49300627988814,14.17852313169828,1625.418995705782,2184.6678705300487,6,LOW
12.184801126566146,21.52795381919885,29.56487597244289,109.21634276459054,82.11084900921868,5.078765357939792,1908.8353285736507,1233.8652779760002,7,MEDIUM
17.465384927579994,49.48716554850538,94.7369988015374,286.23725668943973,57.97189314318759,54.06764616453428,1448.0708875397859,934.2210278806889,4,MEDIUM
68.0459720808478,200.6037074522078,469.7470445581616,1000.0,86.43028604885326,30.841335693070413,2260.411561946079,2117.093868924416,8,HIGH
70.3998183462039,182.9291271795451,310.9440430549673,1000.0,95.42514926855029,45.104723442389115,313.2505396941324,1570.6624169335016,2,HIGH
65.2081652937197,127.99572582179925,249.26146371016955,526.0164259996388,50.137737306630605,47.90497307020474,1604.1532831857758,1335.8022928507282,2,HIGH
24.6181458335751,72.88342229777676,155.68238831108357,488.71471315787505,58.50867284727873,54.76072415923403,2792.143686209359,2398.660072687804,4,MEDIUM
125.38763909467822,285.08229703479685,449.63455591810555,1000.0,33.216911695140574,47.98164796919884,1962.9401740157941,1176.7374346378094,5,HIGH
12.690116836988345,38.55285625559016,77.19209243710424,254.8101180217389,52.76411323013009,19.702939378466176,1613.2793046012928,1655.8260343844336,3,LOW
16.975992677830355,55.17886082051016,69.44589737837494,341.63606516468434,38.083618621529325,33.218330534227405,2384.467055772959,143.7357890878227,3,MEDIUM
40.84286326587459,92.68122635195806,190.73560155409103,621.2887980691903,71.38887123622885,53.13677563401678,1361.102004836108,1051.2776737545573,3,HIGH
27.284736631288183,58.012646373830215,78.81035348715875,218.36746173250557,69.89560330631735,36.66890125224465,1561.5631597533113,748.8648370295374,4,MEDIUM
28.38387794932922,57.588863025241345,146.04004871108992,333.2126167503592,34.35197546785223,43.45318824594685,826.9312478002024,2662.961779644102,6,MEDIUM
9.849054736220367,10.786414781267785,15.943318491912116,86.81006779078133,85.53675345403822,50.333092958213115,635.3512074514509,112.105357234381,2,MEDIUM
21.45592324002154,49.64121771114071,123.38764831550483,385.1216639995848,76.51801679135524,35.68265023071332,368.9113552626586,2115.13390367846,6,MEDIUM
12.84518422948572,19.112220473491156,35.1715882812081,155.6034997949589,93.69277311973612,39.623327794233546,2275.0740404096696,2280.786681030405,3,LOW
6.814088669110328,9.080238214428693,24.82149896423203,92.49809951742319,64.87316389891225,34.41368313427842,1564.1133082830813,1030.8787143518095,1,LOW
14.114145104511753,49.120505898681046,83.79509543033494,155.26881381765506,76.35381421763329,21.93187554340238,2836.2537739118416,808.439460914833,2,LOW
27.290129353158015,36.039332484726295,61.66508210824159,141.67189214446068,61.69996844373743,17.439759191762562,777.40333416561,536.2623409357827,8,LOW
36.496641017209676,107.83935569560887,149.56980909657165,594.6609727426209,67.20906191433549,36.676715230109785,958.7552601468261,867.457133632771,2,HIGH
3.4961747039078466,0.0,0.0,14.139086127538977,71.67976686160618,54.05618739598873,2024.5600556434888,2746.123607772082,6,LOW
22.198630150731148,67.02810998610374,108.25488865421538,322.62510766066754,92.75454471358414,50.80687447517951,447.4137512028576,177.84414197625435,5,MEDIUM
20.746837748895807,59.46758222117708,109.16118669220896,294.1817535326523,85.30192713859832,15.492963737803851,1659.2157858516946,1397.3103083106757,6,MEDIUM
26.305322975485826,36.61510163226165,104.22822844131301,265.9311377217263,76.30953127941864,47.13785562686049,633.670097010986,829.9242668517503,6,MEDIUM
8.67529659808799,7.371016493203263,17.15011603067284,112.50958424717223,50.21070324769901,6.055385441460549,735.773126492517,2102.8192723289912,9,LOW
8.831112411676129,23.84385356425711,25.6168245492999,38.66530744877615,63.780243254952794,34.472441804371684,1682.6696580256737,1035.012496672341,9,MEDIUM
49.63831734625012,89.33438025946525,134.5686168453252,535.1365869583476,87.21473891850697,51.51680617666802,1836.4911851435256,1070.585838893707,3,HIGH
11.330011285565348,33.88093014439478,53.072121851558585,113.00299362437771,87.20933706791126,52.966771399416245,872.4938112786621,221.9690163565093,3,MEDIUM
16.349387335748887,23.35009728099474,42.69181614853026,131.22053964649572,61.563603445379385,35.15289564911752,1032.3442628439002,2735.9647535578033,3,LOW
17.667768498419576,61.327296334920945,134.78657341564548,506.1914216229095,67.67124403645352,36.540713614795976,1067.090486611253,1588.6825993831762,6,MEDIUM
13.044113885782878,11.713063561418798,20.694415452622675,40.11202895795725,66.03212460944754,24.495328755172597,682.8865355930564,253.5108422552896,4,LOW
31.204232971464062,54.203212829225244,67.10176372692713,349.0354097592915,44.18951158909264,41.18192239755532,2907.4463008717034,2267.585099450851,9,MEDIUM
29.415731996859037,84.87993714074351,147.4093000348708,596.2772293542823,84.7254924959378,17.285429894756728,2168.9398133188115,2351.099224305728,7,HIGH
20.068576972877253,25.909508132909636,39.593433918020466,210.2998816312003,64.65620984249875,6.693559430715775,599.2729448533978,1410.36257095667,4,LOW
13.669042778681417,38.85343835296198,83.46807186478149,267.04795128142086,72.71963793413927,46.765193005460915,1264.332491188909,2938.4283789132046,3,MEDIUM
18.903574687848167,42.09893678015251,93.90150441926986,291.0736534617009,80.14360616835607,8.018111487982555,766.0275481200181,716.7002425700675,7,MEDIUM
23.566006191468258,37.99810667723013,79.10675138236918,216.76837997567503,48.5979574483147,38.23538859060591,932.8425599772792,2540.431285920274,8,MEDIUM
12.19721709417911,21.66432213317176,40.87019402163347,160.60744852198653,76.55481985152991,26.846543775535288,2836.5899955511277,2546.972195537525,9,MEDIUM
32.79930798313719,68.36801601876165,167.16170503255677,627.3121818380405,95.5059271280713,7.162846200963575,669.2329738974308,1587.6181532519884,5,MEDIUM
42.80166559552303,52.96749198415107,124.61590362799339,413.5308367767678,39.6419768260894,12.990792555622189,2675.491670145157,1643.3182532040328,7,MEDIUM
55.164068367506786,184.38515019900453,409.31606878863386,1000.0,68.89270144443458,10.035954384707663,2572.9545941007027,381.22260291147865,8,HIGH
53.013812853053395,129.35009131483196,266.57990741495996,716.0596596557086,82.52311131157606,15.720269149046102,2307.9042801429164,442.97788958253835,0,HIGH
17.581690297794687,42.22811264214607,82.12468023864812,159.23712623366313,56.06028843568569,36.763847618923265,1641.14946458639,1297.2134230130303,1,MEDIUM
24.412132979778168,43.31075021786976,98.52558421142518,278.4141058276796,23.331303427846628,33.531060333482046,997.5926678808346,2758.4017486701987,1,LOW
19.78476348511868,58.90167698613885,128.07428633396617,467.53639311698004,68.76206235962673,26.6468011761569,2543.6456373706637,682.8490746030731,2,MEDIUM
19.73105229118964,56.0124076632293,124.14664889965582,614.4102313502962,93.19522971818348,47.15267418572898,2552.0024072261526,1451.2594729913292,2,MEDIUM
18.80363610587701,23.523835427948175,32.04104815360968,68.5623598761225,65.86805920692976,42.65389578715618,1718.3531874345367,239.5198196860971,0,MEDIUM
22.49878907775105,64.832132398259,138.56507147982052,250.0595419657499,68.96942634332193,39.13535077173252,428.5561433236541,932.7389903210102,6,MEDIUM
47.451886067431545,116.10268633509003,249.24329493624967,714.1344287243016,44.039176660785174,34.943195082985476,820.9951874480947,1147.415416335753,6,HIGH
27.869372583682562,85.34117796653192,115.70238027015245,259.220210455812,75.40953182103027,39.80549061026659,451.4253406662468,2890.49715968955,6,MEDIUM
8.333536058658565,6.8784353998236565,6.487492976096959,38.91980930303414,47.54132323345847,16.329693712218834,785.5626485382529,619.466194857959,7,LOW
41.62317555431792,87.21567667728877,122.835697633562,267.93242796979627,45.99743063737495,17.991086159452507,1672.7374580909077,347.1188661606892,1,MEDIUM
26.051564352041893,64.11372687028508,93.01178269937411,405.34943442852006,43.85912495614287,19.905765385312797,2606.268331492039,208.5708402961053,3,MEDIUM
31.448038692195933,89.54435370274969,215.44848662330043,964.5974422133863,87.54450386628477,42.05313634139847,2063.7394476723084,1590.02829658897,4,HIGH
27.486874605287866,49.98885045483625,76.97221812026513,276.08277334128746,37.951799759949495,26.613734225854852,1922.4380177130747,1582.3836114430958,2,MEDIUM
28.369637662135844,33.31182455247487,51.37198267333405,209.45397024381572,19.560958785188305,52.975190805897974,2319.474563656757,627.7567664550461,4,MEDIUM
29.282123628885145,77.66012453727713,148.88469515368644,597.8611790801974,58.62736100750116,7.010093279242109,2027.7609813079978,780.1781321639168,4,MEDIUM
4.3596213551908995,0.3026816633342424,0.0,26.23291337155555,74.15182859879256,24.158339885401617,1497.2536140273319,990.6097194895776,6,LOW
31.176711357780007,61.41984253256095,112.23266779498773,314.1200870868656,86.31223971068641,12.736341414030363,2501.4813022103785,77.87741464921476,2,MEDIUM
12.635892346944914,24.617159241891148,36.63291691596736,163.47678353054872,43.74618735420868,45.816034285249124,1137.4980702242524,2460.3144758667927,2,LOW
15.364518614785869,31.221982737260664,69.84858149748678,119.70302537856033,80.69799177703545,28.980437884967383,2805.910249661207,2329.6774330209405,2,LOW
22.368538515481546,30.026684725969005,40.23082673511888,143.4672251797496,65.30077966520108,36.00084725354084,613.714572796709,994.7491503487256,2,LOW
60.741015507756245,86.6151637333837,172.61640438895108,879.6530723049395,86.11797581859078,34.897480117405074,2021.735710733582,1744.179739749385,8,HIGH
9.657629868129739,26.39206032662008,50.78009099307016,202.89997483041108,79.71789001130634,8.953310187032105,1651.3941532083688,1018.1306930746213,5,MEDIUM
21.8212154711865,52.22560916273279,76.33733640968639,195.85538520422676,33.90075773232522,44.18690913590078,1449.5564730269966,129.03568612329457,8,MEDIUM
18.461955476221025,50.146933773645955,67.95137864114106,120.71255432416535,94.64210085802885,46.09883937192757,1460.2342254462667,1789.8773329790681,0,MEDIUM
41.22963035537026,130.3827955015127,302.772033985739,761.7858140389911,49.62176011276431,35.37196478006971,413.9603149054276,2178.778869772666,7,HIGH
18.07606612021598,36.22150359529101,45.071256059973976,135.00189262781043,87.45867164097078,19.047367170501197,2329.0872731295917,1034.8567806783167,6,MEDIUM
26.260859641519758,53.691671028571704,72.41298897513886,248.28728695553838,64.26520561228433,41.20459127264635,1251.3371164375753,762.0470144254853,7,MEDIUM
9.682275711857326,12.870407761666696,49.36817999261876,186.64462829143702,75.91385411104967,40.03328942129096,1586.918163828118,829.4753908942965,4,MEDIUM
45.831137597891534,108.56823706579729,217.39975812542744,967.746102527232,56.44283789630873,50.62694533022768,2588.5040348204166,1079.8335836416177,7,HIGH
6.275240876249624,20.055761382874508,11.270805688645602,48.7080449612906,90.32708322707784,10.866676914528629,1858.192952916991,1429.3003689018421,5,LOW
30.888214830510016,89.78546068485407,169.98089778658533,795.5245226869944,73.03842852500885,50.490185900585054,2598.878806924349,2277.010783544934,8,HIGH
26.376959204143873,70.38701471309038,175.48530656866737,641.7997548004621,48.71756610770864,49.35360173256896,670.1143653194516,637.0761574605399,8,MEDIUM
29.115842552083606,58.06935857772951,84.03999006197598,335.7253938402887,71.21095192476794,19.876370205663193,1060.9073841751642,2133.7251989536376,8,MEDIUM
6.363910732793357,6.055580034565412,8.344644477121495,0.0,77.31790304157713,40.80988831221608,915.4175189640471,2895.41549817027,1,LOW
17.795812021589324,57.10550000985802,143.11335812970958,665.3537877791747,77.73540404170957,18.185407816234623,2693.1025579554857,581.8081761917598,7,MEDIUM
39.91895473620889,66.79287032395031,136.3251619439331,283.50741120018523,38.696328983434476,16.754791040526435,2410.204426897306,1547.4176755457734,2,MEDIUM
66.57737408635583,212.67276738489406,500.0,1000.0,50.833779611064855,37.076746799860416,2552.072313632425,1115.765116039529,4,HIGH
20.648631309036155,49.92970176047363,77.5603581837502,358.2380104620881,61.00453368647839,7.501666711766903,1835.4456123242974,1821.3424619032735,9,MEDIUM
37.47090265710345,112.26816154436143,270.16660447815383,1000.0,61.82119784974389,9.82386289545736,896.022061802994,2648.497206668089,1,MEDIUM
24.61301916604646,76.02437297999711,127.86922706219075,313.08832045497576,34.97105540486209,38.00718114928191,1317.8956107101476,2664.7109097272473,7,MEDIUM
21.442043785733684,46.16901946951297,94.75318862540905,373.9629727258384,82.39241843947593,52.59345955377796,1785.8123575889738,1356.997987200697,3,MEDIUM
16.26865369122395,34.50325002406399,88.60365455259173,386.90717289292746,67.05279724201601,6.701938871663172,351.242158453555,2284.1827205296468,2,LOW
22.44911121997975,63.122289821405275,108.12766035536251,347.576448232099,51.30999336747028,6.145922014100459,2027.0341229033186,1558.3488272875973,0,LOW
35.27992809980633,88.00373613778798,139.31706470549554,561.4391551651521,67.83760099702845,8.738584390389821,2608.147641641384,2327.420830503039,7,MEDIUM
37.22711995103414,79.36951927990035,151.56825156775125,674.8794147705398,69.56116246217763,5.083222714919468,1179.2153786165204,2658.865513420777,8,MEDIUM
7.641669033494251,20.1869236934266,64.48569042790726,221.03581623932146,39.28636238074088,51.415622754848926,2135.4317636103765,2149.830691730616,4,LOW
15.152365943972672,34.95252631746503,58.764992290029156,171.47370499917054,66.35423123092434,28.70209794242557,1605.6208800708848,229.23224496829732,1,MEDIUM
9.26357916334909,38.57426424881736,82.1323694442216,304.7759667396589,75.88225012333044,39.605677396994864,310.73922831222325,773.6182200534984,6,MEDIUM
23.266322303518752,28.856031113773064,42.462527876132825,131.80046320251944,67.32379197905972,25.819343974989447,1066.7789208729596,2368.048086464355,9,LOW
17.318990642191256,53.512487154939606,108.95444856241923,371.95452307110173,53.639493954778786,54.86225057630201,1725.2226853298403,107.95115558470692,7,MEDIUM
28.44713032921169,84.30427302000417,148.06252586036524,629.4331188584069,71.123418766648,28.99656931064356,2257.2528916114243,1577.920041481037,7,MEDIUM
29.813416570702483,35.29869243415958,79.62958227897424,292.3122384334213,51.667825179228785,51.96329431961585,1385.4911719100648,1850.7378013778718,0,MEDIUM
2.2972973300945903,0.0,1.3797021067511253,44.95980219509694,64.14398439075212,37.48052255500748,802.862567898678,2468.988481925537,8,LOW
22.324127684124676,45.3475933513483,93.58215883197285,461.1403316113498,78.64829098079971,52.38690937155947,464.8342462040915,2429.5192040849274,6,MEDIUM
48.058231198367615,149.8417026815471,231.29088096686118,1000.0,64.90547896875573,29.757087906675125,2229.668670271676,265.881770129305,6,HIGH
15.157213650096757,29.729722869361655,83.67271542991928,307.916774767755,77.58034499611827,48.94400472170073,1285.6116191156607,2055.1011206024423,3,MEDIUM
14.811653373330083,44.32717929314404,112.54015712365283,286.1606611055139,35.43662984350786,21.69433635279269,2047.1813505194893,2381.38641404502,8,LOW
42.76964096187558,89.41970305888911,152.4782917867369,590.5923456804571,76.84618071236548,38.05991882269691,898.729964195129,361.0474534356765,5,HIGH
38.375796828034545,75.2044433278021,144.17709743155706,318.43653226446213,65.28669256198086,35.859239692764376,2337.650950316474,1481.9697520317593,2,MEDIUM
10.109436245301794,29.210849292216032,52.14153697454925,198.22293343346013,74.32574557437731,29.341807736606363,1229.8426473895875,1965.606858620274,3,MEDIUM
35.91595342266003,97.54208677696582,184.38817961239073,399.1713310362059,84.55748308625033,30.074130104372188,441.3954363876944,1060.0763620669259,2,MEDIUM
12.082050113152988,26.47628532408769,70.76047801293383,206.4889077841048,39.55473081949544,13.506056530269197,1677.630449230092,1143.0702640593029,9,LOW
14.690720307805464,54.50322197017975,119.30185689243814,476.93354544850166,79.11863687621488,50.30135567504726,2274.905947644939,353.4879432892972,8,MEDIUM
10.10139950923302,29.121464852070513,64.22455149784597,225.35086231199784,85.70534733509575,27.71049050936531,2817.742326453848,2334.378395002345,5,LOW
7.586231932562533,10.01969096109817,28.810450800633205,68.00653023309295,64.55424382972829,12.573457517532916,2921.316008514995,749.5010149602555,7,LOW
24.2462075768671,68.25829992478347,150.30023533685335,360.11058558701063,82.45334496708959,40.216425270221,1532.3329393475374,1333.0189039238496,8,MEDIUM
6.556803803461007,18.61369641452167,21.96984629963106,74.62513592327119,64.48335872554148,41.358054909772136,1952.0580641036756,1573.3256813907583,3,LOW
24.94758996914795,57.81181399003389,85.28803486225536,312.1989584590681,41.64461264976475,7.255860693857348,1804.4965040819197,307.387071059511,2,MEDIUM
24.396892521101968,44.832474991399216,74.80478396335384,386.2204404040559,82.60426520982807,21.64101094094914,1740.562287704139,1321.8379587932448,9,MEDIUM
19.9736097202615,45.84480415481946,87.40438805381856,400.82527608809465,55.21106905485088,34.2130338669989,609.2556110590849,499.4738818759485,3,MEDIUM
15.71862360772209,19.24141080859209,5.667247990305334,32.14095527547114,76.4454483540945,46.07912843101679,2111.3356221819686,735.9431274059872,0,LOW
13.40932584123148,28.900700873018312,72.85862199807637,173.00919773733804,88.50341576891476,20.53025857716146,2906.2296705626895,1101.045797092193,7,MEDIUM
9.020755542605864,25.029387549972466,29.476821348534333,101.38207367761012,79.6220438220038,19.98274753854868,642.3677992243546,1494.7048965477427,2,LOW
55.42832203361362,95.85248086807138,202.88835323524705,700.9707029430932,78.74110657293969,41.82839827449739,1142.0071713757627,1330.9046075810038,2,HIGH
19.3246083020713,55.28592618170291,61.90049213321778,278.59889893352243,68.68357370412798,15.96022029041966,508.0347719994735,261.1594839386855,7,MEDIUM
18.847098112033038,59.53100373683618,118.71342965234123,429.439298213685,59.5829856821666,49.79993493648824,1387.5138230731006,1083.589844532113,9,MEDIUM
10.51916976569148,3.344222753366365,0.0,10.450526955574817,83.696187523936,44.52077758249466,1600.514713320139,165.7010736250108,0,MEDIUM
51.73106747200086,118.79305654574061,191.94076491181625,681.6020002572862,35.22614496335499,49.65276551093039,1266.6488461570743,789.8215016346894,6,HIGH
14.093538257524253,19.498693011104848,29.93398674638078,103.96960086087303,48.58538698427405,22.687285943063742,1586.7717892833307,301.07431479175386,3,LOW
26.638723748607497,53.058532032009005,90.76282149332094,386.47771737055723,68.6802598083088,13.286796712825018,2468.0105399555823,543.7932948161301,8,MEDIUM
30.267324928616596,70.76344141111322,146.4555912929599,396.84673074747474,71.84332872226173,34.25288741929262,877.5937018173211,1532.3469845639231,8,MEDIUM
24.25913783317302,76.18820640792104,116.36054927548255,495.5348549862854,82.16295066765969,14.498448320342028,2346.5235769615488,2785.565660826351,1,MEDIUM
6.407652752551024,19.895937468148038,52.08213060409689,257.3321459515563,62.85340350345853,18.305657982789636,2441.8775933236166,624.5559280044855,0,LOW
34.90762469393789,53.05767144728607,95.45597471418438,240.41146941136256,78.46596526653602,25.02838013086743,1869.0594538900311,2205.879167106683,4,MEDIUM
13.979438455009848,25.154404854372434,36.01490244033805,152.24520796839812,72.18164045449377,28.136423877019354,1151.3672063901727,178.92035720848924,0,LOW
38.124088226713965,71.32663786984843,142.89822257567326,601.1669431703566,76.41275997171563,21.120665627367398,2828.552247352018,1040.7551319992444,3,MEDIUM
21.318140896533578,45.05095364996094,84.67485218572912,382.1284702132728,91.32636749453992,19.2359969054206,1282.5396014459752,1234.0856771941624,1,MEDIUM
31.5260103266264,95.48633276047627,219.0616471710414,538.8407144101659,25.25449081386385,17.33634780197783,434.78719927147296,369.63771935737617,9,MEDIUM
49.555113785914216,144.94500738767877,303.075726380353,727.7492744765534,39.20679016545998,39.50679511392927,667.4372003560374,1928.4811524073407,7,HIGH
34.05203714486406,101.37676924292968,217.00569296579857,893.8771375491278,88.9161904587526,20.293921196374413,2707.2930152399194,479.7362853256188,1,HIGH
32.04573681732983,91.58107289897187,167.00035097526865,379.0363292910501,48.03790004318116,39.71989067420845,704.9364992356734,2411.999462339531,6,MEDIUM
35.96441694532781,90.73461064989588,210.0375872689653,518.157165808388,30.122326539982424,42.14423716154554,1507.964182322056,1794.9997454679428,7,MEDIUM
11.734795503185742,26.307466447033573,28.809384370134893,117.03130469139396,38.620302866153914,40.71149365240387,2168.3232142179554,2236.8144150195785,8,LOW
39.19234937900308,93.86299284945171,169.04401460001714,299.84219464107167,81.00468723823792,50.7218666470956,1848.840692493912,534.4877278445308,6,MEDIUM
18.23457068708564,41.59431069961105,62.914598374599436,227.12491621699402,54.64339765011832,52.724283167772654,2064.1035905799067,985.4449926230391,5,MEDIUM
18.68472162185869,32.858261241972166,45.42957233292676,215.2653057555077,62.594314483162584,12.343030281689316,1241.7995942206753,2131.151268704068,8,LOW
23.720146765964397,53.77463180042163,100.14497294113411,247.08109880633762,70.0853666839071,21.02935606747331,2088.0375737843406,1387.3682408677487,2,MEDIUM
16.983654422067353,35.37357382739322,83.38594189091096,271.1938370846556,62.21957902883252,44.38333483189142,324.5310525471234,1915.4074625396165,9,MEDIUM
9.786545595848636,17.514901983155905,43.97262806543071,55.820912920891104,66.28226509253264,44.0901573995706,1010.7756384517003,1269.70234585684,2,MEDIUM
22.451003719237626,12.359949681818499,8.493826419267208,23.98339583738876,78.53465519739143,8.547152122991138,633.7195774666058,2033.0245636712807,8,LOW
18.751744412159283,41.97342207399618,103.47042688199467,329.0771507623971,90.95915512651766,53.10185456194155,1529.2100385835377,1942.50678347797,9,MEDIUM
18.25629515734156,51.52850447823339,113.28738849587162,388.5281045749278,86.40996146029227,47.81022864843009,693.7223223735946,933.5417560343678,2,MEDIUM
20.824421950464696,52.49618833235426,112.03671874884918,336.83104384157696,78.56189416018022,49.960208607872985,1777.9018935133106,2650.9567059519254,6,MEDIUM
2.6075928907135912,4.262458243735017,25.496822786472045,96.29227591011539,89.39617927072739,15.219239751562403,787.7956114000885,2210.5459961796078,8,LOW
18.35778718560686,39.87127582310396,65.57454942991433,235.5151140703287,75.60662522599699,30.045998265265705,1418.5146222401731,251.25185588059716,2,MEDIUM
53.547816369411265,155.11342622367386,312.2044564365247,1000.0,75.85043784069492,27.027110533323157,500.39808778091214,161.22675059717812,5,HIGH
50.86034849220154,148.82583489248358,249.06405473534943,747.5117275322048,43.585867026598265,23.014934807812388,1487.9467307888087,2162.562595581344,8,HIGH
23.015915322006123,43.48240105182733,99.16231800179024,382.75150143936366,40.85837298907502,16.367757337069513,2481.55485394818,1914.4935022350096,6,MEDIUM
22.462297669439046,69.15306716479343,166.7388504595582,632.9673587308724,84.49271049826297,11.980328195701773,1155.6333994413276,2777.1452996914427,8,MEDIUM
1.8320449659729179,10.385497979449553,21.93578870955126,95.19062456374533,33.151676152434206,48.52542133851923,2207.0551880232542,2042.6333925109254,2,LOW
14.62265590249655,36.138697744487196,71.51493735333469,280.18491835491636,59.73452807597247,31.521782381542845,1450.1624517526036,664.1675102089974,5,MEDIUM
35.72623468209404,97.68840936734085,190.0706889083793,848.4100726849949,62.592965096633165,35.04133105035329,932.3719454135471,174.02159795848075,8,HIGH
16.67236645695899,36.00275751636688,62.11192995514395,115.57016658118071,71.69044821394812,18.080058091382398,1119.3922191948907,1620.600089749386,2,LOW
43.89105526065243,99.62365325584982,126.11295222636569,483.52948290056844,55.17374442853298,51.7526540629243,1116.9613196428727,1514.075308109785,4,MEDIUM
42.17992746507683,91.09795121409545,151.05241291853844,631.2451891290077,75.52672385432255,51.81883244674179,2304.4230516306015,2815.26879020271,5,HIGH
14.397887506307555,10.743011320554977,0.0,0.2708015119811715,91.49822317953166,38.57250453023204,842.5270949578132,2139.694656027737,8,LOW
24.26289686011182,28.52154125070293,42.2042116807778,195.6576376486139,94.30280633796555,21.027649157341916,2939.983130998838,2705.151711542426,7,MEDIUM
56.26718537047889,77.32519983789186,168.66024560632798,562.4037591914976,64.08797168456425,16.64220853723576,2156.2075078862645,2281.871654980251,4,MEDIUM
6.269331813313462,9.051898177156716,38.083072136773005,204.91530588764263,55.77124115771972,34.76356613909397,1383.116968142018,1998.8313848864132,9,LOW
16.956537498725577,55.92145407710203,82.8106012931263,379.25139228879317,52.000403659526526,46.64395463802143,2994.610826447646,1711.23962798102,6,MEDIUM
5.661283969061017,12.616335748228945,8.911377365937327,0.0,58.33625711402165,53.349190010948966,883.6631799650073,1761.1046715454252,6,LOW
11.043072776424166,30.263806630465233,51.168096413128815,186.91859751995457,63.027420451837315,8.409520238966607,2359.8602796712694,1546.997899335894,1,LOW
66.8275368021858,197.66680976935137,351.81487971054474,1000.0,58.18990109000441,21.709825290357266,1031.5296234753569,2524.9602349306906,2,HIGH
16.952144189359178,29.14556954033393,41.30554912003024,118.848380204737,79.07168953094009,24.557469075620038,1767.6240185446675,742.1642574849634,0,MEDIUM
3.4198182051204684,0.5834451641316738,0.7271172074590775,0.0,67.40256622926873,23.45126871381777,446.93769515468443,2749.812848399062,0,LOW
9.699721817266656,22.347872405646992,61.45689254991026,316.9635943814338,48.81015736624983,38.388809797865676,2585.4396680164177,1700.504165557615,9,MEDIUM
5.074122917080029,15.46592071473846,45.159240645756945,147.67702163043418,85.5604482249023,32.3603242770301,1288.610135681838,1340.425082759191,2,LOW
24.92618731547796,50.900425989709426,120.72793477648689,536.7082213494562,36.98056525745886,49.56870835358524,1878.113255324095,672.5284688120349,7,MEDIUM
29.965302960453506,44.63413509933643,62.64381324579994,115.35370552316323,77.20483160463247,16.127560182166174,2803.6663455932758,864.3861291013839,5,MEDIUM
39.537723919450826,120.87447499610204,264.5104441380402,658.5440496918213,79.38877448211935,24.966589440817923,381.6661585372106,1773.255990102337,1,HIGH
34.46027108285899,111.75511911515343,155.18202516932143,397.7814843337485,78.62182253609174,32.057985875567276,2913.6470794554934,497.58673705412343,8,HIGH
6.563514692176177,1.2857431311302197,0.0,6.135447496683903,63.24531773564338,45.83983764093293,1717.9842420354387,59.7654798336246,5,LOW
28.94001124236447,48.83725715372512,110.72710394406566,221.7216874448533,65.95746225666176,46.16198257933775,2408.015749605924,814.7160882666817,7,MEDIUM
20.16708502590119,28.046119075575497,56.27591802384377,169.49740070032664,39.73691979609054,47.96861145042155,1577.2208671357926,947.1076722040932,7,MEDIUM
43.311258017234294,113.28051762986664,181.60081546328595,896.9140936750331,66.75817496905891,30.956736388619923,2502.9509997008386,2826.8789381468905,8,HIGH
37.0863718027136,122.13855138432463,180.95545499128554,777.4521668728173,86.10415969982469,17.079970895143404,2677.508834559919,1766.3813922805718,5,MEDIUM
72.36755764030147,213.56415122751426,311.72962275662763,1000.0,76.03230863978895,41.3127758453533,1330.5199508577405,1247.0070779560692,1,HIGH
10.384489748942586,17.451938434749863,32.580835299955254,88.49516168475775,64.32546681430375,52.73367624891602,2251.107022680654,2949.8500475853984,4,LOW
9.143633286786578,20.38278985427275,32.35226684165147,94.44218163163023,36.37219202114003,19.26498322917343,2996.2686214364035,1133.8431030809234,7,LOW
15.33694085486217,49.4083241261855,78.92877201350444,304.2366227039104,78.14866623093756,14.919074296482517,2344.255524104983,2876.5098889557885,8,MEDIUM
20.762784669573584,42.481690257412964,98.85306050385745,182.5774830211875,60.45290652055755,6.123791980050953,2883.5755343703204,2827.3238547101946,5,LOW
13.06475949266445,36.67613301977678,93.33639127936445,304.9405546180457,78.65691461222166,38.323393230237706,2288.8665210928193,2085.194767408172,0,MEDIUM
10.853169293859427,20.190334587415585,41.384736323083956,221.16989260579,81.46533686950568,32.250754177583175,1190.6947311458773,1599.4421872082803,9,MEDIUM
27.64034773209784,36.863081066009634,88.50924587409298,204.04799624583126,77.15042107683507,11.735718164710143,2533.3095221180542,2474.147568639075,6,MEDIUM
15.300247233294858,39.100015878393876,51.22902296927096,235.81033682523403,95.11586353819195,14.975785913352336,2099.1200647427995,1005.5353159057815,5,MEDIUM
12.619647502955237,27.43968752422667,23.67318933234859,68.87348101847522,86.5672375078003,38.111129111689756,389.2835283183001,1135.1826652342495,4,LOW
6.551791671571572,30.88065327195195,45.02695892872203,149.70831276005666,76.39735902185863,26.800874489445498,765.5719218012232,660.3093378027679,4,MEDIUM
2.0563279710058566,4.933587443205003,0.0,12.260350879503308,90.68924690803135,16.661545570636903,1005.437121222368,803.4336960671254,6,LOW
51.901477191731786,101.79893132633681,224.55125795645324,1000.0,67.11380175682565,35.29116101818631,2307.62227936422,452.54967743251547,6,HIGH
50.920402562446,108.50311036241375,161.06920430824488,629.835823779206,68.33836962956175,7.6332886083636815,2452.258180100644,2559.5088975876224,2,MEDIUM
37.8356361142092,75.26860761874136,140.28793392597734,592.6054142893821,79.62340048457607,5.810140698989759,2532.5906791183056,53.68200156591067,3,MEDIUM
32.13512813844457,57.90409401882849,123.99199561284874,388.8805176034306,66.558995027343,18.043886755262847,481.4797913469921,1302.2036795945364,1,MEDIUM
14.213510519241815,43.87188252956526,121.68837929556342,549.9463463448485,90.17066525879473,19.47593753224193,494.8230399746948,1124.4417046906765,3,MEDIUM
33.024033856606366,68.92807046631584,130.0388428985361,448.33714814588376,61.04826926581223,10.218421182945876,1108.496688028833,1193.6395324947325,9,MEDIUM
8.574090729106452,25.84047300898964,51.78462766828484,205.32683768184702,73.10876486074949,10.743316558599782,2139.357173984154,2539.097253606062,2,LOW
23.84841226101806,45.0509954732712,102.98080341958786,447.0524880674927,81.01064288130465,13.390151475472358,2573.8992539940637,2472.132794234419,8,MEDIUM
11.75690280015546,16.911793327209885,43.19882628559946,179.46618849273423,84.61416062967093,41.2304390407003,2647.3143011813345,2007.0211762310823,4,LOW
33.11648763546786,82.76582163852511,135.24302955497646,573.0334713185164,76.1401215747784,45.308288878567595,860.2913499225751,2082.872680953579,9,MEDIUM
58.69238043251924,146.06999582114616,191.70889458241027,433.76598191687896,83.24958670091426,14.080247784098445,2372.021259195219,2420.4226522448407,5,HIGH
9.667481749170202,27.328681645086412,77.5100377892097,312.2754981487979,58.72377488929141,37.8385039195018,2030.0923184239991,1185.882672214525,7,MEDIUM
14.773622158711635,45.362602704886264,82.714722158357,212.74214186539464,45.06227668268389,16.682625124314853,2802.1710517575198,1379.0786991614511,3,LOW
23.533239925508333,77.96630610573669,146.81662960560112,693.8833829294905,78.06318655418404,49.00292987491764,2386.724818412395,771.9590906206163,0,MEDIUM
3.9120718112234867,8.551487399328503,15.23710664990741,56.54719859931154,60.35770159869583,18.446389205417532,1727.2774672671035,752.2566116389094,3,LOW
5.326917107715694,22.06514910970237,40.05207995985754,75.72063725227179,85.87543422749839,11.488570643668467,2414.624563628623,2807.1226098218717,6,LOW
57.60581416476324,110.08183533230319,158.44005534397058,491.73962939147845,64.55089302757273,26.957298971590163,1132.3497756455545,2293.914476669604,2,HIGH
27.724549580032317,66.6079844889047,130.71778690658417,510.4439249930295,45.131775793342285,12.7106432675693,2422.592146386847,1386.3160253204935,3,MEDIUM
13.595134096032169,39.86118934818866,97.28342574623544,285.68619230494255,62.51787820311889,14.918342501554072,2409.1548818586584,165.03186699172568,0,MEDIUM
21.774082696583136,44.00992663836334,75.91041369759704,320.33486531364224,59.789837983734216,21.953141461544142,2609.0631940823287,2241.262664319547,3,MEDIUM
15.387452821303215,42.19504455052171,92.3900826174585,387.2284445401527,76.72870777186766,38.03602599126575,954.4693450144615,2848.1216450955294,0,MEDIUM
24.035362911341707,68.43587721078609,102.35079626027708,294.7380931121074,25.084343529847114,10.842705439999722,2592.302267654125,2783.8793853037246,2,MEDIUM
15.839511081133473,37.45135154147704,67.19462458815404,192.69787049101404,80.05480590759201,19.205450681927,756.435589934804,2156.779342544883,3,MEDIUM
20.559240629636214,49.78584230314103,127.2596102638815,562.2240385251889,72.88884994613727,47.91823140516494,2384.1289433735274,1960.8276174518915,1,MEDIUM
35.10272496850245,62.53714516745587,106.88646899152893,444.6156594105578,82.16476991151475,18.688468362347766,2810.7772207397716,406.47803940509647,0,MEDIUM
33.60865453243672,77.75532429205725,115.8817719006866,355.3511890477503,16.174308827866422,13.4223416024305,396.65490945770273,302.7060052443011,1,MEDIUM
55.55495916293738,140.74109690927642,317.3702156841491,1000.0,78.04514851036635,31.680821974170822,1990.2341471042926,832.3487722665178,6,HIGH
29.089798700758028,62.36874910377625,120.3782428343537,328.99056003827104,67.07642106411649,6.665793989059905,2080.8976509016406,1713.0418732463718,1,MEDIUM
22.78509926632818,52.676436852586924,126.75966565094555,504.88018705989833,58.6532148557996,45.19755832845373,2500.885836938142,2743.9810266329364,0,MEDIUM
60.842962580344185,182.56527575492785,416.2344041483078,1000.0,73.43649319405255,16.12308157230533,577.6231774877408,2619.735288315608,7,HIGH
19.0121612820132,50.237978700337905,78.30785100554094,243.65412132552933,65.73493323906567,11.642900221939058,2755.4628345925476,952.8849744426954,4,MEDIUM
2.331935917941901,4.922000933532672,0.0,1.651742201007609,69.62599285144402,45.410138159309014,2983.2252233499203,1130.4141281353716,9,LOW
38.145275921165556,131.5824575415814,222.33658551846563,886.1762950448012,84.1540626966715,47.137745635043856,2114.6842366311485,965.5148114902986,3,HIGH
26.76210093355253,55.90574555095408,80.11583153404808,219.4455286028885,52.67165633683155,41.736575571227554,1460.8190545589198,1614.0052873077195,3,MEDIUM
22.021235635559687,58.75807392900259,128.79431798459564,305.57532368992867,71.71449046268444,16.72984348493568,2014.5415642338028,2436.3290993754645,0,MEDIUM
38.812202665614976,55.63930833704822,87.22220876783408,225.4439727048622,95.2829787818287,31.349445215162504,447.7065141820093,2360.1973023347086,1,MEDIUM
15.945199270644352,31.325905996594816,85.30955316041833,363.23500857450324,74.08098600478947,53.453300374011796,2333.192248800216,2664.604219087767,8,MEDIUM
2.48545881714514,10.411762557070247,7.470492480852009,0.0,65.90400356116646,28.888304945818057,488.90979521222846,1589.0738500874857,2,LOW
39.317771770977174,72.7393241278108,144.00420345479515,480.39341387079935,86.78999712473241,52.48198633305238,1170.9956958751268,1991.5575667117237,0,HIGH
13.211753018084094,31.953896516290033,53.41445740709986,251.98091443147334,73.57639469918361,38.81841917483437,676.3765517248728,2864.020576033524,7,MEDIUM
10.007917525177042,25.929554934132288,32.32515047223396,113.25142677407885,83.53433924674638,47.24979302891155,2260.311387572806,2042.880665246114,9,MEDIUM
2.658931215497469,12.70487635669387,14.030942424527808,33.41618767991265,69.83560191752292,14.620000478672718,1904.9563022654872,542.8281247311425,3,LOW
37.1720981845569,76.67417326648342,134.42833863529353,497.99311127141556,50.61660819830421,51.33674207846363,2187.8502887688,1014.2183853341322,3,HIGH
1.3780896146019432,10.230900239705345,12.42624489403911,25.33222105589479,70.18116843875288,47.667223718801296,474.3285530443512,273.2987000135599,6,LOW
49.3034001113633,167.73968588071955,373.70543552421395,1000.0,86.3781149082402,44.2524828054391,1300.0971092849127,375.96442411668556,1,HIGH
17.17174835840223,43.61540991934163,65.72734170849797,185.65000809085473,71.25567453183099,52.06115426783569,1396.658098784552,1500.912957347162,2,MEDIUM
38.34978556153065,107.95979000895251,157.53182702397896,364.9821794992098,70.94827487079654,44.443942802005026,1926.476032176125,2228.7809306341123,8,MEDIUM
29.697033264300252,74.58726373874968,150.96795887392003,316.7862709038812,66.999486901096,33.83735559163446,576.2928919281717,607.3806883126475,7,MEDIUM
68.0060600877974,112.11518449356434,235.30167078138206,889.6787224342868,72.91719026952437,37.434510226095966,2047.539843990836,994.0454123144189,1,HIGH
29.148228715895755,84.74354003493195,159.18761230955374,391.00646543641915,83.15944077505223,46.04471346592564,1365.6861509749579,1042.8260886458538,6,MEDIUM
48.134066480673766,128.1383101573203,256.090176186002,643.8407528389624,64.16347031304456,42.45789591589832,2745.983901535376,2528.36188058791,9,HIGH
14.406789426099278,37.54073946820192,84.93414845790377,381.5240808661875,53.05090417196686,34.589577061316135,1514.4846775651397,592.9051310014842,2,MEDIUM
5.3049145366438175,20.683189897135392,33.99756526234595,78.62022821878945,92.21349856676238,34.903967099701205,575.5932488396297,150.4121016422887,2,MEDIUM
42.30026287414954,109.86324774611164,186.20534187285804,761.8599061183029,46.40268007352354,49.014106018942925,579.1854571786891,1890.3321942394093,9,HIGH
5.143330036142697,3.146457264082425,11.368857831755424,0.0,83.74597121270698,5.49558071245161,986.5980472841884,1604.2120890990202,9,LOW
36.9009879927518,88.80075483830507,210.01725725833245,820.0196334934072,96.08879350268248,40.89767912319852,947.4913994616586,57.99320388827658,5,HIGH
8.995713474779908,18.5305943011971,20.96192689087719,59.950828684919635,54.49082506370328,33.28304920764118,2451.0527503847525,2305.841869616868,4,LOW
27.12646323268981,54.25499586321431,81.15028949581001,143.6206728423937,69.31292457995062,46.91469964611824,2250.449084236425,1300.3962386873543,2,MEDIUM
68.80908018147424,217.5554655062232,500.0,1000.0,59.68373995537093,15.271848154338064,507.01634322393136,1666.0740074731534,0,HIGH
35.010047735532495,80.13862552190521,173.19263535736442,617.7669401849081,54.685705654527396,31.267178286979657,2598.8719348827817,2028.8991450783353,5,MEDIUM
19.074318582411433,33.09649066996975,58.29543430689155,130.45500042092172,52.1995382850752,11.382215631342614,559.551120874775,201.4688067839714,1,LOW
30.17128087922736,55.605050493244384,79.66203339788078,280.32415615167815,27.659089340495235,37.96873365892938,2421.195096344019,559.0046944067519,4,MEDIUM
14.826618864455906,16.489567726689,33.12721610138311,189.52304175143274,70.59152951671963,43.188392940898765,601.3661594758032,1416.2686122604405,9,LOW
85.62066950390553,273.0869429555656,500.0,1000.0,72.03212779794185,36.17662358929309,1316.1675288463216,557.1065545386407,9,HIGH
12.411320426228567,47.13748618446272,58.40412479621855,197.97017541556795,70.082110933694,32.73856398733484,2327.5126802985296,393.9187137280292,4,MEDIUM
20.65777970721825,70.60372415563944,129.58653141282045,439.994746822352,38.55196951905613,22.168947980959853,984.8144752065332,1008.6444435209304,3,MEDIUM
32.940961337796466,110.74025445020882,263.21571298456416,947.1191247561374,61.046437823054,36.989214183855594,605.9908422321483,1308.651185627737,9,HIGH
28.69301321374561,91.77678948715172,141.13600991656375,656.547000664002,56.78370331855817,49.975271811725925,2425.427219550441,2557.119388299246,8,MEDIUM
30.94528203734116,65.61638790382143,142.1892781637416,451.61937562619215,78.69528392029281,41.0709140950193,2165.634043662004,1805.0666720285533,6,MEDIUM
15.07214975021024,38.03592978057395,71.0517610173081,353.3886800964002,81.29928629152394,6.147652048917447,2706.4234186271415,2791.7210473261393,7,MEDIUM
18.48891091118064,34.4758487018122,91.75362888010906,341.07768012331974,78.51353611973376,30.436071278099504,2032.1918293261604,1398.7298453359444,4,MEDIUM
41.031816452926876,76.98543034064818,110.23532227127663,344.6282789827129,48.215321780509115,41.82084722355781,499.66694385537295,1443.632472827903,6,MEDIUM
39.71312765047531,81.49994050225833,146.9966817083445,559.8738742750693,67.652935885388,30.208151395063588,2024.313600964239,968.7754128453064,5,MEDIUM
29.16588636523884,49.63347351923096,89.57909445222386,388.7263349622011,67.15554729567252,34.56750227611161,2520.769093942359,290.6056142900544,1,MEDIUM
52.00706160925998,153.4143054038037,356.2406020095932,722.9503436766144,76.2812811362407,50.57922044710476,525.9320716440883,557.4236331927265,0,HIGH
42.103295427515285,138.64245245243188,213.00230427709545,1000.0,43.486978989979995,48.6975032217029,666.371916845517,249.738562840707,0,HIGH
38.92871952145714,83.03231645343443,140.9449537587542,654.3642868683215,81.58054953813296,9.065720401057499,2129.431593863239,2125.1749529700614,7,MEDIUM
5.043324898604496,10.763381161143732,38.34880649865575,105.52215902606096,77.32576290469547,30.527660362730014,2436.592289857524,1079.5521082752293,8,LOW
28.923886672392946,58.90269443732924,91.57937763138331,374.32025973014004,57.85752013505622,36.11581579056498,1253.5079143089997,142.97562927618793,5,MEDIUM
25.43371983584254,48.22303515545694,104.8437523599738,469.1651244746197,90.85655130336178,47.60156865309547,2285.2063232042665,2268.987579459137,5,MEDIUM
56.287117076340664,122.91415062810223,182.78919203802425,874.8771523254104,64.28981198655356,18.275030700146935,751.894227867881,801.7828922112336,9,HIGH
19.807514250832572,28.52543192589495,42.24589784320065,198.4612754692351,75.32319260785908,11.992696988368502,1498.814348042258,2685.888125484483,9,MEDIUM
23.979896221534673,39.04274582655376,62.451466349156945,163.34582904708893,89.37624690029699,34.85773018396259,2319.529958808218,2478.0963045873827,7,MEDIUM
8.89080104699152,24.222196804420314,34.93051832590467,149.54339248133923,46.38818083587007,28.38060641914193,837.2626151405436,946.0901592530209,5,LOW
10.490020587406903,6.737419413288253,0.0,69.40299143840336,90.36764216219476,17.885260070918658,1242.020132869912,745.3640026996763,4,LOW
56.40180895579638,109.83031455285251,204.0017415871588,812.5822084332658,78.41333268297433,52.14640707326365,1998.477746401818,2979.5862815478004,5,HIGH
30.86471381343603,106.75742798247629,231.50010938977852,898.4195935945378,79.60705356589563,20.877799021328606,1234.1870623757045,2467.956157462909,7,MEDIUM
68.90692215037049,126.29727939573836,284.7357553271834,1000.0,96.67359141177792,7.764296488625984,2660.2273322798574,2783.542908394831,9,HIGH
19.53914043087363,45.99898300729482,77.95537364187739,222.74292211126692,91.79503897169707,7.939961495261195,2883.1605110110827,100.25946076970502,6,MEDIUM
6.324665282508789,20.839330838560777,25.41273346835282,82.24771499055757,96.44325692827287,15.054112082601469,2034.181681094846,1815.0740510239807,7,LOW
17.497032251845333,54.805770923367746,81.60266638483355,326.02030708492146,53.262128662383844,10.836791243639468,2412.480645820916,836.5943894799589,0,MEDIUM
15.267487098431097,17.66041674143382,30.700038116835266,148.81048546062505,75.26553106863065,24.734435354224445,2748.0805448317938,1155.4542974318183,3,LOW
35.82852671998026,52.67275521141781,78.6270746163134,223.8919614511693,90.83044915682602,9.023235815796294,2195.020211519257,318.6724645006391,2,MEDIUM
34.874650595335886,97.55159758117385,209.8689281142412,571.8601879909932,61.23890629201675,33.0582600997173,2387.9482790708857,2257.678538148295,8,MEDIUM
31.911437993206857,75.73727294885728,137.78643672172467,610.8744820924284,65.84774977987618,25.41956122522428,516.5918434061341,1600.6499413742933,2,MEDIUM
82.44967536199172,229.04000035056188,469.65015032266166,1000.0,96.30977056792666,34.89625793915819,2524.15925019942,2386.4678754615766,2,HIGH
50.085247687380026,123.11216100271443,269.0969432290071,1000.0,58.92200761333132,54.46182734620127,1041.3244452907911,393.6343785935857,6,HIGH
11.132150700756867,26.039351676174526,44.972614551456786,181.58733308146984,79.81387021107965,54.59507970014297,491.17221517099114,2991.9557386719584,5,MEDIUM
43.0061062901778,87.91074357495955,187.3284621080323,864.9711910962238,71.8287879180685,25.851452081523398,1891.5731088641057,1078.240757230736,4,MEDIUM
22.862575283131733,38.914490940923955,45.39274167229497,155.5405256350643,70.31980100977873,23.352696684503016,912.3248181588561,2856.758223596485,2,MEDIUM
19.139137889700606,40.602297931189206,93.20390355981372,254.09095718743146,60.65654034908927,39.07764410249522,515.586524138631,2045.5458183637074,8,MEDIUM
54.12080500239314,85.74750335971115,162.40199040829123,459.33570745131107,61.77820597443051,23.38398071265761,1945.8158756546852,371.06020509043424,9,HIGH
10.533384050955393,15.481283745925666,43.92315691376253,93.33545552505457,75.33978162279853,43.91407879914578,566.0912777886472,2356.86785953554,0,LOW
41.15071187783805,116.7730835368408,204.92552281230488,935.1904689773966,51.112539789792365,35.08229959816795,2695.5143300281575,1703.9571134946955,9,MEDIUM
36.980399323965074,67.53108560233576,120.3851232415081,465.6033613759582,70.3479127362974,14.974361145827803,2917.0357044876714,606.6741282949034,8,MEDIUM
10.360388399110109,25.44359621188976,37.86553526248935,155.16931834852045,72.12705198977243,25.741690993958123,2293.119291949431,602.3483765833827,8,MEDIUM
4.8623368070923725,3.653000826115404,0.0,0.0,67.01259200002531,48.18290243504856,1076.6907528546985,2861.8064780100112,4,LOW
21.059512844737625,32.23425803647062,70.00458934161179,301.2028400317358,36.08797673312513,32.66766416148974,1818.8608423729827,2995.7607894078214,4,LOW
46.259506402224154,132.41222525820564,218.33280734529302,1000.0,91.5515940522367,40.495936253568225,384.7413553139068,1749.541375612036,6,HIGH
28.847301854486428,112.42749128958702,175.76328796484918,654.5862033708572,61.05038326057296,40.49253515642108,1977.7786956396928,602.1024494505143,7,MEDIUM
55.23596805300555,182.85081738153605,343.65103645299354,961.7964300372724,75.79828563844046,29.10776360390352,1012.3700579312256,1053.763380262154,9,HIGH
27.49967824524262,56.71018002726985,124.99440249286063,313.5615749831143,76.92486408123173,19.774568873797065,1528.5655611289371,675.276714924595,2,MEDIUM
57.59496503207781,115.66920393011678,259.3470085261243,977.3441567204117,85.57588223960323,34.81694199039232,782.9437875452893,1842.0986788335267,9,HIGH
14.013814199768293,41.3407163112797,46.73912046927524,134.12071089683326,75.82587349487254,10.652903141589544,2963.6894958196467,1230.8198329018908,3,LOW
31.84295404258399,70.82330653736874,142.9903945239262,520.5540528388304,62.49359928774309,34.868530989406594,860.046309018259,1165.300860935994,6,MEDIUM
16.52471066811273,53.226991961958745,102.79522580242518,264.3677390724974,74.04083573775543,10.136931778592574,1425.7247926339276,2414.1832746984246,8,MEDIUM
20.57920596344841,40.786728153406486,74.26021855213908,293.622962606071,30.091780868406943,50.089901511758406,987.4219705857597,2892.526474162709,6,MEDIUM
23.920915246629992,37.74842591531057,69.98948918981446,270.337484408348,88.2546151686717,42.19357471290044,1762.2865446825695,631.2261429610178,0,MEDIUM
28.783844616635598,53.64211350457023,127.03960834510343,302.44189117092463,88.6670078362737,14.060498889810958,2744.4238516159317,1272.5501675293174,8,MEDIUM
12.496393356617311,31.181377203987594,67.13592657455663,283.2637493199456,70.67303475580057,44.233018291543495,741.1488525528039,1632.763241624531,0,LOW
30.813855842425653,46.66966706747636,80.8483488101858,322.26771245114776,91.7757534611658,41.29264063102801,680.1947785814332,775.3241503748934,5,MEDIUM
23.06651379651472,57.266426564960625,81.82398272640609,215.67834471274222,73.0939781885732,41.42223774579633,499.97587009815635,1235.605174092205,6,MEDIUM
6.680866134756741,12.762215802692559,18.555053597791627,35.94116587354766,98.12731872278279,21.76408917448032,1891.2485298116067,214.60041253748534,2,MEDIUM
4.120968867239211,0.0,9.493687661930828,86.07915969710355,76.9664570534376,31.13704465577643,1925.6078457040128,171.603223736933,7,LOW
46.371352358081076,141.83878987097182,247.84440306646363,819.6062280551669,95.16315561330885,34.288740254591644,2517.7540160622984,2369.7636494021885,5,HIGH
19.835501181256394,51.389364291487354,124.55388482673872,332.44516918708246,67.04406226623357,23.848914305925035,2557.0955939268483,1050.3261259360647,3,MEDIUM
5.996615079544208,19.001041242268112,57.47528894080616,232.57812809019538,53.835916978056005,33.01994400902706,575.2446213113199,2136.9026835453233,1,LOW
63.62215748885927,179.0264230459376,246.64048312525532,1000.0,85.05039236223448,17.200820303324917,2758.418446471171,294.596235711678,6,HIGH
32.96302044350256,72.18062250631075,97.7386388923392,227.10980133595976,40.65827572143216,48.74423439763332,2539.3343875034884,2028.4672817045982,1,MEDIUM
28.256599576216672,84.61217089541938,168.58760166909914,656.337399679619,73.15740477124992,53.01682646053729,2047.5670968759048,1977.4416340097039,9,MEDIUM
11.576896998346339,28.740604886372694,37.003560266916566,95.99028623229894,97.40441546037461,21.336647541401135,1237.0622973250074,2473.2919613595873,1,MEDIUM
6.588024446876691,21.414806372005135,27.54637720155611,81.65130557704346,40.50346050130778,22.119879377007063,2313.082248117874,653.592070377216,0,LOW
25.46013070673547,69.67671935726686,169.29146505549318,509.53589470899806,82.21361487659695,15.81050615066394,1975.8190412037477,1675.795931670232,2,MEDIUM
22.030126850206216,77.67668981796335,113.01716451445057,323.005116637163,59.25470016569212,48.23896636645066,1253.2254082327308,2708.4896803711977,8,MEDIUM
9.02309131664256,18.72258562635824,43.577129293425436,169.89913075824694,36.31093259485876,13.168089740180323,335.79043017508,698.655229758085,8,LOW
8.7374347516432,37.95393514083801,76.38092100877914,345.2341813336244,88.03883623394128,44.942942476190034,1899.6446369083137,418.35084864336204,5,MEDIUM
8.34014445526213,16.810116660233803,59.12525954724207,249.58120455942833,77.41605200033635,46.61643191724595,1856.5257121150232,1067.057055246072,7,MEDIUM
8.076587916391468,32.5245104938341,50.181614902666205,277.4585802793389,50.68746948328524,20.810948327709887,717.3605370085095,2897.7708996788633,4,LOW
13.640801212620234,42.3635219222751,86.92746901343737,306.068063606384,97.17197423620907,43.839579700482986,2747.0806222771735,514.3025156518,9,MEDIUM
28.26323063883751,78.15786692318265,169.73038749323248,665.5398305828153,85.92709984712808,27.648599612068548,730.0462946989542,402.03692662054834,0,HIGH
31.611800895596676,99.35723886264668,134.24399825555,469.42188830828917,64.29398390868812,22.42263038496028,1075.1596006442905,2993.354229131865,6,MEDIUM
21.70023548973298,47.52708477912673,112.42784254158836,463.8707939118654,66.20971394236085,49.668921063106254,1304.3677202136328,1209.8112650903558,3,MEDIUM
24.640653494426182,67.18237070738998,114.40675543634232,566.7962048839809,59.439586260755604,27.6764046843614,2144.0072690746465,490.283963893768,3,MEDIUM
32.64198126265833,62.86170283692023,130.157304291016,435.9331556786077,35.30981944966107,7.761484480473497,520.4283398190471,1697.9275851941102,7,MEDIUM
3.018260486092289,1.9654401578652632,0.0,0.0,52.890643334485986,36.72607004528288,2196.410981113234,90.87953120525569,7,LOW
26.02766607573161,69.59820086563309,132.43730590524177,611.3942320095722,44.85820655478178,37.90011627282582,1419.0899636864485,1305.4461407897027,5,MEDIUM
51.531155475190545,133.12561330766817,200.0598114223891,1000.0,27.868285477579057,36.732524296829446,793.954889168749,156.84527119713792,8,HIGH
19.45119892570212,49.80465802685956,93.65440468113205,463.87241715787883,44.90352257823656,23.015941988880662,602.617261405809,1717.748786698576,1,MEDIUM
45.152782245668874,96.89708847680389,175.29555723027585,446.1269131650027,70.26918210656572,38.93074106840497,1413.3072069191628,1893.0716792388512,0,HIGH
19.720980823932255,39.03283386611213,92.01821167326342,156.50615309726982,38.289446245222045,19.55471598414597,1504.1534925730925,60.406688695475864,2,LOW
34.12106533285392,66.17104871176878,116.74838919772725,410.64405843327324,26.183510211856365,28.218108797057468,670.7141401006558,1562.4803445060084,0,MEDIUM
27.865038937579392,60.85358913050038,144.90529659873596,564.2635492047694,49.17566404115696,15.835335998814704,1602.6577300721783,2837.6141966672353,8,MEDIUM
8.215674080009807,10.865790217891353,31.61095905570416,45.65599454082761,38.16151845948426,35.66262180713245,1656.5842283700117,1224.363065272059,5,LOW
10.06478185786722,19.648896961627404,52.7223183221662,146.2517216889107,61.730758236925595,45.525038231050466,2948.728398031394,2865.7833745938588,4,LOW
57.59276636659227,185.50355429840977,376.02133818661264,1000.0,81.59505841783344,9.88332814769587,2225.9216185053037,2892.239780794452,4,HIGH
39.18526619846876,75.2800793572459,182.63572861243705,461.90066088944536,72.14301228081523,6.3506171490931305,332.8561492126056,758.7370844160037,0,MEDIUM
20.722887041404384,67.30993502041264,149.3115326332516,664.2268145763124,69.50284716624687,43.05672017826575,1587.5441394025934,1753.267628561102,6,MEDIUM
18.73966774144778,39.81813337619475,68.29007388758181,196.18615814065316,67.51959129749416,21.143990792133263,358.292545850576,2499.4216599363567,9,MEDIUM
11.642974397026784,14.865320799961033,9.373067153635091,25.14507441350569,95.69716756638378,21.19127392947652,1680.2750304429346,2142.014039795798,1,MEDIUM
29.530255376253606,83.10560364392148,148.37621394569487,476.7192926067596,75.09863101703993,33.23697655437685,1212.4301809717422,2292.3809193311286,2,MEDIUM
12.499377157681181,29.470035853047374,48.2547213690259,173.34017053766792,75.23493482135221,29.33687823510494,2739.46832506092,819.7400249435881,7,LOW
16.926474259665973,37.378508579451776,104.8199194971218,365.99346071801745,58.059430780513964,11.078001509899972,1631.880287594161,2758.7299266430127,7,MEDIUM
13.596469507184272,32.15063803269605,58.06715282885051,190.17114721903118,63.872596248465555,43.02175656993076,2594.741507441524,745.1502230093356,2,LOW
37.579834731933886,70.54878418745595,123.32057079070873,347.7602169827319,80.0542381450019,13.81357385265048,1876.4555462073024,1952.1824759935505,0,MEDIUM
20.093454182307276,29.285251710345136,50.501421857080295,247.54180236253688,71.65867232414996,46.30141119084059,1370.5856005764279,2659.899504523881,7,MEDIUM
24.77328248699648,85.67423643141504,188.6187892500016,669.6943143854031,64.52364891092105,43.21738212721352,920.2088184712807,1110.5078184326692,2,MEDIUM
8.367780962195697,12.876942738994142,31.879472315136155,51.21001097529604,55.9728018483843,13.36133025613358,794.524159195619,1678.793321837704,8,LOW
13.520893353476882,33.58617871814778,53.706233460781114,271.24872633851896,59.757288091282334,42.9106835270477,2445.2749997441074,2087.012131820014,3,MEDIUM
25.16342386744814,53.512488136999515,109.58111525981076,265.86195579671147,74.34459145786501,38.04697644303769,2684.0637041193067,2789.0386887914815,9,MEDIUM
5.154399287578202,11.417262609468413,31.39424605970776,132.4650799324619,71.0635371012627,54.091006141041824,1175.029689074543,1371.708062839372,8,LOW
18.984152228006142,52.38222154456881,106.8189207468124,370.76541241791017,82.23774215539775,40.591444678240805,1635.4538154431737,1829.4511973056415,0,MEDIUM
22.188536270679897,48.658959211920404,84.12646497894423,300.6069822638252,95.53427068487886,24.510872657673932,1076.2543456962835,468.2926050662936,7,MEDIUM
7.423050159547059,42.75506761252346,55.49062834525108,109.88066034042411,71.06461235516353,36.00288215516191,1529.2948831523909,242.40722927767268,7,MEDIUM
43.85475207673696,115.14800634141498,253.33704464634866,706.1245090843775,38.114126813337315,38.09361121443111,2647.626707401191,113.23188880494061,3,HIGH
28.559779231711232,82.11229592865456,134.916206389228,328.5672350582956,47.71318487122132,42.28251665931872,672.5312985042685,1455.9225530180533,9,MEDIUM
19.983624205787002,57.954502794206554,127.27960426826135,436.2672849753776,48.84981779998224,28.431292324102404,1087.0122724365647,1659.8713680268622,7,MEDIUM
12.737269759517156,54.560304825331485,77.90509260201979,288.53404706781896,72.53858691381481,46.38472154338332,2177.233240213522,304.75394018333145,2,MEDIUM
4.949005765821694,17.43780857266512,37.725737322553584,123.33085709583351,69.33127125161131,19.34708870530675,1138.6896075785821,584.2351660750121,8,LOW
41.684570006946124,97.70040896849292,144.99211165003862,303.4492340257277,81.06122139332818,53.16701528938415,519.1216655547097,835.5878214732567,7,HIGH
15.730839379471448,44.479886924856416,75.09753356353008,201.51728452965745,76.56782902209395,20.521531852525698,1310.8942591968726,2679.260392047051,5,MEDIUM
6.323604969019666,0.0,0.0,29.4672943666602,44.84801557463292,6.877307830339819,2126.2584007046607,342.81791015257903,8,LOW
12.441297503895727,31.97125358077089,56.198817844988604,215.8275796166526,72.96943031672373,15.006745947670204,2956.8133234236147,1494.5871754567293,5,LOW
30.668733762517533,61.59881426976964,105.15446351916863,432.80063160525276,83.25013161526223,51.372021074771084,2708.7860864370673,2377.7486126394406,2,MEDIUM
26.544028994574717,49.84961700526666,80.92773124136323,230.50501001972347,43.159346591220746,44.502569010237174,1817.0701561560736,2617.011265078554,5,MEDIUM
9.059872501682056,27.566328612816342,39.68615195300065,126.28952592945802,34.45196930436481,26.968543895090004,2398.7994604738415,2094.7495403515695,4,LOW
46.57526610801302,101.67304430154334,161.85206770985593,503.82611890133677,40.31884600707737,50.25776478068039,1842.7480736956168,833.3781999830428,1,MEDIUM
6.2407576272772065,9.137785537035235,33.65623057618451,181.13137270593913,52.98667017378982,17.331652519062064,1633.5221322093032,408.1844207626725,5,LOW
52.85942276263233,143.23671885866443,204.44751600739872,673.9351516852852,48.76820965329884,16.67791219203807,760.7080298338312,515.7997001891872,8,HIGH
25.756293510746893,61.759169323504466,138.89421977902163,335.99073187961704,74.31702233390412,11.447915140987698,1088.8576971410553,2322.3117862224985,8,MEDIUM
16.67835903414118,32.89435685620947,83.54876335080218,159.46109033952385,81.56143500765145,27.121614916167726,1520.6886044798187,924.7729790808623,7,MEDIUM
18.51183742335039,35.70820753069198,94.9628662338682,409.4564679696245,52.183884435622744,30.706280313886854,2961.1298441202243,1046.7224331378027,4,MEDIUM
23.713504295213614,70.84737903146689,110.46071894092105,334.65292568243996,51.1253855055916,12.257059288901063,1943.118444625935,567.7953275962977,8,MEDIUM
32.30598804069896,51.54647602289538,131.57751426706199,572.4554420986311,32.10529699986691,10.730274794155255,2851.172573964848,1332.2033388745544,9,MEDIUM
4.071504907282737,24.144184278909957,56.92125379369685,176.6959970765336,40.82459676568179,24.52259427695428,998.4438904455591,1036.8989214638686,8,LOW
12.105241146573725,46.01105140713494,76.66677283252848,215.63616419875783,76.51866267215306,16.630943549277625,486.22239476565585,1103.1997417088312,7,MEDIUM
23.17201864105128,69.33376262801008,90.04813823489117,224.499798973334,63.0598227885921,33.71319994463079,2941.612706852617,149.681196944686,7,MEDIUM
47.72823138176641,109.1855104168561,246.75709277256115,1000.0,78.38804530309244,31.216759514460076,1189.9855807920358,1414.5796366873185,4,HIGH
46.558240525339784,64.86307243424588,141.07177074246727,276.17663329381946,76.32276560257242,13.124175244805793,1745.326521677044,380.0790705710478,7,MEDIUM
59.90253016665073,185.16058848250753,412.35967482632776,1000.0,53.9165369113756,5.6638504840621176,492.0859506419201,1630.2469240270043,3,HIGH
45.12569203453462,119.55892263687512,247.00371205559884,1000.0,53.52505824193212,37.23948315680927,2623.0571674759753,2024.091817083229,9,HIGH
11.353621070510393,24.95034632764663,61.184376509587665,110.3145855635459,73.94865110076881,43.644274903960266,301.8362410956243,1661.0142843957656,8,MEDIUM
22.121821288668368,54.28952847745498,122.9195089072239,350.3073937190564,74.82038471292147,29.413635395538286,2746.232112907982,482.0870688392217,6,MEDIUM
45.300395494525695,80.75328748266435,109.47047032868016,306.8048107953519,54.359686031824516,33.77504713681801,746.5013330087768,1868.6609056756333,7,MEDIUM
42.459589209062116,100.13558432808284,159.70615952800262,633.8186087773739,64.74976667547753,53.085571494859764,795.3913523249091,1267.7551350745714,8,HIGH
19.222327032902477,55.18070000711803,119.58963702613575,397.6617227336235,96.79125170341042,43.38519435084329,2529.658519203755,1110.2094787995327,5,MEDIUM
31.70118659777819,84.69647859415583,116.09329689357732,561.4676997063301,46.806634595933645,21.690493524060596,1342.8221422598463,488.89036792755905,8,MEDIUM
15.66185384501183,58.245298735299826,127.13094312287618,561.6204837745693,92.48120366256775,47.51508369312331,991.2481288373128,2983.2760173203596,7,MEDIUM
5.76161840750764,20.79201031759564,25.464851889369218,125.17966371465013,83.80533594610424,32.424611931584714,1910.3907973865616,1208.3832906666742,2,LOW
20.502466794002537,53.67274772587931,76.2846011231143,191.60624068218414,69.03234562207108,31.09672196264675,986.9109913418905,1396.2932652206418,1,MEDIUM
19.596742579891867,44.121178150440336,59.998902979695735,263.54327809647316,65.49913420296959,39.59359614421126,1073.677991439003,328.42798427058455,5,MEDIUM
15.078477790611917,37.009417042553224,87.80411585250202,384.57964454000984,96.09290631763669,26.47424894850373,422.9859016946702,2042.6456841497832,0,MEDIUM
32.393288051398024,83.44223312681623,124.298627497137,566.4293117507647,85.47537364183253,49.03862680864318,1756.4104550803117,883.842714939587,7,MEDIUM
18.742759782079172,20.673967505801432,54.385716015603066,125.44517559713545,69.92750710902472,13.3642215127949,649.4315854185415,2233.4870653835937,6,LOW
29.391801310830257,49.3265545868902,73.13983507412578,323.421369141077,89.49972629965475,26.09566460971905,2560.2277204224297,248.02498896868363,1,MEDIUM
37.12481036901669,46.20334646130492,111.3576299929544,490.719370922616,68.22096803589497,8.243181720334693,2327.754364991575,925.6701521655623,3,MEDIUM
88.74851892575028,137.7862713754993,266.26822109234405,1000.0,47.937055038681365,40.26971446316377,1070.7400416880027,2249.68142820182,5,HIGH
20.75864861476564,39.25502619424507,116.59224670968425,303.8388510573549,58.678235456251215,18.514761284066317,1741.2021588406326,1218.2217333616722,7,MEDIUM
48.1607196306789,144.80648079020835,254.9076446378149,1000.0,73.0104463760191,26.27123362617661,1858.9176070866608,151.14253405478811,0,HIGH
26.276273364848265,64.75997161238503,82.31513202679751,347.799972991423,71.75616433381894,49.31811030864425,2099.419576726189,2379.149974986285,5,MEDIUM
27.347988749201633,72.87467992576616,155.34593401768106,757.7248820144795,94.83569280185878,14.31427693553234,1431.0860585296778,2898.5125901015276,2,MEDIUM
20.967261895056055,76.41749966429855,171.2863677694738,698.2155813859847,84.21080888735158,5.112576416781751,2061.836862984565,1160.7160853963292,3,MEDIUM
24.68920132051241,69.16541070018339,103.02393885026038,431.3327108423558,91.07746001044109,33.90599001719357,757.3520954628965,1883.7052056194445,4,MEDIUM
18.874483326207184,42.73300562594332,91.8152644367486,334.7929445106095,82.24720932446759,26.877262018374694,1571.7505752272666,1149.320524841745,1,MEDIUM
42.8301168286323,128.72168415713014,265.2808356311526,668.2409991594069,77.39120636859144,7.748036356198718,553.8169213202459,1687.198418779792,3,HIGH
12.480799995306171,42.488815692743856,49.15045238771164,156.1561933131794,28.39955005089375,19.812283693168677,2840.8884725969297,2228.762555246462,4,LOW
5.705019751603211,20.373148170479574,35.69585997094508,129.4743540290372,67.21627097379961,16.955301111532496,1383.8052943734078,1917.0919659703272,7,LOW
14.688879223652771,48.08275991804319,86.28943777542132,207.06428879433432,52.31330206991595,18.030906596076036,1967.0920504427847,978.396348251342,2,MEDIUM
13.466045635417409,39.7917116806843,48.3244441069803,206.306030749337,80.90757674143272,44.48311916201765,1622.5041238165836,625.8062207529335,6,MEDIUM
14.682632560191246,20.620500774849546,54.818217251996295,284.62013966273787,65.75287895723092,20.23749021235955,372.40742372308887,1655.7859442718307,3,LOW
20.160854770828443,46.45544563000099,88.26015977094012,396.505609143318,73.11199214098306,29.481325162733004,469.32644426403544,1995.518824254856,2,MEDIUM
14.726035312101233,32.85769608254598,69.07272412009007,275.8001987812509,77.7122781504607,18.276004217506802,1014.3018684612241,1744.764018661221,1,MEDIUM
19.949851011823757,55.867600057554206,132.93066560001947,566.5557944092054,54.185801233091865,52.527008719502284,2122.3246602774734,428.0153700833487,0,MEDIUM
14.76243248880106,28.133463029005263,46.48564113047626,150.818769764897,79.0074821297672,43.71069091929169,2031.8736178445245,1097.3864606604338,3,MEDIUM
29.82102611835187,44.957069089445305,74.52514738319132,282.9491232453924,64.86690145019519,26.164130660448944,807.451476354017,2246.7135616397286,2,MEDIUM
88.24269855336416,216.26949064955792,410.0325833758106,1000.0,76.58997104740392,41.349168721468736,1619.2556753112538,482.9083683772628,7,HIGH
25.907203353317854,32.138075987436956,76.00897816402805,301.2819295641326,57.063590348918595,20.74126087976054,1291.0652860692485,2655.9754481409846,5,MEDIUM
15.24533099440535,48.09116642796066,124.82360149695515,362.4155375620672,44.54633620724178,9.111494411324518,1835.0695388699326,1426.2715085200887,0,LOW
1.8143069738833435,0.0,0.6042663640596464,0.0,56.61605696663907,26.526110186906557,1203.6530674602914,2383.9291880718024,7,LOW
70.32411730136852,194.43654619803615,419.4037288252684,1000.0,45.591858824829394,33.22926774649457,2719.7348722785587,1055.376589677049,3,HIGH
26.93528660424814,36.52123167881797,73.95910461216141,228.83331816621958,50.65987790077272,22.467733459451495,1575.530199404523,1109.686021811772,6,MEDIUM
19.81805183237688,65.11105138159542,114.97581389406938,495.19674483799304,82.73626378366018,25.076919409994993,1451.7601599184127,2902.733739888218,1,MEDIUM
1.970949415390682,0.0,3.757103216097135,17.007979674542838,85.68109879975553,40.72144119214165,2198.980994253067,1723.68270679495,0,LOW
20.59534708327879,28.78004805613691,75.2370851424253,334.81504909081673,56.74985283950945,49.77236910297485,2407.8568991300763,350.6249347170192,1,MEDIUM
24.540335331247388,45.09364614487515,84.47626844274181,360.0654143507001,87.10390944736346,49.70530214774757,1481.392317519634,2875.1142267505993,4,MEDIUM
14.80532669934465,37.95491500147755,85.60580906426107,387.0785715055637,70.31899345094169,33.78459069034285,594.1925321113952,1155.8093100537578,8,MEDIUM
6.842253468891295,8.575365297792276,5.207615369116169,0.0,55.97089752466847,36.4745178644513,529.740339786382,2145.1601083534515,9,LOW
6.410667609497478,14.91455484848677,28.279372236196583,40.741780011852896,61.99134486818103,31.640563267392707,1182.5605764359348,429.256956941454,8,LOW
71.03087673802072,135.2618382701827,235.8633645555845,700.6082036562974,74.73214501602267,23.561785938580755,2277.972145518589,2573.2020585180944,9,HIGH
24.038637919623753,42.22590389966015,67.46737089509946,307.0121378970763,87.92734395577283,41.90798480186291,2064.8247163527208,2879.264657677566,7,MEDIUM
14.794802586213178,25.660089774601584,17.588429414630355,80.65289024266761,74.62002222877628,10.562264186650108,1076.8854568323522,1179.402622557128,7,LOW
23.020847101238836,59.44927845504423,88.54373205395265,369.41196715255904,36.89286454165255,49.70070854451207,311.86211420588273,476.9145908478098,4,MEDIUM
21.898290234815633,58.69743015736057,124.89744646487532,254.60728693871928,78.23986131111904,19.18597345619896,2035.2160194346013,1695.057727077749,2,LOW
6.100444126410243,16.575379736340476,30.790569304506064,105.85079964605693,34.68958736089928,15.941107571855706,1823.8809287903728,527.2722381627727,6,LOW
40.99041346296836,104.04473387255085,155.9840160331036,399.57492309646176,35.408732419287176,18.69971036724079,2385.720817010288,1354.3118897934332,0,MEDIUM
19.43372396701819,56.68691120623401,91.12192585509347,355.69191771616454,30.720534276568095,45.58584673138226,2152.6477440609483,1886.839351243083,1,MEDIUM
24.27564857830575,27.8683435263481,47.40330215945117,148.72880719478783,81.21008995889784,18.44472557189973,966.6307396240528,460.93142432644197,4,MEDIUM
56.40180989054326,103.03295212908097,207.23332397948968,544.8118932079593,78.9767523091616,35.47692920078062,2278.8282990917533,2846.6550825730346,6,HIGH
7.041810202781024,2.5048915502845084,14.94216795029067,18.508483237043038,24.295525447206735,22.15788839815533,1613.2289352779221,2131.487576971672,3,LOW
11.948612796922074,13.678051038952278,28.1200936289547,130.56843312795615,83.36653085034845,37.820185735625145,1851.8972304577785,1115.776787041178,7,MEDIUM
27.94908399353286,50.527081422372405,108.8877336108258,449.33001196063725,73.79400433389617,34.581327068120814,1263.8816064317944,1276.278887824144,6,MEDIUM
40.45878648040998,102.79595646847943,176.74435221060685,916.3646385685366,38.533394573557864,54.88832613107543,2434.5912022891052,2551.9486071933015,2,MEDIUM
13.70754198875186,47.472206316784636,95.66375090575755,422.6270975896169,90.63955749059306,20.54779950377044,829.4365366527776,1454.212462981911,0,MEDIUM
14.34720190636307,28.767403664552067,37.556305383480556,127.19166403472283,53.9336649082787,22.490368684392354,852.2563371081789,2961.8878563717235,2,LOW
34.37160552346707,102.38688249277658,179.11172121310298,698.1768429051081,82.37428146737014,14.938377552302535,941.0504313044349,233.41410944254827,9,HIGH
83.94036960734354,246.74349479135682,366.06573031063334,1000.0,81.69648497383109,28.19540860717607,2431.790905847509,850.4439051433372,2,HIGH
23.57447913726344,58.71704333286523,93.1572083420795,352.93888763427015,67.1240262150463,46.86801059204141,2265.8804721170854,1579.418783599002,7,MEDIUM
11.916785779505156,19.09739546891512,32.85400332538001,90.073850008034,63.296247286866624,15.549901781350052,1027.88656687749,450.74228747765716,6,LOW
9.153797237258598,21.81707491354521,51.39013658851848,233.70394675240703,42.856559072207624,53.070491386017316,688.4884531904804,1100.8723476646417,9,MEDIUM
20.116734943950433,34.51266374558246,91.70160612749612,422.03728399277526,92.28356926049123,5.657864139731551,376.1121877585993,1583.9339141850303,9,MEDIUM
39.23775979448258,121.49265937157152,259.6195639887587,900.3042108471694,55.83505177885733,45.25743650734526,2146.326212167508,819.923604137079,8,HIGH
107.25238440122905,300.0,500.0,1000.0,50.09782837861402,39.58128708986807,1754.957333600523,535.5915618117067,3,HIGH
17.67837161727342,26.78704020130915,58.430554649889906,211.133811017827,76.67930894367487,50.26267369994715,2196.24876288194,841.6192944334036,4,MEDIUM
23.601605639453407,43.25723539004733,81.9074543085613,332.091050683391,67.63486768777139,31.090625573983083,2212.2887687337325,293.5867907822202,4,MEDIUM
63.63001910121512,147.55790618579462,243.7153144608111,769.533590904095,75.4215230863271,39.048218320319435,2580.895299995849,628.0077153292362,6,HIGH
27.629122825405368,55.73473768532264,100.28437098161835,404.9450251177035,68.80764319253908,7.4712031016926375,1423.1090881688137,229.99487607912508,1,MEDIUM
26.034472527289992,86.88177890092894,137.4647950238166,455.98358975458154,65.37879246667958,24.71775973893478,2533.640232652179,2859.9670979518164,8,MEDIUM
55.94670879685391,103.0835258860711,258.64845615020096,759.96271640611,77.66377391798346,43.53497783615351,1476.5722285720497,524.9916016774603,6,HIGH
24.001451834761774,49.04670016145153,99.4809549353079,384.14559932773926,62.98242544142383,10.449084317654012,2211.1178100346924,53.740955303023824,2,MEDIUM
9.83582116856373,8.166692237189324,18.32066768502714,54.79718786821783,28.834588769089535,44.11987014794887,1788.0832641819418,2874.280075680366,0,LOW
48.75014148336909,87.80779935657063,166.81926910071533,740.4382650048126,78.32536611683463,20.413665940031645,2787.8467005207303,2287.816869817588,0,HIGH
5.124201041333855,5.453959803973175,24.63614037633647,66.01867956380151,22.736789266069007,22.649455397963447,1299.346824655566,837.7120708963346,3,LOW
43.51525716096962,134.6273295722907,279.3662567686246,1000.0,39.498638366699005,37.36874289686825,2162.5332485203867,2642.8081999046444,3,MEDIUM
22.270654277019062,49.251584271975545,81.4257867606772,209.67423791205093,68.45775357484108,8.908198625970677,1914.8564164493703,2621.2938043110184,1,LOW
17.821915086873037,42.92381476480574,103.12254958371295,487.1578427110843,76.8178681769546,36.23130505263481,2996.443205751909,2235.9326506088646,4,MEDIUM
17.473217982654834,30.102277628236607,66.28552068493154,298.160055240062,66.38258942989381,50.68619625360266,508.6067908241737,1797.0579594550504,0,MEDIUM
20.058980621735593,35.770229931536235,89.2372326833421,246.41383588592004,67.46472183421174,9.68821388906634,1914.8939351681988,1774.9119904580714,6,LOW
15.893517753872626,26.963203197727896,60.576429373990976,285.285348934703,71.65514640756906,17.64986475408905,927.5964845484322,2908.2624445042215,4,MEDIUM
30.465337903299613,57.33059022249643,76.12535741958568,246.73330607020918,82.97954273553947,5.684074440361021,2687.302032870931,1422.1861452932571,2,MEDIUM
16.332642678151903,21.7033682900046,51.41907597968891,198.94849760518338,54.40152032950716,30.899499857048454,2445.147318363775,2435.2616207234064,4,LOW
22.390769222662737,52.43584253458048,77.32386485435163,360.0887914194202,84.74794505048126,41.548009995595606,2086.9662782623773,381.84895977728064,4,MEDIUM
3.121246422386937,12.961565674057141,17.84199679547856,103.66034682116361,61.481131797125045,51.319910489619815,1596.9412431815115,2117.4418123870782,8,LOW
22.28352077867148,57.91807053566876,78.48692542991111,343.04574122136796,84.16837196777965,23.401480261239346,2139.4875857075303,2969.21716896329,6,MEDIUM
15.645511635997533,35.43365303672448,83.51025360102527,404.3312460519477,48.412970890802086,12.437562359535466,1796.7116047820996,79.4352986996928,2,LOW
41.43387874510647,95.8797821418951,184.78139626556128,575.6113246395755,82.76462101674532,6.454228284641429,1075.7074763248856,810.8103799352284,8,HIGH
18.390039442580264,43.57448420028938,31.005041032076633,87.08114192360499,18.001698309335353,21.25031076268715,2512.439817324726,2365.590521929855,3,LOW
37.52668695254438,100.45047891882085,154.94135211611203,330.1758881103685,74.2640081768246,30.611390624431724,1683.9553766845183,2214.7438444614627,2,MEDIUM
34.71654607373947,66.09374353638003,133.04081676124778,349.59694663332357,46.66643894595902,50.03867014573465,994.2216126785333,2215.8774780815916,7,MEDIUM
35.36244620163665,56.182303901495196,91.00513340977989,322.26541777736725,67.14961857568736,15.822576586511573,2093.7467201458685,2948.2680789250835,7,MEDIUM
18.888598649924678,45.99470504586578,28.36111935386768,59.78755465936819,85.9653599319515,44.064956182870795,350.3328001387488,332.7729034630715,0,MEDIUM
23.35449029888249,70.77738921935719,157.1017504676276,579.4152038810113,91.53337784313585,29.04599241129308,2244.2413393919583,2041.5270017005898,9,MEDIUM
29.908496767909117,73.44057642365618,111.83973691162971,242.7725983914387,70.13662203433498,48.37675079653453,1569.9044835399734,1941.5009708796279,6,MEDIUM
23.873333635789955,45.99174091139311,80.25583944774029,249.64656392388696,85.0511141848622,48.153257482781456,2012.6483825810378,656.9967938416322,4,MEDIUM
18.420567829680017,42.92370702118134,75.39996136864417,327.14221956367163,74.75152314969647,47.88472963075448,724.4876249533851,678.1295696450345,7,MEDIUM
10.640336804964239,28.26780933104137,77.13350297678782,161.28467971521803,74.84556299891373,25.06726124853267,2239.280579373488,1968.1260206107147,5,LOW
22.580591983304366,73.8527828977252,166.95368930381377,709.2257041247176,95.16345925182542,22.3104727074254,2252.8454288720372,1980.8324332549955,9,HIGH
5.726761249297498,6.840052625884303,24.60981366964711,150.8066712174874,72.00109772784008,15.36443171021524,2302.2945222795297,1820.2103134967726,0,LOW
2.8480710265872555,2.031690374059962,17.491652557187066,55.99591904426718,73.66099418582046,16.42145125974968,1561.4396234045223,1412.5835959064477,5,LOW
8.61271988081975,26.40775769714487,48.7511265207808,210.50384808047613,70.64918986769979,35.811463274075635,2029.3672595410992,2077.2431412125493,7,MEDIUM
35.087169590875035,70.48604743915912,161.38251690698635,767.7813246678461,50.53374092054364,53.09705891893826,1782.9890878030085,999.5741212734697,0,MEDIUM
26.40988677590651,64.11205655092971,128.2987133481896,272.0813516949865,95.5710695144883,35.29794280303048,929.3155847193924,745.6176976523008,8,HIGH
35.3251136632991,105.0367380911473,188.19111223767885,746.6303155397172,46.578163163137546,25.615874134020018,362.1617442068249,1806.4961132630856,3,MEDIUM
12.862987179328993,21.258315668331324,39.12766044395161,62.83736075706524,73.93560218360943,17.121100305071188,1416.6574632046334,1870.9782687897846,0,LOW
44.23978446283128,78.44379348824276,118.88252125239379,346.9238284164122,62.89348249920875,37.59847466111172,2500.2760343407963,2446.1644263659527,3,MEDIUM
6.415824678939357,0.0,0.0,25.50475348668611,86.3404108268567,15.547269430301542,1170.0410858828511,1277.420189908718,8,LOW
8.908143165878242,11.15201668429396,4.851801443899127,52.11586477972601,76.37587563340009,9.668803255832755,2322.3049589906595,2304.161695008845,9,LOW
43.734727755740714,113.34268422444401,244.48354047410632,1000.0,85.09395848647299,9.676999475203854,2027.0968702043522,2757.2492350282328,1,MEDIUM
25.07800468262979,78.5411945454596,127.39738969678451,530.0457467098197,47.95902523708408,47.522968565119626,1253.812810951575,1305.7033733535914,3,MEDIUM
35.46768155407793,105.54221725338084,180.4950626833093,757.1675280496729,82.10867567160646,24.11278085133282,301.5540237851449,1650.6085450591615,8,HIGH
26.488421732283552,69.25505395527833,152.9117121692494,569.6880290255693,67.0014713814616,52.0170050512254,1463.7167153702358,2735.2734353864325,0,MEDIUM
14.393937429764534,36.362983149067844,46.54535395393286,72.15168648940778,47.04095647636476,29.8370889794149,1360.6955494716562,935.7378452756647,5,LOW
7.970031367051427,19.311796657622523,21.18456081115984,5.483797310439726,71.60103841137777,39.575304191426305,674.6051240716631,2181.837367535812,5,LOW
3.8069977427286377,0.0,6.286943624995971,28.947603500204526,87.06276741431573,46.347585732385745,2510.5646309019903,1752.8004089495905,3,LOW
67.07153709088195,134.27425167288942,209.02915287033943,880.2404117678135,84.32433719246384,48.72445864988172,2879.803156945378,1271.2972480408105,3,HIGH
4.91808667776697,20.820449767387647,42.56908194414032,148.00042724720822,58.2869048324764,13.12747377797916,627.3559955588789,2599.3822341191,9,LOW
54.74073057764735,74.69884078296313,94.50642704961822,308.64919323639725,78.89421789570103,15.833670870510275,923.5411579232044,512.3481895734012,3,HIGH
24.104748879212664,44.07542156763025,102.65707841697673,250.26355588601697,59.990072808844694,12.504583960747086,2007.741492613801,154.43181444740432,6,MEDIUM
27.06393801921534,52.48503142841471,116.64773409227733,428.6978165445244,72.33840971256336,27.27752952649329,2867.3274338447,661.0699841857402,7,MEDIUM
25.83504505976448,66.13541372353657,88.77776019714673,274.4979195494836,41.028391208833774,12.751727146003667,2821.7981211280467,2634.994101006173,0,MEDIUM
32.53104733390473,47.24199975600666,83.99676600681548,206.48059556950474,21.33827333991262,37.54326875071123,2814.629384143941,1063.6205856319502,8,MEDIUM
11.856886520980574,23.853829119306788,44.61655442525032,98.41481129226393,66.75275545126775,23.141346666966868,1488.3914450510315,2067.7071371360225,7,LOW
2.3852819404541403,8.622978535716333,0.0,0.0,84.3166555589539,53.20357600295923,2961.937547884754,730.9763354924607,1,LOW
14.153708306153675,52.355528318146455,74.84374469258009,268.85004898550255,37.912564458809236,45.82935931140391,1284.5908781389294,1498.135364105673,1,LOW
30.678444943010188,74.64070493159643,164.59527209513809,804.3098913839474,66.3562084974053,41.21400558190658,534.0882825887287,1592.4268959834667,5,MEDIUM
8.987060194823767,18.306232348776515,30.313129064346597,116.80623177936982,75.89177275777631,39.435633926486496,2201.9857501641227,773.8557059042289,9,MEDIUM
44.954907312991175,90.91178235850282,216.75052855397286,774.3551222400474,65.61363095573401,6.980260908367742,1801.6979879804646,1192.8394651930107,8,HIGH
20.335118951864217,59.22435492910516,114.81394893238325,450.8310216662793,90.70734955970154,9.1842797658381,2458.505458723994,822.2259758140613,1,MEDIUM
8.24861602150385,9.972828907596785,0.0,0.0,50.62471393450655,26.605549414287772,1976.991103247791,346.9914138273791,6,LOW
24.903223079096463,68.1074162522751,130.12696003504522,380.9126844454111,85.22192732885819,50.735006558141606,2515.74661592681,1323.3761106119666,4,MEDIUM
30.324749164028404,81.48865397132201,125.32414818141271,321.7468952545719,54.398670325596576,9.701409097120617,1228.5065944748121,1712.7001657060812,6,MEDIUM
31.841346803076295,94.30827552528612,134.25700243957132,605.3199752126318,74.05431216152517,26.006973656393868,1077.4297348226062,315.6733044888667,5,HIGH
43.76672919439078,131.56772743371445,197.79773162652972,950.8755435632272,78.47356002278586,44.69574566345976,2344.5650365409765,1105.7847245184114,5,HIGH
5.935207645412059,1.177157608418156,1.7555631458788175,34.030311266955245,60.92445357272982,20.989640011475714,1643.8405608153735,1414.9613457752375,5,LOW
43.80665599838858,116.63012255664984,229.35866451087736,852.9192298947382,12.441469714265283,51.46911944025747,784.3674816645404,2800.9523184483705,0,MEDIUM
46.476547922228946,97.7435016706843,164.63832264290727,336.47316459467356,79.59034046180412,51.73499161496787,1312.5518273174725,1850.4502263153618,5,MEDIUM
7.986261293699561,10.956459333065485,11.594300815265473,18.197595755193003,53.72348024411878,7.848699276675548,2461.7755614357134,2829.6834952719128,1,LOW
9.51906460421844,18.779919505004827,29.872819970350157,69.54525004361983,56.354958910106326,35.820151862139724,2794.5898898401388,1596.9296444292488,4,MEDIUM
36.68185875922138,52.34580512294568,107.0718803592263,478.5927278844026,52.149871921542044,12.278605202874639,2352.8701329858823,2419.61092061384,5,MEDIUM
16.413219542360007,45.69978350998645,86.66975519326283,255.52837148714485,92.25022445645276,27.050536231404422,2238.9381893923664,333.9427475263836,7,MEDIUM
51.003958573263844,153.7890481363765,294.3528944415596,751.8699417832413,72.60992435169217,49.890221708237036,2491.4494645852983,1715.032878840559,8,HIGH
60.338757167128165,123.88739485805255,274.95797339027416,584.1012595748351,77.22691405777606,8.668352855950758,841.4317489109391,1091.1588775844095,1,HIGH
8.240006858432398,29.799221616956856,67.39682455983332,147.96813852568428,72.18180823305254,51.868029187941865,1864.8691334364062,2198.8690506138564,5,MEDIUM
11.66016624344018,15.961965645971402,29.26472518253757,115.59778687724425,50.7365368288527,54.72301108776344,1904.3014838634926,2638.905645770107,7,LOW
23.990943775974937,41.532324744056396,80.71256509944097,266.8765390746969,66.45331207495748,38.5122823925093,2854.0189152737244,2151.164352983296,3,MEDIUM
2.29673647404963,8.867912215594153,18.566522187003155,112.85020814747881,62.87495261270729,22.813582851152532,341.3222723167297,310.43642049865355,0,LOW
3.9369208338935997,3.8966208454804603,8.06455585304059,32.71298894881272,86.0288633974693,17.550633044389734,2920.4121165148367,1882.1125567627325,9,LOW
10.556607798177748,38.626911770010025,58.89178331056907,130.26898150908926,81.67696320330077,26.630384453788636,2260.399606384486,2245.1009859180526,8,LOW
73.8276075229842,209.35329270200387,338.6046441874767,1000.0,82.31998604081464,13.991330818941117,360.58374528081737,138.03238246113787,7,HIGH
26.668520834793632,61.84324000197101,120.59819748935585,346.0876770975512,92.68952824249573,6.002824871289315,1700.7938920409008,550.6977055076716,7,MEDIUM
13.297886694585742,21.973767325675166,50.10334735346038,126.05072090156165,78.03465893840179,8.136931305908853,488.4176032956617,2056.8464555097644,3,LOW
9.451532486803083,23.703728151153676,43.5944432664627,183.77817194220677,40.83585724092926,38.17828009994214,1929.1658520873514,978.9999490659428,7,LOW
7.901643521909177,27.91105524741888,81.71833529774884,343.4006901514953,65.77553165349572,6.037775767474514,1519.3394618222844,233.4422787920747,9,MEDIUM
14.099960967816099,30.475952577616674,65.11180611277237,201.16279657522279,47.01346826060695,20.073087703297922,2385.550915348753,2673.788581672496,2,LOW
13.454526261371683,22.669801894106097,49.42795162901958,125.27133087595129,49.200374463688775,38.81946941925958,1864.457982371241,2858.9172109948736,4,LOW
18.74736529960711,61.02629742036569,115.1501816492106,263.6606747065019,72.76010826095614,13.738894307012018,2423.226967037621,1151.7440354452815,8,MEDIUM
31.331570145681006,55.32223826686274,114.1406808006565,233.78902812900992,50.87473910183861,21.613850825993755,1295.7224748032322,2978.9859620424213,2,MEDIUM
20.978346995359367,47.54292257991231,99.2693609978706,439.49980902597997,94.84926169482802,6.572080061490183,2613.594948053327,2576.9087980507047,6,MEDIUM
38.16176992005291,91.18813043065971,184.79359090946028,719.8690479006848,33.30979415159294,10.621124856550386,2639.0267610604687,1689.7798936363797,0,MEDIUM
17.73852913227475,54.848994957975826,148.23722881453102,323.6319263307011,38.044448852523175,16.29626139806933,2069.6845598231434,2254.347270338692,9,MEDIUM
63.3179614109023,103.10670918435532,148.24870221921583,376.854450675698,46.48268762709089,11.3088447204248,1012.0368104562189,2811.915376976959,0,MEDIUM
37.541043039211075,114.40396198776118,251.8828169980626,730.2829955173648,91.44255158238536,28.60299713304424,2976.8632852296173,2195.59549438316,0,MEDIUM
26.15438685539165,73.30207766330453,110.81083113313574,306.74784935837295,54.90532779084831,11.347373788461912,2507.880797510973,1045.577199300305,4,MEDIUM
31.40492749167276,66.66927117641106,145.14278221875713,503.562812967233,69.53599164108981,20.259101637224937,2599.4596247231693,619.4203803464916,7,MEDIUM
14.410511890557895,39.9616024015332,84.47624768942255,315.3123027141491,70.54330311041355,41.1784157347273,331.1883489469823,1323.6693752084689,2,MEDIUM
18.516332563892462,56.992517517262726,112.56502270692091,546.2386080530899,58.10968490111551,37.69263697488174,2530.590236651366,600.666872779937,6,MEDIUM
17.975642095715074,43.73471241298108,75.71559092812244,355.1636761542418,40.82817177246456,24.14995411540707,887.9535498649959,113.49439099924999,3,MEDIUM
12.02896550260952,17.82238520517525,35.557225657125855,194.12728227904546,33.63987063850949,51.554402866260254,1672.2918453933553,1395.0381627101942,9,LOW
6.680975394977904,22.917619027760665,39.208873977583245,168.3989030766952,82.9108227372762,44.36112744905597,2201.570993649151,1021.303634742657,4,LOW
32.58290370634854,97.75225292353274,203.18070001398368,909.2752281131792,92.02687429121478,35.35882788283931,1407.7890584083375,331.07716083082505,4,HIGH
42.242783572038284,94.31749828664401,168.76781928691588,802.9914139599657,70.54456800521395,26.83893510466949,957.7831212016116,2620.8100400280946,0,MEDIUM
29.461353646076862,76.51815326978789,163.83541269452158,496.78462025140243,53.68131760294177,8.00180895428479,1650.491100067155,412.6918948808281,2,MEDIUM
20.932459058528842,60.150462119929394,115.67357969732542,301.5669795337873,13.771701269104522,25.642636616323966,1109.368786065285,1909.6748068521715,0,MEDIUM
81.84226123326783,241.06144259343534,394.9777063837388,975.153669990076,81.24244945107343,32.26331252183468,1961.3658409605139,1729.4814940932993,8,HIGH
13.160383308614113,24.03436291634732,58.887730633290346,166.34673675047597,58.392686041183396,54.55087571647236,596.2085467644383,2938.022452825917,4,LOW
26.788103017663033,45.9058728312231,71.00462631745478,286.7364288447415,40.28338709926722,52.58031534620312,1402.4572277522698,798.8249468334812,3,MEDIUM
46.30838152928586,91.84210764252623,195.89514951503674,416.3666524580283,91.03774731009547,10.610578998499328,1897.327055133256,744.7315639264277,2,MEDIUM
8.676810722141276,18.053879229698726,52.12610224223097,214.54042596374526,53.168356311292754,53.96330707919319,2974.407930533366,1900.238102129262,7,MEDIUM
34.30358329276757,76.3326945534166,162.28693092038262,727.0708565463027,87.6308711196484,42.7308814928228,1637.7359792451057,1696.8527624423778,6,HIGH
65.99655796291967,171.37051502578575,371.6316511124346,1000.0,69.61356787621541,39.09678283386946,1449.892055392762,2444.83612989862,3,HIGH
22.233248946576403,69.8770282213998,132.17837471371791,413.7501654170329,93.40706985303262,50.178048321430076,2970.873923451581,560.5440885359924,2,MEDIUM
25.114524574864987,85.62505811363359,109.72758276781903,274.67600220535826,59.0161976407437,21.252773873122223,2798.539471784163,936.8223775797844,9,MEDIUM
13.224634431703414,7.040814647365362,29.463404146112165,125.42526881740754,67.49293118717567,24.96514117482816,2117.01024341635,64.75944100071627,0,LOW
31.15778213885202,98.63247874818538,155.64677010146184,375.5484530688249,70.662459948914,48.54734757641464,1770.887910967664,2178.6687879304836,5,MEDIUM
11.784014431480678,26.709668729010083,53.59672365123636,241.14847470586227,73.00603355827991,10.199565036495734,1031.4174115438832,1010.1263718660687,9,LOW
21.275017309527012,70.93776063459384,110.0670689056579,290.51813635556556,56.54606571262203,40.45799236099233,1984.4025100467115,746.463069614959,3,MEDIUM
5.897234818548717,2.8058434026834025,0.0,0.0,72.17422902860397,45.4911095246319,2551.728234106814,1834.5493116950215,0,LOW
1.0910772244370812,0.0,0.0,0.0,48.792842240188165,49.25314765219362,2950.283946715686,792.5267439407982,8,LOW
15.44047767280223,37.53289837920168,70.70924246950035,223.29917742463726,93.48229624983837,15.958639566129296,761.6211851605539,217.41243267075487,9,MEDIUM
15.24448274711785,39.7232678282453,64.9489282044106,209.91077217531318,26.9928282357493,38.962324560388986,1039.9527093289087,746.9520348331833,0,LOW
16.502370821557747,48.2035341478828,104.40976296179143,486.2036010449275,54.74390608909292,9.285898279391892,2687.9498273678932,2556.6762417811487,3,MEDIUM
36.782372567901625,86.1835453627472,196.14020297230135,360.49588737054876,38.679031977671094,48.04811657909802,2624.605780201777,1806.328009752009,0,MEDIUM
43.03307419584985,64.27050920325335,112.39356130035225,542.0811424858977,44.117382489867005,29.089968658935014,2234.9788316346594,1439.9320848423024,8,MEDIUM
27.58534183043503,44.86806778995903,123.32712656474335,267.50606988062,19.529065472335482,36.20824919656766,580.0744811422592,1499.663831469518,8,MEDIUM
35.05753104811027,114.76033205134476,150.91613386559862,426.2197114908903,74.14937722910136,47.56877034754946,2206.889465598744,2991.042277784492,8,MEDIUM
12.069931845220857,34.979515653361474,109.21771010251662,566.7751295311365,70.58586879807127,30.30118697412983,1566.4595594412986,142.89821839052894,3,MEDIUM
9.732761674609193,17.258177977872695,26.830901068352446,89.31558046793688,81.2337551088318,30.432926189603243,1302.3781318767724,525.586124854872,7,MEDIUM
31.59537371529654,69.59368421848444,132.69200560389672,528.8456299725686,92.09181404786165,28.232806113983656,976.8532949251735,2603.2455994587754,1,MEDIUM
8.572460578987213,29.296888228974836,43.0266544610856,192.19914083063992,83.14610994544613,35.03465618100836,1158.547771252598,1627.7547087311232,1,LOW
7.722868259166011,29.314169463866293,61.635065982111385,186.89413811854635,87.48119608584102,40.866162240377264,1746.6409898195463,2985.4327572422494,5,LOW
109.49739416815794,229.32214409976487,327.04318435356254,1000.0,62.446343697941984,45.25841175961067,737.2645579535595,2067.573051823801,9,HIGH
23.293440771376815,20.48660819092608,25.61635865842293,31.843726795681068,54.20744388226512,6.490174444550757,1675.1247379342415,2184.1042852941305,2,LOW
15.25220212523635,32.13662517723757,57.713617507372504,237.19243537688297,80.19620353569573,22.403863477244297,430.1489289116585,1760.3117854916816,4,MEDIUM
13.900200981034986,20.944268344590217,44.51498557147325,223.7937035834182,80.8917725723419,26.626376196802692,1408.7198682899543,101.18571695049052,9,MEDIUM
6.065889157562066,11.411715618611831,7.589115396303612,72.39405059844651,84.45159866202687,9.934669786251405,2892.071448442084,2728.629513789949,4,LOW
27.178038571433838,42.92738984496326,80.89607694100842,370.0851523811356,54.12449446735612,42.58106614418239,2295.232873356065,1592.8597156267938,8,MEDIUM
17.705920534602726,46.224090813027786,67.90678706366472,285.0338575796036,81.66450238312497,31.14378589158237,485.22560355719565,76.7067119950883,6,MEDIUM
42.227274347991475,92.83162761521902,139.36602900355246,498.59219645368796,38.97202258921549,5.094139117346831,2157.1578345038306,669.1862451318096,8,MEDIUM
32.275955841356584,53.03021649017882,115.87774008291623,367.26745872388597,61.89660304352811,36.56859716262592,829.5055459865932,1083.6208071217766,3,MEDIUM
17.245606271704347,51.88782154629396,71.48217131225726,292.41073861406437,83.1238976239605,21.951099849549184,1580.2438073094165,894.2526525848306,8,MEDIUM
3.1040255948640993,0.0,0.0,0.0,70.46967359976678,41.34271726568237,1094.2549803845086,131.89965591559854,8,MEDIUM
23.33909628039426,66.59276490672703,133.1348727578795,419.8995680171025,38.739610169531375,13.984756932277161,2822.2347677582657,876.6982653967792,8,MEDIUM
21.839521144976274,75.88840621997115,129.91338526963844,580.0605999232295,46.428869305363904,5.0604748472645635,446.9884455580724,2694.1032329124146,9,MEDIUM
2.385337325469672,11.422317510129433,20.94550920125106,68.91440472374511,68.77315153141573,9.341196008642594,2678.5867057435894,1787.070105933221,3,LOW
29.762570561898087,95.72545486940976,210.70897043975836,953.8268369941763,52.17512783252527,27.020003802049132,2193.7224053145324,1014.5531566971663,8,MEDIUM
8.309724345149212,24.843854703705652,45.075708852919796,229.34700397276092,63.19530777105575,42.40048724374931,1279.5307559716505,309.92653157942453,6,MEDIUM
43.69141741999614,122.76885085491425,246.84631511700425,664.7339997455672,94.88530863802838,35.195701748637674,2675.034881869861,2266.3191669554926,0,MEDIUM
20.873814066906867,55.577674625657814,119.00930935858699,226.89517384589098,66.9772969615138,5.748330025623334,1397.0177391272073,2169.1510790103503,9,MEDIUM
13.585032151276067,31.720135596090174,59.15549204400553,243.72189753453856,72.11527338781958,34.58041461908161,2185.599112130817,56.985558273604866,7,MEDIUM
25.753431451979004,24.17942974931702,47.4997346041708,105.36008986347446,85.22471915838977,29.10867613690353,2427.236761337902,2980.5612845419096,6,MEDIUM
24.63239599894806,73.85022937029893,167.45084676737514,851.7022700936519,62.77990318529347,44.827251127304145,1073.2555561660174,833.6849141617324,0,MEDIUM
23.986922364751138,66.28329825623527,145.67311884685023,286.38195892768294,62.117516578061114,17.833304720908206,495.09055877186984,824.0831410486912,9,MEDIUM
39.925393439064095,82.17864131225288,193.8744819469194,518.9380774235904,74.7698073739015,40.94656526407159,2643.939794764494,938.0483157892521,9,HIGH
26.8769456872648,78.12150430368725,146.695208618245,329.2420294068848,79.52541983186158,36.588837677407184,924.475580618798,2887.0654002460396,8,MEDIUM
12.616678318662554,19.2888169917458,52.61096677895495,210.2234010095109,63.12083188656605,36.149556264270295,2815.8789013579917,2531.2661995019985,3,LOW
18.120424680264897,33.21189658650468,72.2788164498079,294.13932332267626,70.67245723959668,25.27777197644199,1150.6071517557277,1930.0014694839597,0,MEDIUM
54.11181898894259,147.50861909641455,215.3546076878384,945.1621655845339,56.80914154071296,5.642415456115353,1420.2187737193428,1508.0785155764347,7,HIGH
11.69697116881063,26.30867543780599,63.06239877653885,315.9026964985614,61.58787683538113,14.382114589430468,1461.8375162259047,1014.719299766369,5,MEDIUM
29.430740238502786,84.93545756872254,138.53075203112397,528.3480404286897,80.25533030343972,47.21247598645501,1563.3008273624357,1038.443812213572,2,HIGH
40.9074158448069,114.36479563291958,268.469882135875,744.2798165850608,98.23397738817049,35.84221054443729,2899.4586349152405,1010.7051705274238,2,HIGH
31.419622615972052,67.47596834128106,112.52762997429477,221.9727768761863,61.93664783652708,33.90703834171496,961.7344383260528,2594.6690889406177,6,MEDIUM
23.443750768422365,65.37514702255251,159.24568008418728,694.066569813192,92.56290747369438,31.284554959858497,1942.3397932704058,2059.875241263092,8,HIGH
26.114866226924274,48.83608488194727,118.53850108451093,342.9941853531003,60.56802980233563,8.846576063203333,1094.1541180420609,1250.0752740011005,5,MEDIUM
32.79008276946506,88.22212524776941,183.51236590262462,849.166608440891,61.7771067439582,22.38346541503859,653.5114838215409,2980.9723499828056,9,MEDIUM
11.580702075721142,43.19769647008144,102.25711969534387,471.6776673985621,61.2207654764231,35.95749085800695,1079.6845780260178,573.5755028239265,5,MEDIUM
21.943777850643066,30.573097181982586,74.23988988513568,271.81151111099655,93.03861735170331,11.277504570485304,1791.4910920169928,276.1987218363875,5,MEDIUM
81.54597313984968,135.92149356930358,244.95766306026792,956.5957997349968,87.72972132154962,51.04970525655589,1938.8728959359307,1136.0189037726518,3,HIGH
30.0612887550051,62.17818299210363,113.74145225167646,559.4084598723475,67.64882298719922,8.632401688828928,1012.0475938845838,2946.4405403792607,0,MEDIUM
24.045476950383268,51.0941388048283,51.74338282715069,226.85970436002515,92.2268973205275,38.989301927174374,2965.7490049968796,120.85566061879572,2,MEDIUM
16.75607982523089,38.5082312262771,52.7241801042654,184.2842620012174,40.87309984917551,20.0620992469944,1279.4047981734252,288.95298542993623,3,MEDIUM
11.690036626861014,23.43352027129272,29.554099709070606,110.2796151456298,35.422658321171525,48.183730739066704,2546.5024188592256,1057.2769022497469,6,LOW
26.734192070048515,76.02625116815294,128.66537311731463,419.34694509250176,52.31074627636192,46.34185062722329,394.5914794007805,2962.90511662847,1,MEDIUM
28.049453770283836,40.573834211909,70.07216428318208,205.43813216080915,91.40226491145623,21.6605667033338,2177.088801779993,1063.174790724996,5,MEDIUM
20.87882726278338,26.61787495761424,45.84148186660997,187.69154579805587,72.6602497047161,28.105664159501433,1119.3489475145425,2050.3313306523205,5,MEDIUM
102.409579006856,210.71942277066682,416.45170966221275,1000.0,49.77931734297509,52.95556991097704,1749.600792284987,2598.8889057499337,5,HIGH
12.553472131172349,30.157379557369453,92.53455667204051,428.31274074483207,57.05467674288421,35.395084817719905,2558.8292733911335,2028.1466221340254,9,MEDIUM
10.226723714924926,23.20074543130832,52.77291718633211,117.10262471833852,72.6283769021692,5.300116511826781,2257.0802196020404,314.96384918532453,1,LOW
16.941335775319025,32.55479812213922,64.03708384334541,280.7893287658685,21.373786022906323,43.86205705701221,1271.010659275182,488.176199094145,3,MEDIUM
21.37481766410798,38.177518335048106,79.4150253413538,261.05897656048097,77.94879885729283,23.065698833037345,2277.6945516931114,813.6033352306572,3,MEDIUM
11.187942226053377,23.868050188560062,46.13992169125427,196.90775858960424,51.55485812739874,18.792036786937455,1417.7932402148253,2398.1167532620093,7,LOW
26.282289432240653,56.05755461181002,87.91226024259275,188.03238526179499,85.89510641016993,46.60704526314298,471.41324386546955,2415.573660188238,6,MEDIUM
28.306180041963977,67.24595683864015,173.21358677955266,815.3534749246563,85.24222818420677,53.376358342913676,2097.079283409581,552.2392321725886,8,MEDIUM
35.44454290911361,110.27201846145589,172.70987503440963,661.3054391852432,46.13605346726293,8.10200374787361,2829.403734886045,1168.3657414309466,5,MEDIUM
14.891173915763943,27.251947148867096,64.54191509589944,220.3312207947263,60.979983504971756,24.51781123841855,525.8611105098665,462.4296722004674,8,MEDIUM
51.221297340011205,129.00235278732808,216.38140904700563,585.9345964358197,82.27253245062896,18.98575638497823,2156.588314558927,1445.617406518288,0,HIGH
33.85504141170253,65.79484932278541,134.9703130139827,410.26829382169177,70.29600653212236,49.88769656323535,2567.281798642307,1124.6570311147561,1,MEDIUM
12.34407262810635,30.57074198435253,75.89592511186315,193.3031644289884,87.03133877973843,48.38474817348439,1910.9080137200635,2976.6978097215647,6,MEDIUM
11.145931928687771,31.629758055482696,59.04393310256797,170.73665701168392,80.60793604859398,50.05585674762382,1610.5860712069186,1196.6935278240749,2,LOW
17.837566860251396,38.111801476150944,98.75081903956416,273.77544676378295,76.1152867531967,7.132981313395405,940.4722187949955,197.5889574468939,2,LOW
28.35430820074414,81.24213911309477,124.69381642222788,460.8890889847605,47.395842540654,7.505487295592984,823.3991368503713,1585.4398895945687,2,MEDIUM
31.248284945943652,94.84382065932719,160.83523388486728,479.4517376782934,41.421864274079205,32.570019234557364,1370.0007087870042,2726.1878411229504,1,MEDIUM
33.81216601079076,94.17380778949432,132.4223935131552,514.162686676942,22.8661240637616,13.345074740983161,2031.477577212232,1139.99068991752,2,MEDIUM
78.27791859794004,242.80277395641508,418.29057379910034,1000.0,71.80361513882804,10.632928858257348,1149.6146857220815,2464.56578973986,9,HIGH
4.266470206777686,0.0,13.09505013515978,45.15449928338954,84.59513267501487,18.017917742716314,1618.6959278369002,1279.35917969698,0,LOW
20.461746765434246,29.13925835701975,52.75008780657094,233.25419963068273,85.64999661772073,40.47003024057333,1919.971172647987,1726.667636924259,9,MEDIUM
74.18995750669912,204.8836756032053,326.06259334610803,1000.0,50.9180926396479,38.58270373102998,866.9449937183072,1531.9112629122992,5,HIGH
36.537874969590156,84.33991539053127,140.34795692888247,536.6860658903722,81.26710093740962,44.25960619267394,2301.767204137289,2628.7847329315027,7,MEDIUM
9.687594203156102,24.08843729421646,47.863766458889486,219.2602601038335,65.89764083544777,8.137638997830877,1997.351691935509,1725.7421290835332,7,MEDIUM
25.357883428971483,70.21313549374301,158.77494163485355,675.5367992093177,92.50810763073702,43.32066350088852,1897.9515977473352,1168.255086498154,0,MEDIUM
19.57198011840698,70.07025082428974,138.69504521154514,488.1163953626054,70.87639083650473,29.5308760866965,1590.9003952111352,2312.6360473139734,2,MEDIUM
19.054520312424547,52.40405802300558,90.8217888126928,281.7888022839155,45.46268659717334,20.64976067508974,1284.975476353838,198.5000672095702,8,MEDIUM
14.667557254654424,52.53913025292196,128.73253179802933,584.9352306706934,83.16012916008056,35.514230750556976,1781.7965230786683,853.9470713288742,6,MEDIUM
23.921899495637106,35.018861814939136,61.416386697848786,271.71115278103196,89.55331109774689,44.976506920184946,2367.4752160459802,894.9760079155351,3,MEDIUM
45.20452877715441,89.19768479041095,138.12479580719582,377.2332771436443,50.01538268364239,10.193748629805617,2206.227978484652,1728.3490841146117,5,MEDIUM
15.722701497859827,56.280149716971295,102.5209383835712,365.5817027013223,69.80800076736145,45.36462136492222,2291.820994106746,2510.808028213052,4,MEDIUM
33.981546668706294,77.37962017196308,127.78027625253131,571.439527376262,67.72645664135159,33.47199418178687,865.4272194888918,1683.75800107245,0,MEDIUM
38.0181096333077,54.280335939149516,74.33630721475578,357.90461811372234,80.41497336884052,36.00270141099112,2405.1485105606366,1402.0757452049047,9,HIGH
50.9522322704552,157.15959241032962,296.2500345245255,710.6736629959939,74.86288506900097,48.94760809464695,1205.6130000894113,242.6651743917386,2,HIGH
10.986135394857218,31.099343886811404,54.640639441004,194.4353742729126,73.87669154501957,40.49937957404291,929.3212345748356,2911.6538364911976,8,MEDIUM
22.58540841557246,53.340537047879764,87.41123429033557,322.05649513622086,83.73259933084572,34.176208209369534,628.1880325896932,921.848971275678,2,MEDIUM
13.352393128546282,11.090852615140397,18.4875117547048,62.72058620608579,56.07766381264416,21.801132513480965,2541.883976190207,432.5166263664237,6,LOW
23.954107632637857,58.747991663970694,85.79500567951271,392.0092221577872,90.63058664684591,30.5155080771624,1982.6328165502614,2506.9622060958295,4,MEDIUM
23.839659918368888,46.001143242827524,125.44371717866274,432.3948151443832,64.66995498629899,46.82832942800602,2571.526008738911,2676.5180519501255,8,MEDIUM
8.775391004474725,18.102295927723958,25.30435498623002,47.909925977140134,76.38876326625052,54.78036124619909,1815.8226733597962,930.8483077063516,6,LOW
24.966604203355047,57.50105307711091,86.85389169326673,277.4517056164175,61.81540994905228,42.807605770052156,2622.7571982045106,1668.3084817178546,5,MEDIUM
80.74695536325588,236.45554381920775,345.3268832691593,1000.0,56.108166997421215,44.50812825167888,1802.742322616658,2361.1892348439455,3,HIGH
31.33132200019471,59.57758388275814,82.46423508176377,376.4715589147653,63.03885765108366,39.97090254988748,2043.780343155991,114.020762518745,8,HIGH
7.232211836055429,24.560773882558095,39.22338017667901,183.29364316820082,54.84612138981642,43.3475244861827,452.1734957480781,2961.4216536818712,1,LOW
10.414504259157733,34.629841399857256,47.9905488503879,207.0184387377828,18.631991973775367,17.158982633735476,2108.0784078455818,1005.6589791757171,5,LOW
21.76506390575015,27.022175438923174,42.00467236415028,191.2559446950439,69.04340937517888,26.191648653871397,1913.8214440841184,1465.3143131839886,2,LOW
10.62223781496528,2.5708223812129845,9.771538284276367,45.857036623697645,67.47521613290748,32.79979921328291,953.6057516387443,199.17597934359188,4,MEDIUM
49.205641376331194,136.54825470189667,298.33709281013256,669.5088940080642,67.7902085388721,32.47320651686659,604.3813203201305,188.46816099348717,0,HIGH
6.439287803970643,10.762273814751637,34.105378562441174,174.4055637680432,94.47795276271269,34.8633896090174,1237.3989772290524,379.3785369258088,6,LOW
31.479504495263257,73.73200617573931,144.88259566355296,540.4310372717067,72.05788781310638,53.676739646487135,462.4933135508378,997.3064836215897,7,MEDIUM
5.184818440869115,7.517111350913616,14.791871953823238,21.73131915967187,84.96829320728195,47.76352679607206,1922.2389882746884,2768.517049165853,6,LOW
21.515031173984816,46.759383082763726,104.32979744802857,561.6425201912009,67.23709140281956,46.39165959032198,1774.0458885116832,1570.5322216768204,6,MEDIUM
9.340799333444583,26.983726354221247,64.4981944455569,156.27448003072598,53.086165624356966,46.518507206304136,2778.1020147897057,1010.9462718482448,0,LOW
35.392469132812295,115.1899611151373,253.35524576239212,1000.0,92.60782003196462,44.666660101560666,1697.416343782138,1380.8695167603046,6,HIGH
43.98330339762633,78.38789333908288,171.27611717825474,693.3260206366921,33.161018943694806,38.96017548692861,2270.2727237007584,831.8919840435473,3,MEDIUM
28.295894056309482,51.14590708037304,118.35809879587758,249.01203810826496,76.0989628768406,17.827125861908485,2092.759704631655,1890.8568401079156,6,MEDIUM
45.30226311854206,81.04603522065635,154.65033438763123,742.1232719519036,96.03333090223178,47.78832939277514,2189.0924845565714,1546.1620415312293,6,HIGH
1.6595772328475156,0.0,0.0,16.31187161012537,66.01498650559839,18.986541618628745,1146.8608632994492,1166.715377283359,2,LOW
24.74315121074864,66.56267445573434,81.68345081710422,320.62865420193503,89.03840853200317,41.24442886104047,1421.4452423008163,2074.0660611374396,1,MEDIUM
31.17837487849631,68.94556314351908,105.36646088141437,401.73740578567856,58.5759076094705,10.549185632108404,623.3780529430582,1205.467711581245,1,MEDIUM
33.92977016683186,71.46604410135659,127.75759461082917,286.4059423396716,51.34539091601605,32.36392462862052,2056.2749842479716,2429.3088345877204,4,MEDIUM
29.943337002539128,86.36662080012232,108.98220528262658,280.112133156156,96.41661004117854,20.940029289266896,1116.5821482967585,1815.3260870959855,5,MEDIUM
34.42569190867242,65.73851061711092,107.92580371803739,231.1024434252469,89.26128183328494,40.222862279231556,1781.739779068278,646.3329608454197,0,MEDIUM
24.545044621985365,53.2698880728376,80.71937068867955,204.55595117140408,40.4048163187851,47.76433929189866,2788.1140788649864,531.4103400659508,7,MEDIUM
7.300474193743261,1.8528093238253884,18.628445728229984,117.7077292968482,49.41770241539617,5.776358282106415,2143.8682023711026,805.0710352878236,2,LOW
14.581154731185308,40.66484294909392,45.909480485144634,173.3161098533382,79.21756396229738,10.716095825806939,1022.698666535832,2758.808910643652,8,LOW
49.36849574537229,100.51517075967611,162.113473672915,403.598069291973,91.98020726202598,51.275841197784324,1689.5473750838107,2479.0683976387063,6,HIGH
45.83804169629455,120.16168957585107,234.1538290739183,889.1047203213906,96.72920849853108,16.963549810586954,1925.8775980448036,2918.039840844316,7,HIGH
30.790605348040472,93.16974719620292,167.0717945845251,479.63621756045285,74.61836447766431,41.5394706872601,2595.4143840545207,2245.7528401959225,2,MEDIUM
35.89174635444502,81.69435526909581,165.37684442836368,454.60033053964577,73.95879023011837,45.62733527691985,2443.155250943169,2747.601699163366,6,MEDIUM
42.388997356997024,80.33560972271482,140.1244000999698,676.7094566096353,85.42298926607165,42.0275165431862,1151.1363317232244,1098.2926844545245,6,HIGH
30.550083823344107,92.41374857948668,116.03624634960488,568.7499385008828,53.92860316065882,6.6053663678515075,2783.0323740387157,1878.6705504851602,8,MEDIUM
48.47030486498775,111.64104212173675,230.05187410438865,1000.0,80.83158424946647,41.77118203406092,697.9475526816213,1204.9363949682072,5,HIGH
47.44206776585549,100.57114810065865,140.26135707628137,299.15197522326736,80.35402305181772,53.078561999476086,1045.4382300360585,2601.358486465257,7,MEDIUM
96.58619720349097,242.9782109706262,500.0,1000.0,30.554072130695282,23.439658541188585,391.4338963409516,2991.0726207302823,4,HIGH
15.068432504775762,44.06659482760351,106.33354055712388,244.35781772183802,43.04069476023962,40.51275587666437,1140.411612455408,2249.2843159077534,9,MEDIUM
15.285696149285888,36.98573309261946,69.7100638400163,262.1327014959924,95.29161119849611,18.823485208926627,1417.9309647197454,2355.5313093351097,7,MEDIUM
29.01776347662667,65.71110260181472,110.40059550466562,555.6024246704733,88.09529974178987,54.872768005776,951.5323064947316,2648.7853266408356,0,MEDIUM
71.47182673446753,168.39742448331862,355.7805386899343,1000.0,65.26967668559028,15.417001999631164,334.05283268793136,331.222246724731,7,HIGH
50.93359244892846,83.31628820738739,186.2425499279361,937.5296722488888,95.3705567488793,20.278298982706605,328.38853172946347,1471.2975604181702,1,HIGH
38.86444160284785,118.79653116148323,262.0623971616355,1000.0,92.74860120134028,13.395279398961254,2794.708262508047,2210.866284294929,0,MEDIUM
53.16991246412658,88.32352835613024,127.70421753951197,369.31716456034553,53.488717212593315,52.758863723253505,2283.9770795253908,1834.864510026467,5,MEDIUM
31.55822555644027,92.86822302097484,166.75527286898998,383.9098384928802,52.77705752402617,33.57131885941743,2185.667257138545,1643.9620473687357,4,MEDIUM
17.998165133237805,34.31691038141172,63.33435357960687,273.8023657384367,78.32196051236706,17.349248005540566,2421.4815293173738,1188.1554410678314,4,MEDIUM
82.63172595876904,156.0593807853861,227.00557300807233,716.4433597285575,43.791567913509674,11.725283288072125,2174.3114538763602,700.3278538101855,4,HIGH
30.004989781008113,57.328358009462555,118.41098348426327,284.6494607018755,80.65252380446405,48.740340765602134,465.9350745133954,2771.094453481175,3,MEDIUM
46.77756854940222,117.62406500428642,226.20177788017304,577.2007664284527,93.91060393429011,8.132979274332431,2799.473521421755,2215.6769683070315,9,HIGH
1.6420029596170052,0.0,0.0,12.010731750816731,65.02559994470694,37.163150793367436,1457.7888125671175,1859.9267855127875,7,LOW
2.1591192518088214,6.2283871662827455,14.67114915484681,53.57067610157635,49.06556362436185,35.506435697181345,1524.2523824977372,301.84400910008986,7,LOW
25.29501364105898,60.084217468607164,108.14328526721411,525.3127898468875,60.04056424410725,43.58974787259774,2693.7377293596173,379.43197747479127,5,MEDIUM
10.626180107282973,34.770249958783914,94.74226172344412,412.0330484431643,74.84257310355234,39.092311134384715,852.1579761529631,1325.4269498333297,7,MEDIUM
26.952838518604715,50.63147460384689,114.55128368447028,331.385701258151,37.169764416093656,46.82375849786247,1144.612812330813,420.8955151424578,5,MEDIUM
15.268944707389364,28.34158784227026,57.629551227898595,188.28180046958116,60.665665804342986,6.901570946846087,2608.5318439479715,489.30675281659194,9,MEDIUM
105.30197529031769,171.2892123161267,354.4000120394558,1000.0,84.66864740302942,26.514566859875046,1703.0860270441815,289.88994138599423,0,HIGH
44.38848239729955,87.79585780182077,145.47350358727002,467.7374879143929,49.89926897407365,9.048304919419849,1434.4045406488167,917.4617534414741,7,MEDIUM
56.464599844123605,113.78556753906933,157.77037568635782,360.10495490207217,85.48931646465398,25.260865863072258,2877.3179739453126,82.77950085529497,4,HIGH
2.7780424659754157,7.357752215359086,17.898548197809426,70.81740758414062,72.17474646801895,33.04128745872071,2699.53669105272,2210.193107969511,3,LOW
38.5181563277621,99.83459313155258,181.79648662178676,856.1895469176452,69.51505337842451,34.688743318886836,2695.951623484474,1818.0596866425612,6,HIGH
19.631094107262292,34.143797992496765,70.77737834829921,249.8953746812649,97.97145263486895,51.23841447118516,872.945896175666,1547.5824280377524,9,MEDIUM
57.152668555356584,174.0641582171463,369.18726338377996,1000.0,88.3952778426686,51.086105754652316,2578.5217169007096,2961.31416637004,2,HIGH
34.87008043146891,84.31405082496288,129.44818164781685,368.83669453613385,85.99513837841977,20.489329851257473,2073.0747220023122,1471.573018587225,4,MEDIUM
21.7948272034364,39.04329893566867,76.30820657899655,242.59167954809388,32.374382927232155,39.95343612049993,2167.1243028672325,2615.482803954277,2,MEDIUM
8.045850706211594,35.894914389258055,67.30860112666569,316.27099714165416,60.18616058513332,40.63536912503819,429.14294609835656,608.6447219730093,8,MEDIUM
24.951795378400337,49.72877874751644,91.95936545002142,165.66050767087276,50.225644238667314,52.857599417435935,1800.4832365874072,831.1793222490858,5,MEDIUM
48.65056105790761,138.14335550780564,311.11523116445017,1000.0,26.117238961504764,9.196710729717113,890.1156496665396,1019.1605130490593,2,MEDIUM
59.25876909973596,122.33907806439291,177.11571194492925,810.2078686362569,68.41127703990014,35.857577980998386,2803.212747130911,2971.506183664217,9,HIGH
17.10671489333936,38.379965142948265,72.72154534211849,226.82365739323723,73.57826069926557,25.3631784568194,1816.4083251874195,2727.451217871386,2,MEDIUM
94.83295480687656,211.3706236548897,321.9137247843286,1000.0,24.847391483188737,22.366411579383563,1966.9526772349368,1373.361038598467,1,HIGH
46.22113772972442,127.07585785244903,265.6679246636305,1000.0,62.65384339119435,35.874705709332204,956.8693488396154,2541.144777951507,2,HIGH
10.815891594220645,17.307691321553868,19.514628851985485,82.32205472877548,80.85662758133454,18.97684935270253,1437.7155169757984,737.9462558004495,3,LOW
8.766590370450661,15.694033949163291,37.34581374140427,103.50510932298302,38.61439358780032,6.7933287342971225,1729.384232447686,1798.1975914376608,2,LOW
20.570405642051,40.9401814221519,70.42865589094886,357.4465116187545,74.49635530338249,43.88963284071239,2492.5084838092607,527.4827321117584,0,MEDIUM
17.0734190656987,61.65257274739092,107.39590866945416,350.92262548092225,61.78195144853704,9.339879422548998,1951.2841770427744,1746.8614660168153,9,MEDIUM
31.730045314217094,88.13529631253905,180.62656720109382,815.8979934362264,56.20283589451579,21.409912933042254,605.1991407998896,705.6603923285111,3,HIGH
23.106235634135842,50.0948175852617,92.57798242154792,280.48823381149293,36.554482296650924,34.74629514731414,1517.109161880248,1777.9776938096493,9,MEDIUM
18.205575292234755,53.81662566856727,87.82895313272975,289.8729517410502,63.71638095061453,36.18679658276451,1097.9113565093526,1314.588638142295,6,MEDIUM
5.49554932033309,15.108936570413743,19.248354859448707,92.81805081387924,58.160830842670144,38.31325373379396,1755.0727288026542,1698.369225285443,8,LOW
35.59063368673967,63.23287966468908,139.59118229183218,443.9229202560351,60.578157454419326,54.72517683444119,1568.5547814995834,525.5216677844463,3,MEDIUM
5.021903021429803,0.0,0.0,0.0,69.38118797743907,25.06935589834668,360.2858878710859,1544.1387839531353,6,LOW
46.319460750010506,99.73032030760959,173.98621721818503,786.3880178115357,66.8465697216609,11.87472154978983,860.2956837325116,983.2877500441709,3,HIGH
3.1788307772545386,0.0,0.0,12.954856059962355,75.25737505701294,11.897453656850027,2082.213043227838,474.62687401983567,3,LOW
4.719130966661735,8.676725711992868,12.28857708524176,18.655994702985673,81.20779177857447,30.51243170467486,1769.6888009962452,1526.1626704972186,9,LOW
10.772919646734115,19.498732563315833,46.848950655294985,214.6995208056139,71.65620156925722,24.18697286721409,443.85959888304836,458.36607713137505,8,MEDIUM
15.907896758283517,26.84346372564664,83.52977454869892,206.99652442824734,57.68303475835461,50.65818426952774,1913.7017159701616,1310.5489165254087,3,MEDIUM
13.411176026891923,31.213280263059985,60.02312481587549,222.32177998305642,71.95982642045509,30.54659014477931,1658.7915387010257,1003.2729709376298,0,MEDIUM
15.85367706545481,56.120217804316525,101.01042441671964,491.8099887188124,46.41151970187842,27.597703064695185,705.5442063289197,1651.8945614217243,5,MEDIUM
27.333332654711967,69.29706445130579,124.07085471925711,642.2998461752036,72.99558584674764,48.117848666117375,305.2900197448594,1477.215547414796,9,MEDIUM
10.990992184522122,22.086432789331912,27.53701580850945,71.7148249606721,59.20367708099297,44.80541714763156,1205.6238740992924,447.0031215231184,9,LOW
27.5127028870665,60.10658996550923,98.81398725142571,430.1835800185079,35.55235321882079,40.69394613185372,2405.1718137458297,873.0917083617774,4,MEDIUM
1.6743560634562025,0.0,0.0,25.53124339685475,94.2454555967596,31.367726320618424,659.181415392489,1692.3853930935334,5,LOW
10.636925113871861,16.938319288382857,31.57490565972888,76.77376547666219,83.86857700339617,16.73360645518271,2849.9655300658474,2510.0629776348724,8,LOW
4.474509745536499,29.757579839485484,51.04413888511914,201.26111059975514,94.18800196214987,33.373728577663655,1764.6244419726554,224.69296596169383,1,MEDIUM
45.97107118707434,121.67341354686589,233.65227726511878,699.9106747337189,78.11286668820885,10.788258531107477,2347.6662459956096,318.05380822691626,2,HIGH
12.271412479349124,32.00303277269454,59.064335022547795,182.56362571640105,60.284601199456255,31.840620830045115,2937.50614131058,2400.931900136081,1,LOW
34.09836270945157,90.14381988449256,189.221761442644,601.9926877440098,69.76646240223747,47.57205761069635,1009.159050329269,1052.4964845516683,5,MEDIUM
3.644380096921843,19.1851532189378,34.4343571486572,146.19749810063948,58.50881457703032,30.75064557137005,1873.7148113307317,807.7332028839446,8,MEDIUM
58.6304068534245,176.09472870227816,335.2742163429894,901.4014492663722,87.88024931238866,8.423814186113834,1219.7742578074397,727.4062313250939,3,HIGH
24.095958408403508,49.82848246611319,92.4171782900997,246.2842886030793,58.413533628475335,6.565896593564559,528.2738002893485,2913.58764956172,8,MEDIUM
22.125092221823692,38.347206880960016,62.06495547375093,117.72765941721563,68.30392056719616,48.02444174576915,2442.4545827870843,1556.6991730784357,5,MEDIUM
5.564363732639109,18.222875890358907,36.798461189364374,34.68834540282205,74.55973574992662,16.21417379190732,332.6334672934902,524.6382942182241,2,LOW
9.508955968328339,37.10286556421313,46.7706463175076,233.30290826171142,68.209556549446,31.284950834188248,2645.8543959121675,1247.7222325316525,9,MEDIUM
18.653041533446114,59.222093408628666,130.19228673965205,416.6574400347447,63.64391166398503,43.83944797303428,2445.2918099338594,818.9042306035943,6,MEDIUM
9.838796031746575,29.320309675770712,57.8358686430999,102.86401864619378,34.69827750579039,17.660553230925192,2023.68162761602,547.6456716615189,5,LOW
43.00734842922452,93.47089017769153,182.8742931038254,886.7924463510712,70.45292236400498,41.8723091027135,1896.0777680183755,2936.8213700563715,1,MEDIUM
23.569289276944954,61.79155481357927,154.03168938157947,311.07047489144514,43.19127410010962,8.764627546533827,2583.283373022813,1363.042776369545,5,MEDIUM
9.947983163859089,18.24687802711276,36.34612121188011,157.36606612743523,45.58060511582037,42.43066446359994,450.40351402371516,2089.176728833224,2,LOW
38.69745115687063,111.74768451056103,189.76507417347344,824.1055512286837,46.42886841017088,8.19949755460669,2288.2538816846536,2700.7609360930787,4,MEDIUM
16.782237176229053,26.887240251513703,57.752595049497174,266.0979278541205,36.60869248395278,18.856978264042336,787.1323444072686,656.5871431967513,9,LOW
37.520435370341175,72.20717635429791,88.53759694570097,261.90401993895455,82.6803471552589,17.83521121499735,354.95624854755533,427.6531420217734,9,MEDIUM
14.722616638029201,16.363356294483395,21.249082135297378,71.91608925741326,65.53386820575747,49.570747567289416,1143.1833029194763,817.7595943959828,4,LOW
32.49474155056407,97.84798521720619,141.04460932563586,544.21314948747,82.29501589446858,31.724000334342428,1183.3562282419862,2152.066518558313,3,MEDIUM
16.320890403342467,34.58920949644637,61.42908739958376,290.5202742739906,31.67843448400665,47.15378087626817,820.0682699191668,1176.8582065804146,2,LOW
43.017463588079735,90.47395538854303,200.76451648275548,567.5266507739482,65.98790922395241,34.11398081894129,2219.2591039897843,1492.8113527117323,2,HIGH
3.737059128191057,5.119956162973529,24.840108486093413,119.44015348025833,52.60988943772208,45.34525440535482,1809.0595764725817,109.75535750053447,5,LOW
7.446441762333716,15.4276064112115,21.60851272535691,69.2885498606897,63.34070073150356,32.56708898427755,2784.164892538424,62.54168044626614,9,MEDIUM
19.959553543005033,61.527224388740066,108.5096790410908,470.2295874866216,66.2014762723631,27.495676861102943,2356.5690458737067,1250.8775965273123,8,MEDIUM
12.740804879042727,16.893101409859145,27.538273408193415,131.7081780812871,64.23325423633979,37.89885447887648,2530.55077163482,493.56962378155606,2,LOW
15.926202502095954,20.927278186152066,40.30553327758054,138.2523145122703,56.7869987525923,19.322445894301538,2736.7616539568457,2383.745574958554,8,LOW
35.099762243887625,108.41962152387163,247.77214415768154,1000.0,75.79867004764611,50.93685766992282,2477.1689232881868,2856.291051705098,4,HIGH
15.659723363518943,21.280460528197775,57.12107669501498,134.29782892717037,85.60298758065659,50.40683618327001,618.9668717754157,2780.813724640682,6,LOW
28.214566544028163,46.841363692399355,82.24054637724377,180.63059106565802,80.6321724659664,8.636643704105698,800.7935527081158,1423.3660107911371,2,MEDIUM
10.571362804843734,12.72514246611204,30.68248646386976,91.33855837289899,48.66287634878949,50.83939550891517,1384.8911971447658,896.224024146999,8,LOW
2.8734711347800515,8.755901172233152,0.0,11.953211642311997,78.04937183560634,14.093248947549037,1196.5811047681698,1477.2357968374893,4,LOW
37.36302889911043,60.976155497967774,135.28550309522933,561.5486604457437,56.11399043507297,39.06365138092073,2690.6491292722885,356.89363174407566,7,MEDIUM
67.33114961575171,98.62530704901039,163.97676927752102,659.2182250440485,83.54328855277306,46.1552190365851,1715.339916241943,2834.595827725725,2,HIGH
26.157427602542732,48.026296972550405,99.73423472393213,355.5795881288859,89.3378549941771,17.06192940613765,2665.027934976085,2030.3406046210705,9,MEDIUM
20.795517858388504,65.85519755613251,72.80342254425486,197.84701685040272,77.35067535359734,10.63276601410221,1345.3359667705413,895.3176337467239,4,MEDIUM
24.20228558186188,74.15677387715517,114.63120180465597,559.1172309766722,82.82308287468237,42.80893641857066,2747.572543098127,2289.794516760416,6,HIGH
53.431492726633614,152.2692714517416,341.74870822107437,1000.0,85.91759144645098,27.12144225163046,493.66443061188977,772.7609993102803,5,HIGH
26.382780927332995,53.162285697571086,77.13344693974139,245.97705423818059,67.19840726428562,29.33417241764096,1502.978679123376,2266.7957939031385,5,MEDIUM
38.60247100649187,85.9533877895783,150.00204895140806,604.1985021080718,36.16167311524569,43.093056703984274,2733.043841717184,1235.3752331546902,2,HIGH
37.45086576974475,110.22771223214903,226.47575465113766,509.0230572507544,68.37949618761661,17.689799475068163,1513.9904966977997,2598.5821798796565,9,MEDIUM
45.46169685534073,127.02177914522446,283.1612904118348,1000.0,88.90028810214545,9.857591368576852,2278.268210028149,2969.8807175892657,2,HIGH
20.45744584509894,49.30105200879798,73.85795881485072,142.69742296763673,48.87855249617072,52.88698620303948,1274.3670141261086,994.6058516797651,3,MEDIUM
14.562258686109608,25.06420431450968,27.081010584943744,106.53253441232346,40.28184230987782,39.982957334013115,2538.867463426396,1675.9629170765645,4,LOW
32.746371879470615,88.57227142162876,164.1922732480928,454.63405607803486,67.78150449034558,37.606728912925746,2004.817034738473,751.8987678989661,4,MEDIUM
43.340720396383475,99.68087456528863,217.85814577457398,577.8241011615389,79.78790780099578,21.64710982114906,2492.018146383059,2411.0729893754465,2,HIGH
48.883567919342084,121.97168344071645,232.08055882037783,653.1865294237509,78.22847204610134,54.7853010356569,1748.5150816791975,1501.2487387632666,8,HIGH
57.756982025618036,81.84812733613715,166.15148975011815,340.15828535369656,71.20944925827935,16.12720661874861,2021.5589453638918,2952.196461551018,6,MEDIUM
40.7611414710196,131.84430856772465,311.3243198669063,1000.0,62.588591778017935,13.904942148913758,1727.368403200613,2666.3372192410657,9,HIGH
13.915218239456088,41.4555952722149,111.31232724734485,474.1076369341735,94.54743497027943,20.914197245639283,1831.7424383921464,854.4425209217854,3,MEDIUM
26.134967328919807,60.67471219704489,115.97431563307039,214.8888499536331,26.178104787080176,41.947727018690735,2160.7504776566216,402.5214576259236,4,MEDIUM
24.49059523319966,45.10267002651126,74.3083081736557,166.76490030300488,58.4900377550482,16.85051771331144,626.2884378061939,1878.5693671127044,5,MEDIUM
22.580548781970766,56.07409653828558,102.07529312128686,474.48495713598146,83.92525801826841,20.638073586459967,2375.1584284252017,988.2479358132645,5,MEDIUM
32.79207798506283,81.13282706659689,134.759743069235,276.2951875469977,83.00676012388823,31.4813642679242,1259.0605291811523,798.4210972947304,1,MEDIUM
19.053117751808124,39.95623541063131,45.497517108543484,147.31534705230462,51.83776182048583,37.49732417674138,333.9631638733146,1658.1021591352326,8,LOW
19.074431942836956,43.473245769259094,103.53510983166531,220.65632488013816,88.28770850296296,12.460806313516539,2037.9221135055202,1637.696891215505,9,MEDIUM
69.97813587047176,163.95889645528442,284.5163424322517,1000.0,62.88796737812461,37.73196043564939,1956.8277716868358,1635.9238342925075,5,HIGH
21.271626254605085,76.24590829747945,112.09407844507952,528.9590029220033,57.017338798917585,24.052759069401866,2259.7173729013602,918.003763859303,3,MEDIUM
45.243701253709276,77.30014643702508,146.27455596448422,339.68369737889566,76.18644067252175,22.307761940412387,2995.4616409475507,508.3357734182933,4,MEDIUM
46.99226832120278,138.62890289305648,312.922362843559,1000.0,69.82964379902253,8.95090140965264,1545.9123188577626,591.8042977420969,0,HIGH
26.655832103405935,74.02297554183718,95.9065783050766,433.88503728770735,72.74887906460376,53.698064114135256,2927.9703199992305,2174.4235548875427,0,MEDIUM
19.652090633256094,31.568913751618567,83.71117552320035,407.5672310570931,76.75669452390953,39.65602733036051,1860.0093946169438,1430.7382446852941,3,MEDIUM
10.950066157704075,17.084557336383938,43.5309971873643,182.89420972993506,63.19653851528864,9.994060811335572,1266.2679752258891,1434.6361633567121,2,LOW
4.9429468290149075,0.0,0.0,18.146776668648435,90.26134168651322,23.311840434549186,2130.032540740853,2931.405229926111,2,LOW
34.42489710422085,55.10590479078381,104.3725948023169,399.06185194767164,58.77641610054813,9.003395483009648,830.4280113093449,2757.9444495406865,3,MEDIUM
29.771775146198532,68.4506719883252,135.9938148382435,607.2464058770476,65.78330162263426,32.07660478842237,2908.9887027013096,241.61509250977844,1,MEDIUM
37.950247737004176,108.13384865933934,176.39363689350893,394.1201254816128,33.18116139007819,40.00732072169824,1490.855657831212,2403.120644939717,4,MEDIUM
15.325233737530077,30.296804630589495,70.26562396361915,291.99188504131644,83.28655207143908,7.827606010648248,328.7049212079381,781.3629653451522,0,LOW
74.54437563384299,233.76070881973976,362.13710382113067,1000.0,32.04085074879393,51.108414942519325,2069.3788660107975,2180.7828421815097,7,HIGH
31.63384998147948,56.29909031617417,102.33917802348137,222.1645270124833,65.26748045000618,23.706757209418996,624.8917789166699,561.3677478524367,6,MEDIUM
20.67194667349528,37.37376600385353,81.5934495553485,231.4502372227544,53.42257952705477,16.739661325312433,540.072858145406,478.8474945796841,1,LOW
2.6564525097392426,11.86108138902946,14.874536475626323,40.549627382072,88.51440767724257,11.492800960563422,363.5970456013554,2820.646843015748,1,LOW
16.729090387706055,50.060938613481994,81.77281605789611,262.0370348164862,53.00283220092157,12.281346944690808,2684.0129013118967,1696.9994600364807,0,LOW
39.17682830945557,117.70434444672958,174.6596811051306,433.7427837761787,75.41048868790035,47.489827724111336,390.9303812410628,1081.4420840659595,1,MEDIUM
56.78899676720317,154.31795244115239,226.0423105506084,666.1302772254348,69.46243436631183,29.002488717620423,1750.4461300959397,2678.80054314115,5,HIGH
23.163645957522462,32.488889877382874,59.353571396700154,159.36069371673764,78.53425519044784,44.92244216586471,1621.4783455701852,905.001272554924,0,MEDIUM
62.85356856720762,94.90707537865111,148.9964226276581,569.3323919023629,50.383337388385826,16.35390548793552,2759.8024790461714,238.4848959039857,0,HIGH
10.237832050746537,20.290411652832475,56.80381521063041,85.08328170166241,72.61199144959788,20.897635942672643,2760.0851412571865,1214.6657901781132,5,LOW
30.406237271454806,53.71430617204355,95.96087514586208,255.95124953831046,53.20155978789208,25.63073847295012,2786.3809745261206,2136.483365291696,9,MEDIUM
31.01005861335331,65.58990186762125,154.51654262241783,428.5572218056558,41.61261202575696,27.725906391770096,1380.007696895,2003.0221687205535,4,MEDIUM
34.615154135867286,55.00947278192998,94.08509039200445,290.44642923609274,76.57899474920399,9.883964918615913,1578.4544053171787,1447.4427848175844,2,MEDIUM
25.53473117987396,64.99388474429524,122.19995395639322,318.9178441212137,80.07446582205456,7.2501316646481415,2529.305319770203,1554.991900580818,8,MEDIUM
29.250491779079844,89.74052358867954,191.2130257792176,961.8509345064416,65.58717076816319,54.7947806238922,624.4269281176078,1611.9315739451586,8,HIGH
10.023026041418635,40.05354073602362,71.21523942196018,237.25849844169574,59.39437823673126,38.327149803340184,608.929397825621,1154.8314234048285,8,MEDIUM
53.273772023159495,145.20410095175328,255.233699232645,751.8702633314285,66.48546034348503,7.738480328772064,2788.665589865552,294.74482349144273,3,HIGH
42.31360328036554,81.05965917598226,154.45163843335857,590.5863625691319,58.8869847635933,43.62825689843045,379.4714974300495,515.5472688522885,0,HIGH
28.445846250261184,53.110191636629835,69.94021885191927,314.0972387491222,85.99880075711754,23.055698239817787,1333.7593130480252,2186.604648040965,9,MEDIUM
42.97724561449957,114.37411160941888,176.47115401777555,634.9433873767985,66.67709900197104,44.82302075506314,826.3548032672633,2439.660782167725,8,HIGH
54.386206469337324,134.44435001464353,240.97129192818034,682.9990774469615,55.35445822333733,52.490103614292536,526.7636115258488,1216.7667874001272,5,HIGH
34.27110923085587,74.49211455274607,129.80077358277327,480.9881551594983,33.08341408501932,6.328660516273822,2929.443870807725,1021.3530325020581,7,MEDIUM
79.70288386878246,193.2575427220827,375.77016937625734,1000.0,61.69448846759571,53.21463720628984,748.0711604849076,1842.677864783676,9,HIGH
36.24104981436405,88.73708760620313,187.28845965949873,608.8697069285789,78.91064231763718,13.28804115859872,1466.3321109136868,114.22775585432156,0,HIGH
11.437916146934008,27.808109331226746,64.69489165800957,321.6523656531228,58.879691521200606,19.861628380038425,991.6657617954396,1730.1031952044375,4,MEDIUM
27.440522029960448,52.11593603112391,99.17011684137658,493.5557275922271,47.672227676224544,36.347267347548495,1626.1579105475732,1433.6590479114388,8,MEDIUM
44.09918937512854,95.89604233098741,179.02197557499454,669.3831749288642,80.17163115275713,40.79642746711888,2370.6143506818444,1353.6905459424338,7,HIGH
54.42042105523949,136.48374962077165,185.77221640695282,452.9434986186885,56.16900841201926,13.51156693232284,2081.235753996256,54.256872597299825,1,HIGH
25.926600730313982,80.60714004730033,155.7652659227594,546.318381962166,95.91228063138709,11.841307388983864,1843.7243768164717,2831.4573733223956,0,MEDIUM
10.672300995795128,35.12179674025525,35.66385520486387,201.79306585722645,81.9367231874814,19.327304653237,1678.8394039164805,561.4923377994874,3,MEDIUM
19.330363002151973,34.2453831119452,84.15610611226973,392.8143866531901,80.60423170447153,21.27996585717493,656.0005228701135,383.33519118473123,4,MEDIUM
6.898214906247388,20.055302753661017,45.056078023773594,150.98260401266882,68.73244392511177,20.911105439304773,1386.7598805542502,1188.2108987862296,1,LOW
38.80088189209246,65.0525176873469,143.1348993935357,359.5718635111851,37.312864124889785,13.565590508521643,2744.2180708557253,2347.374020441174,2,MEDIUM
16.56514317265483,32.26818179438921,50.33916355502409,133.99046618646688,89.66697617951377,53.54037964801317,2515.412223105717,2306.749741173754,5,MEDIUM
13.010278631310072,35.552626842472634,56.30636953175422,247.11887438670547,52.63254401207268,44.903603298629,474.79732087471035,1559.8377864567888,7,MEDIUM
41.37804600734306,96.53739304486723,209.5054263834425,683.7536306802541,43.487586646974194,54.001032609032514,2569.19723704509,1670.1187238570699,5,MEDIUM
62.04143845872197,94.25774781894702,192.0566751880888,622.3600735421775,72.81100371487513,10.182884662883286,2535.7043329924836,1392.8675963638407,5,HIGH
12.96339845731314,54.20633360595921,98.46491336052613,269.3073155990397,78.53565650195598,8.778895181723318,2465.2942027447966,124.61974503238591,7,MEDIUM
26.048852298864176,89.3452547390914,177.48082487307653,503.7004298966023,35.404171393792325,31.798727505629866,2499.9940889545715,869.6857056483252,6,MEDIUM
19.9516241610535,34.641430810353015,86.65437465443267,376.4467984050505,88.15539926144422,35.72339388192644,2954.1918498880086,1197.3935530090957,2,MEDIUM
56.062911898647116,107.42110099669924,173.53287453397056,526.9194960622765,74.96994049517275,36.75785448826763,449.0549184635669,1685.6331753547377,2,HIGH
21.711470197275965,37.90064185109909,89.95720537870831,240.6443754487404,69.13243011849414,9.66285281866235,1336.2727585853256,1994.1197554257683,1,LOW
9.80909638166603,43.73727792828935,64.48644623248471,251.56955490209452,58.73781868557179,47.189791655794004,2914.781638837434,2963.529545229541,1,LOW
22.48738232280486,63.0121479488477,160.5194612457199,597.8270163140065,62.89098031340825,29.485680537907772,1792.2061295676622,1546.7405127531947,8,MEDIUM
48.599998007291674,81.55490436005522,130.26329662440384,539.1984041795434,45.74652993171091,23.406947195273016,2142.202311229471,2032.1218306494209,6,MEDIUM
19.072130102398855,43.79844885886288,62.37416627872331,241.50714656449824,55.67873184810044,30.221903738215506,1277.009084234402,2883.8986751546126,6,LOW
14.110357971648668,34.179257831162104,55.01650882940937,129.87843927342635,65.7983530223919,7.023007218631467,872.1280026025862,872.1301315519328,4,LOW
20.98945170825779,47.48155087729256,108.89024287250722,215.2469788886281,43.21847287133692,15.753828593908743,2941.750179398487,1388.511613574745,0,LOW
10.089723100357524,10.346367199429057,30.804136091001602,4.271069442024995,48.414090472883906,54.92450145208823,1276.4608935920446,2176.8862047882662,4,LOW
19.93207659251074,50.99352756908837,98.96530943063074,394.69691207045383,60.10634849199874,32.627956879465366,1814.3412361829774,1717.2439178403426,1,MEDIUM
14.990079105055237,32.568436477137176,48.8086900944079,246.16228652651853,60.942543574857645,8.927045457733724,958.2998796325257,2684.847429013489,9,LOW
88.98374005975835,179.25789907357805,308.9856380728247,898.3030522167569,88.42467573393036,19.641769870446698,2910.768345322268,1719.9353401042558,4,HIGH
3.4683585100688568,11.239730809343424,0.0,12.79480486089524,65.16891701342105,14.23873684778236,997.717254552029,2770.9629406199147,1,LOW
11.39495234273712,29.82209584909157,63.79435331266264,277.9592498225957,41.75719300315905,51.23502835964673,2767.652384504038,488.24854039096584,2,LOW
14.101567772145625,38.27082254483251,52.60703116701356,234.12977461448065,91.9543193946341,45.3105195884035,1087.8864862182209,2420.406127627937,6,MEDIUM
10.150543339275533,27.055668304510387,81.43585413627605,277.58296082759233,82.24125148010715,32.34517843240187,2856.6991040024873,679.1446843941293,4,MEDIUM
30.613718604587184,71.08796180717447,163.5680919718256,429.25367618899253,66.78432198271503,52.5890833861239,1291.796171538353,194.90514605874375,0,MEDIUM
12.770889964767651,31.589581488168477,55.26272055746601,215.48119251085532,53.737175782889814,23.64347268837579,2654.563190155653,379.3697225309091,3,LOW
6.191569302250443,21.42539397433002,20.19946522058044,84.87277599889741,74.50293317277826,48.24838501015801,1919.527079052737,1763.079514507657,6,LOW
24.404679519760414,67.15507962667523,156.47102794829547,673.7139435864854,65.6925153514253,28.37710045223783,607.3245835666728,907.9756475007905,5,MEDIUM
18.23882899581616,46.53334732676173,94.66559550171665,413.0312107660486,60.759043364786116,47.43159839854712,1098.1774795655392,474.6775268986494,5,MEDIUM
13.27727975712775,34.62506834985754,102.94278330995026,331.99622849433894,50.69664403358658,50.034413370847574,2354.3965205404184,1905.8166918062668,6,MEDIUM
55.15439273816973,91.89217834832186,122.7114738065216,472.57188421468254,90.04424153414996,28.148223581517772,2102.3517607274157,1489.47548158717,7,HIGH
31.333710211290864,24.785993148902566,37.274542172837705,100.02954844898844,31.504305992451847,13.900069867695997,1261.4645417528923,1172.5814252025739,4,LOW
28.94241517723912,98.36717541883579,217.33817442173947,736.9299756292442,32.543269959795815,14.618692741737329,827.4326832876831,1630.345296048951,7,MEDIUM
31.817285009806255,99.07829390103552,156.93338587127514,367.9189534527161,53.01249742396883,19.443148207718608,2537.8483067930392,2591.175773358675,9,MEDIUM
30.698201159282732,78.89627696975292,156.87914937055768,373.12955505559717,62.3964950414934,16.147061712008806,1980.4368257245562,2187.837563585499,1,MEDIUM
18.959783644220533,27.215077821087867,63.07519260521197,143.68695751760853,65.35482875343786,24.412682233199718,2141.304804055014,1510.7961359976603,7,LOW
12.883592205641643,35.69567717179996,66.07276545139283,270.8802062224981,60.07771121999546,30.33405632152744,1593.4803808489248,2476.6287582027626,2,MEDIUM
24.795113115636976,78.92163921356504,94.20128603351208,422.6986640898652,49.90964130182504,9.355680634978532,1245.9203239903081,2594.5323226520477,1,MEDIUM
18.694401643710407,39.87978348534487,64.44909260319962,162.0757767813877,56.39812760376216,50.482160934726046,1332.0736974553108,1160.040087426864,2,LOW
3.412178460879362,18.30062191466896,53.81145883013337,192.62788620962453,66.46652238637688,5.121591682267574,384.0016704100776,491.8692854927302,9,LOW
9.382496129089517,28.58272772608697,56.53782862032742,105.61709906837763,42.77531149047339,11.914517290776972,2848.1602019142333,389.38092561755,6,LOW
16.92311225388041,23.602737718499323,49.13893138957138,172.7732698437078,79.65262378307257,5.420513801924055,1289.6749179730248,1934.622983335411,4,LOW
41.9725309346173,95.62253923800326,213.7583684582785,617.4271842980299,83.68855979489415,54.3264128192812,1604.0165503216333,2812.0701931106983,2,HIGH
24.873464118670302,72.77232578457023,166.7868522956276,609.6952942896534,64.41514481417533,25.532514098137405,1264.3214076955815,163.71170645502536,5,MEDIUM
11.031405965045916,26.640377815757873,51.17228457841123,268.63131220738177,71.6969823537864,14.80128456365928,1259.0023266618746,1516.9049331359931,5,MEDIUM
8.6671163843397,27.513869798167512,80.4380393139935,268.1608991387081,33.211452127962666,10.93357701777496,2151.1589794475926,623.03073191993,4,LOW
48.017554825705815,113.40437509416493,205.43319810373046,856.9582498033521,42.83185167666472,23.520594366407177,2109.9613351201106,1617.964041060141,4,MEDIUM
19.63338979406384,55.402522375706525,107.57172523375128,475.84578233328097,69.94903238818002,53.794955542648424,2487.607545268645,2577.152059108483,7,MEDIUM
0.6161253141651157,6.60669263274248,25.10614622115416,87.94609293205188,69.50130821970232,32.4362565413408,493.8373184196547,2371.467394933915,5,LOW
20.592470179797516,57.512736237301986,91.33056232615009,273.10456130965184,87.17821071909043,22.71087619828919,2659.9584598812826,2915.3048988457217,0,MEDIUM
36.09516990570454,83.20071665026738,142.83770641877138,397.8367445492811,88.27448422547886,23.227042504657433,2883.0419441424206,1479.3621638736151,3,MEDIUM
8.424248367903239,14.544651822350323,6.935940785182421,26.83897008303969,32.2759440795802,10.866827504984755,2970.586645417009,2007.0250655531183,0,LOW
23.525935616588075,57.48452310471579,137.84662024926698,648.6476496861064,64.65623486332491,30.850360847015523,647.7383791361592,2700.6097656691372,9,MEDIUM
25.160940139471634,66.35831955154751,129.0734258678111,443.82285090623776,48.74909651381149,26.20961008498789,1614.0828870505545,2107.971778839897,3,MEDIUM
8.89552418199745,24.312814930228654,65.64195880394252,192.86808167973322,18.626001736462385,41.442559428104715,2835.4158484301297,2894.3814913718397,9,LOW
50.90243211178043,125.93174469081983,292.759488090825,801.7401694533918,73.29755442256484,14.597382231865131,2349.128550382195,774.3700786380069,2,MEDIUM
25.47630682881354,64.46004752366326,109.55401162752287,306.75458004259474,60.24177595668543,11.86687791810468,462.54337877977065,448.164357876553,3,MEDIUM
16.855290551278898,37.10464504373254,96.8605943990711,488.87023837801644,88.82388248129779,34.073032810719,2649.821924091129,489.92019774572395,4,MEDIUM
19.73359968190971,65.15713275560432,133.21955978553856,416.52265842483774,98.61797775418324,42.10037320368502,2564.073084651725,2564.6118782750154,9,MEDIUM
7.4070368440483385,15.35297007759624,28.686971901074955,135.4007776013715,79.39436624718338,29.875013035160247,2406.4536826183544,205.8729634751116,0,LOW
7.116879859840733,11.625230469125004,1.3851766963325929,0.0,68.91260449468336,44.50165376351674,1411.959969053608,2439.2593234984524,7,LOW
15.642767478762144,12.691936730720952,20.62211640974323,40.65559269787356,43.1061531406164,47.054324518387986,2007.1956264704027,1419.1109244071613,6,LOW
16.424004472169027,30.15510618535954,66.73902154361498,128.91433267009563,91.35519280473451,50.831483132724735,2232.992100506603,2089.133369597275,2,MEDIUM
18.7616301216863,38.07177765179521,42.46450374402603,196.85248470541055,54.21915519554098,23.908953001666042,1370.9542154963654,2249.3771917687413,8,LOW
53.85215984369168,117.85100820897577,252.32174145738082,690.7073943457215,42.186899978207705,50.217261165309324,2416.800612103317,1301.9736190024287,5,HIGH
34.78280380517638,59.96531710994766,106.90953500728854,440.9692280372532,91.29331963696909,40.452693885695965,1037.8767614659841,480.9472507659129,5,MEDIUM
4.07476221929142,16.439602655477962,29.141565053409014,58.1768982509698,86.43122198689069,36.24562327195315,795.8122243734157,1870.0906065271788,3,LOW
47.31100594497821,81.44301628938675,198.8806762360467,755.9650010429314,75.80260913471817,32.68871339532448,2619.0282695990704,2871.747179716716,4,HIGH
15.545851105401333,37.21286468608812,61.276390017652304,260.81307591593315,74.88083436021743,5.985986254760451,1216.1671104258082,125.36358004436093,8,MEDIUM
37.07819797488547,114.25185408818717,222.71419364489472,859.6191209418233,78.18089563916011,33.01652411646003,453.28374420929987,719.5385947908495,9,HIGH
16.546226324928977,36.197069817745934,105.99905053887963,349.48112395137827,50.591529129073045,43.94956111595842,2548.28274483668,2629.4993059718267,8,MEDIUM
24.31934821704731,48.9630971064101,65.93565615922725,149.66807710467373,64.15775774885498,54.41838116294863,2457.3421950449388,255.82475386128849,3,MEDIUM
7.943529582290687,16.627016517530304,28.020386950245175,135.99058967886612,46.19878353488229,26.655733411219902,2466.4542387652004,79.89193977226208,6,MEDIUM
28.28720078354863,46.33802014178981,70.90219796972309,252.0938281669367,95.134172094502,54.507891761379604,1220.3857711301669,2639.5205610066987,9,MEDIUM
39.95318269006978,83.71922845174386,130.5935924550861,396.12378312238445,80.47050157330085,13.554431800661511,1928.77254253373,2315.9421585989894,6,HIGH
4.972736094477904,14.496568174998087,30.722953471698705,104.03460753560533,54.93566228179662,52.90999891523277,337.57191272613613,798.9453749208777,0,LOW
40.368192204304705,92.74699446711688,141.95359275472057,365.68072433150377,81.16294851390016,34.482755288645606,306.17032921157215,2901.0555814347695,7,MEDIUM
12.839106461879187,48.919053503904216,120.74095396953052,403.17081650520737,87.54111335623561,38.128479610955566,1000.0191476252766,2151.649314846262,5,MEDIUM
65.17329244965867,144.5049350509045,272.36800747410183,929.2883526313973,58.297014368663966,33.68400818478215,1718.3308661262895,401.3491827945262,4,HIGH
37.541947249721126,119.25446894802805,215.11825672702258,518.8421081779868,68.57670238335895,54.14231972188763,1920.851607757509,1408.5423114431715,0,MEDIUM
33.24796907475135,54.314782870178675,128.51153106436658,449.26035946324265,78.29693728751485,7.2148660443852215,660.1810176786078,2601.938435530967,4,MEDIUM
19.820913690378557,32.72419712942887,66.25557473767154,229.13612319674417,61.66231425794118,25.523248453833563,2642.690164250355,2019.8289690532408,7,MEDIUM
99.31406636427764,300.0,500.0,1000.0,86.34514099018922,48.761616630881676,2890.7908833847223,1778.1216959448832,5,HIGH
15.623924239460209,40.272309666497506,71.07023122783855,265.3390544979973,61.401598380164494,13.354641104861733,621.8728158608848,1280.1494908520772,2,LOW
9.578082718877914,29.248666357840566,96.41428492644442,344.58179644197565,95.61096661508402,33.47970062916534,2524.4161722823624,781.7302708241536,8,MEDIUM
13.21576376630363,39.710997917559844,54.596559405697676,197.35979229063082,69.48058412179293,31.178881496254697,1958.4423193654638,1860.1155389661974,4,LOW
44.81609485668205,115.88853498719632,167.49503722526893,473.3013100728301,94.3619297634558,45.371503823817974,1656.475452853152,503.8266572444645,6,HIGH
23.98481954753294,49.546348703471246,104.05681751982345,444.27779021780157,91.22984200822702,50.91264733481858,1620.4714730930923,2439.2452359664308,0,MEDIUM
21.487325275611955,47.078470344035495,52.142284577592164,118.76527495539537,98.25647920096911,17.941750269845727,2324.554933946918,668.2474795335198,1,MEDIUM
15.80926509723663,19.51803112845359,52.836219652577455,86.32367045880457,78.78067398859733,39.65720278427594,864.0710087486484,405.6636570310394,2,LOW
20.6672336290724,38.23076574824482,104.12688808915624,355.8026308046709,78.96529094155667,32.384399358359616,1944.1887878482703,262.4862300468245,1,MEDIUM
14.956721422181868,21.957275821693194,36.06582000989686,105.38862940988813,94.35002668200399,38.13931739552618,1005.6545528698263,2453.9857597910627,4,LOW
35.402744927097714,95.31596252129482,212.51209417273836,903.6442583169512,24.393514380308904,15.018890928900209,529.9372951776015,1430.0071738132058,4,MEDIUM
18.437621898552855,55.474309843498844,135.36278473786436,505.2050037764638,62.27983247342787,18.63366949504418,1792.775242970113,1226.0525777010982,0,MEDIUM
13.418714157947836,23.09131414123729,45.41342977961956,151.93593787424845,60.28738731458749,32.49232141215292,1025.2411321917175,1587.5071231676825,6,LOW
42.3588581717484,92.20109126328313,212.36648337906936,674.630045022065,75.2212109526219,5.14727898538292,2305.165386084344,1782.5697194480178,4,MEDIUM
9.850093542645286,14.989446743664015,49.98100714652241,142.9100777144274,55.60187275219419,40.82126369961527,2056.1145824642645,2648.130222107752,3,LOW
24.22986743391139,72.77537043240996,121.28645357018087,463.1578685691599,72.21930507978071,13.078409829951122,905.6705284596183,1064.2024018012162,2,MEDIUM
3.385117126417869,1.19930967662566,9.095062474612606,59.70586295710818,31.9592279515945,51.56509268284964,2626.2186280305637,601.9492956284406,3,LOW
6.566004304320378,5.634935737217818,18.00072943894936,57.08529970245502,29.697265356500026,48.030359342647884,1236.8961901936655,2613.710359349765,1,LOW
16.9406399879379,46.117988048362434,71.90951143620889,361.3780724453889,87.85817992004084,36.167557319433946,2214.443780225258,1467.705547870701,8,MEDIUM
14.73862553586316,58.65660291837225,119.08467047841677,334.77503654858737,73.77884161176519,49.55288352719348,1021.7732553418293,1759.5330491911536,5,MEDIUM
14.720529449407831,46.10142927449852,98.42690516266103,201.8792597479544,49.0123256993599,54.36225284205854,830.8190396090545,516.5662223285751,8,MEDIUM
37.77313766169923,69.15074441591301,117.47040467911621,450.0827556244486,86.72470835910308,43.74782476490524,2622.7370952733563,2593.310601074137,8,MEDIUM
39.26271740578727,52.295506007211884,127.53893566374842,343.9689752456874,86.39171521777318,36.33162355965699,2780.396366307294,2818.1950567929644,4,MEDIUM
27.666896019060903,48.42416768211885,75.71491097979259,170.11719886738234,60.31520894199276,27.464087475498935,1250.5372179312776,1370.3548003089584,3,LOW
9.390117790653928,14.51482530045237,23.550991964451836,56.288247662571905,74.84568199663369,45.678115015402376,1150.419927463723,109.4395962789269,7,MEDIUM
20.54735471782616,56.62543547824723,108.40014673803776,490.40443571793395,33.11772174671832,40.221789697320155,2196.926873015312,129.81486054143795,3,MEDIUM
71.08573560911091,109.2633748018638,225.92783200573382,1000.0,76.97768882866887,28.63199951872288,913.8830908235642,941.7876142315321,4,HIGH
93.21278454207672,222.0875046004099,336.9214521552184,1000.0,63.285445766161594,30.001733869572853,2633.3564951644416,1500.88617337457,4,HIGH
42.63193924620002,128.88931329096843,221.501317783317,674.3842966973796,83.40853209621135,16.446797989624958,322.9901696411068,1326.785904227211,6,HIGH
9.720021922315464,38.940408624242494,86.8870843406225,262.58515423922603,53.19943740813593,44.429503614935214,683.7331300974315,1728.1824741018938,0,LOW
20.682820751663336,66.86607001217848,107.2335770429953,427.3482997468605,54.316123909560176,48.91653915533924,625.8971629853727,809.2887946319764,2,MEDIUM
26.398731939880115,67.07302328663559,105.26902992502882,336.35810909883975,47.837752429243366,5.824178886534449,1158.123766419842,668.7406487886336,6,MEDIUM
23.659064455576083,32.12050918441609,64.61366917061659,180.295755589734,77.7066343359551,10.59494516705239,2638.581061594786,2923.6800201020915,4,MEDIUM
45.60387661762099,89.42556915436748,165.69513096116515,439.8490491568982,57.52917681400541,54.56178714664522,2028.0256343902638,877.7422871784477,6,MEDIUM
36.667865343649446,56.71080332742784,116.85662823779636,419.06551063736936,55.636143581071074,13.905376418129801,590.1760023980137,2842.249012255197,6,MEDIUM
9.261585628450984,19.582638489430924,37.847712299469585,134.7128255839291,47.64664479801378,41.82642374867299,513.0765733792659,1735.9704708597171,3,LOW
13.685398250113835,54.98829469882106,62.65601874023858,148.71188192146548,90.77717569790428,29.042136185693018,1078.7677343980217,256.4717710625489,4,MEDIUM
42.513977501626215,66.14660979276378,123.89042601348683,242.54844937303938,61.68600875487288,31.0675604038913,1973.5475588563056,1805.2834330637947,0,MEDIUM
55.00328752896748,83.21526513678884,181.19501641133925,778.6517955920804,73.44596598246144,10.41887671237195,1903.147625293188,2957.360603686013,7,HIGH
26.632217596050914,69.30449567519949,115.15784347196816,443.23544334913043,51.44633792879992,11.892387054065674,608.4016827603218,2527.0410166136967,4,MEDIUM
59.427591632797885,115.13229726697011,176.48520333218192,481.5332204961079,65.33127763432503,33.89552586349923,2354.157586315605,945.4578892896402,2,HIGH
24.532817602262398,75.32363328978346,121.95438599607897,346.6247141458426,50.76051136125227,23.881487758730326,2007.1156699300616,331.74302439350555,5,MEDIUM
10.749522643076654,13.050620013892186,5.1640493750813405,47.72699401736074,78.85415944201043,44.87310443753157,2954.2517920578803,1408.2967299625673,0,LOW
34.46049850685701,87.04522810889576,129.71956041495076,491.9792544379578,78.92731976528079,53.59890479319402,1792.0071186792081,341.15377590828723,4,MEDIUM
119.32072449492097,286.56769997075577,500.0,1000.0,53.606667203032046,45.615842783936785,1183.7742434655713,928.1297187197089,9,HIGH
7.462429302488626,33.47709166815768,65.83750143418489,265.9375172270997,70.1482891194193,25.2958008556933,622.248941766805,2758.432682060717,3,LOW
57.99199818948572,106.4181511401687,212.8656932121461,1000.0,43.810606500775144,29.109030136655583,2781.571347790403,1977.982956340398,3,HIGH
33.152786491442555,108.15507808049631,152.03821869573696,445.1101665053687,78.07127872842051,12.834400796867747,401.7081869554911,2361.140201318946,4,MEDIUM
13.027037743698106,25.415467982020516,46.59900323089372,162.4493765813992,19.167606633141844,39.78458276642118,1241.5655360125156,1644.725668361815,2,LOW
3.4814637865320703,15.112680750591714,38.39605832713325,98.9210907018237,87.26848582166595,27.367921895265987,1732.994919168272,545.9749649151784,2,LOW
2.0796238832692,0.0,6.057405149825889,43.43800012297045,59.72972906662262,47.86918616135619,1838.4367370591744,493.6684756726038,4,LOW
14.696522698049485,32.13712679915714,52.51626839902252,167.70886149009667,92.24222150170831,37.60148128109683,1872.273733239026,2308.999195275747,6,MEDIUM
29.54798768181697,81.10064577548262,145.6298196532136,382.53744430375536,86.0550207260958,13.527162057674047,2236.224994581998,1316.4619176527617,2,MEDIUM
40.481719038358094,132.18343764670217,217.16632854330481,577.3722997901605,83.37750281373883,25.549147671055103,646.4692660657172,1524.9978540624506,2,HIGH
46.79255713734307,134.38894339701724,260.155369321293,1000.0,78.78198910053331,38.84744965174619,2242.235091638062,577.7940197118403,7,HIGH
27.75283640091249,79.91299258550325,175.06989684922797,727.8128001984202,57.85926909456709,47.896114270295946,2701.6967766392004,1116.9337309054279,5,MEDIUM
24.80366989424737,44.43135600841323,85.01855495307609,274.95840301872636,86.85617281847264,22.540324678945503,382.20652812757896,440.0744297310919,3,MEDIUM
17.379684688887885,33.7379549715692,81.02477814909439,282.7898760585358,69.11824778625166,38.47471295137162,396.68056896827215,653.3463284899408,8,MEDIUM
30.04788227848994,66.35582607892303,150.57727587718512,649.0361326136182,51.52615926657397,13.679641425796724,2976.726169597966,2672.2150626677667,9,MEDIUM
13.191505536929087,34.53866925025085,92.19341552565709,176.81685626374517,59.03566824304248,50.23563578731568,1142.2447881401,2164.229217358886,8,LOW
7.838767715152326,31.375893783478624,32.36059663126392,121.85149910366474,77.43228069815203,33.75849016493174,1528.6701611721112,2563.2077102926346,2,LOW
23.713827242524303,82.54604693074944,128.0693523572782,338.46784918184125,56.490396085148376,43.430011097757784,1137.1689736120236,2628.81164188308,9,MEDIUM
38.443185802718325,89.58680712607065,151.4686632552427,662.1315632114135,75.00607101840109,24.84257239109808,1802.5139422848856,1789.3092133841367,3,MEDIUM
6.3481125135188705,20.163406363310706,43.1828397873885,128.08428111024384,64.74917353922774,52.02705924277713,2221.0001940617285,947.4124302330318,0,LOW
14.697721091592413,38.862065351346686,60.90733364893123,227.85649682727893,95.80794023106111,41.00534089987736,2351.8646528027202,1503.018429530888,5,MEDIUM
23.0819573186214,77.59495870633903,149.68453313774828,359.68551413075346,98.45165388164014,12.682871842957717,1259.549793311468,105.6367435505196,9,MEDIUM
22.730122401869753,60.12367309378896,121.3918076614559,383.7875326695274,63.13367274542102,32.50927699330374,1003.5576175004971,2461.1579032742334,0,MEDIUM
32.55247246840892,56.11163279456191,94.34759189020467,388.3677971957238,60.3876166205267,18.587598591385188,1775.9063945550445,2417.763562391103,0,MEDIUM
69.79872892175462,146.00983769156713,225.13553063571618,773.9182831396729,98.58398563637306,46.66797805554464,1337.4886150458851,1549.5758809677918,0,HIGH
2.1059275974933813,6.919082538469997,0.0,0.0,80.81024857087242,44.14122010125439,1979.7012545435255,1163.766691568302,8,MEDIUM
71.79982650043635,207.8409377350374,284.16054995954323,1000.0,64.26899318817493,29.727260008812628,1951.1955941805443,559.1741749174687,2,HIGH
67.82500934804914,174.7556619183153,374.0538871191212,1000.0,54.59500573029086,20.09633123499591,2715.0232467409405,272.9739967138632,4,HIGH
40.929817307688026,99.34995507342163,193.14775654202583,924.2192917011182,69.15202076053734,47.63434828823686,310.4125660771318,1008.661648314762,0,MEDIUM
26.282145205975333,55.81658257175076,92.4989240374793,326.8498617353119,31.49733243478161,47.524216422936895,574.9901248799176,2815.550014468606,9,MEDIUM
13.408293566260138,17.75785585009141,29.460136475778306,161.27757857510395,71.21790511272556,30.261794538676725,2424.221492207952,252.82891741318252,7,MEDIUM
40.597532640846204,113.47051006248607,193.29486554846946,597.0032927709709,72.13673707271876,40.862845509758436,1875.6118742671808,2849.96027826063,5,HIGH
27.251910085252263,51.49114873045951,91.94894073149928,302.01757510580984,79.11713019416243,19.27503230877718,468.76628577697875,1609.6049514931735,8,MEDIUM
17.669264668660222,57.552175837213014,123.05229951201281,511.4352620433494,77.56930985060468,22.442494688085013,2844.9043529169858,1350.591688050143,2,MEDIUM
39.89775477104743,110.24285406126576,169.58245246790236,369.24646289943274,71.59243309008794,52.20280059100759,2056.091829321098,412.7270107383269,4,HIGH
44.56685951989297,139.0723797171016,293.5483728564567,731.6764229261339,54.09208271613261,41.81384187994436,1612.1879422123836,260.5596233333532,9,HIGH
54.72647260350759,114.2636636830825,173.93381240497675,349.11525582499814,37.98708731050361,8.606026649010108,2404.882210207986,1656.1621398680422,5,MEDIUM
12.208494579534182,29.42490055721968,51.23534470599468,196.01524982542028,81.31562805139424,27.886671027886596,1909.2407764339314,1815.909541892926,3,MEDIUM
50.20371907638604,85.46383421082413,141.84590018518418,585.8982805267221,32.514618705552635,24.78724401823426,1307.9015460298394,1330.5847500114812,6,MEDIUM
17.925745914210253,36.93129064800906,58.983253372813,109.63748109409947,42.28191194594137,16.54946286976712,1100.9144779033309,897.624216376439,9,MEDIUM
26.334586619303977,67.73272310931301,95.54749005259974,276.44633425533215,91.59744405450945,54.74709003614298,1524.2606075347833,89.03584402459813,0,MEDIUM
30.06484762493058,46.86139367077171,94.25125434222097,232.6486934405381,63.8722703434136,11.78955003911032,1583.1649066083849,836.6970903640189,9,MEDIUM
47.55912582315667,134.78049989595098,221.74378275602308,609.2963162727326,71.47327293170333,20.71334907578129,2222.486167944647,2158.7254621183088,4,MEDIUM
37.19524033456017,99.07903587113366,156.16051984323155,354.1577753347621,47.324577093169644,47.43592967307731,1577.1076293798906,1837.7433962580212,0,MEDIUM
17.439603615789103,24.99885777357347,76.51538591752741,183.43814410057144,91.21186912298269,11.613733399553201,349.5238389559877,516.3816523757824,9,MEDIUM
2.4893539311656325,0.0,6.247376809194721,11.691973549967862,94.02550694534438,23.80694462686655,2148.5576803099,2390.642762583196,5,LOW
32.28702749527554,90.72243553462442,139.95821988554684,577.4146511385898,86.32860684366685,36.70962802667239,487.94182285710957,488.03980728895925,2,HIGH
25.56071744295444,73.61908959239555,179.8639384124325,506.28322080198836,82.68635952220077,21.844787946617057,2585.093160206824,2396.613873874695,1,MEDIUM
7.3705686266308295,17.083734849665653,28.50747659815745,70.5678329755589,76.69453110794787,25.441035977710747,2212.3452629822214,1562.2340900999975,0,LOW
27.771159717489482,60.01908490120113,117.3405036623053,269.8734784053379,51.47428185338801,32.50567104799619,1914.1684687163945,2164.963314125344,5,MEDIUM
22.867637431416924,47.04862303462114,65.39052690114424,182.53806099667986,56.01066577352678,52.634344726478105,1526.2295595173578,294.911155435467,2,MEDIUM
54.37863143045118,72.89722612619843,154.54700502706993,491.00490985601897,74.16379876355053,48.54534541130228,764.6984924082242,2235.913801475603,3,MEDIUM
74.9383068521239,167.56702522036446,377.2179975673043,1000.0,82.53935768734976,10.598145038763725,2068.4894249589515,2178.3028159410605,5,HIGH
43.83609208309485,130.36463676288975,194.20491915492929,791.219509380102,49.09350310526357,33.47147582141559,595.6341141917076,566.9972532423795,9,HIGH
21.899722423290886,55.080725022649254,101.48166942413759,367.9318680105591,48.25882345741185,37.66483712428996,1932.2736021908165,455.7419445414387,8,MEDIUM
24.41036320173005,57.05800999765978,110.8830992041994,309.3212351704226,64.8551227930759,21.288091519758762,795.013838711708,2258.653282751403,1,MEDIUM
11.845318265936697,27.9320331936022,65.15121348001243,285.1659098526887,55.79918757331086,18.20985103132662,1911.5503677133515,1277.6618679630221,3,LOW
13.812364804779998,50.5629677492732,103.17762918763118,504.3747543882401,95.62245661854564,34.88665800498708,708.130214804482,1960.6742426599283,2,MEDIUM
20.960824572043798,43.105131270839415,79.70526154367495,162.03406804310134,70.83472883641637,25.748906882979817,555.1020114024873,76.70024177130716,3,MEDIUM
19.34338533060476,60.35498122405611,76.0668377597027,338.613435613453,60.91397920520978,50.253244501284186,1571.350903155228,591.7641481847354,9,MEDIUM
6.9695863788462,13.311911107249836,10.508265522258604,53.120137268199684,64.58314020532637,13.177722039902108,2216.3351939340273,2250.4770147703,3,LOW
54.74624604281796,91.18099597984848,157.67273842161566,590.0269636161479,68.25272369795373,7.054193130982346,943.8259583439176,636.6548295426708,6,MEDIUM
59.762124874819946,90.7536535575737,185.82279116799418,465.0580027671174,49.914489276956175,49.980814964113264,1643.8059864183288,286.8319289209063,8,HIGH
53.606836065078554,109.04587869698048,154.02157135823376,603.6411323900214,63.46546479653122,49.8062436400227,2456.9788220839505,566.5427539430254,2,HIGH
61.07724757666384,119.48810684943655,216.1054046976961,557.8096706637136,88.52313956542051,25.83850894472742,1783.4772957597565,2505.5845750285175,4,HIGH
88.88286070848005,231.45863956280928,375.74465497863076,1000.0,62.989636072918785,42.69445665935587,1912.2495020362562,1072.2652601730417,8,HIGH
12.037147920284294,31.142178636408158,78.22715174305586,306.7249573535978,82.56267284950069,47.285757036706535,894.430072242896,1613.7228215048233,3,MEDIUM
86.4723969444187,167.36889346234835,349.42330033819024,1000.0,34.38178335514166,17.74451235196206,636.1475603467917,1753.6129067395293,6,HIGH
17.356462998852116,55.34273044919085,116.46613781667979,473.6755729980772,96.38746344703438,37.72220303226342,702.4146085728003,1149.2841193802906,1,MEDIUM
35.67227420396339,42.16824608697341,86.59685784575885,175.69081697176858,49.21162445918492,41.85749609486773,2926.571096764751,326.409094703402,9,MEDIUM
5.399936393942521,0.0,0.0,10.402466897088328,51.76895922446128,22.87461194075001,533.8693113910824,807.5726942260297,1,LOW
15.640423034043078,37.38332987039882,81.46266201486654,217.45186764998576,51.88690846432873,52.29973955221931,709.0688174630932,515.5436769173393,6,MEDIUM
44.66916461742148,133.37843026031555,214.56915860222833,874.9226419967641,75.92376849242633,53.35763034489659,855.3738665903237,2733.084267212908,9,HIGH
36.84618293564451,102.26251437675569,238.33737403698876,567.1779539575258,68.2088881739611,29.336393779089622,2427.4531433219217,2233.2584184169637,1,MEDIUM
17.09331265407249,23.984693440261267,47.70284413696669,171.23580572775586,39.93336213927618,8.799994589838622,1374.4745983624923,2478.0036026347525,4,LOW
24.402381742725836,65.1965882901436,129.10071801981894,378.5960533216768,94.27022712386098,50.94843161683813,2435.419880197332,2446.1345870347754,9,MEDIUM
14.334118777192561,39.45285975179992,80.72347000303833,394.9408092186197,84.35614699904237,31.1487211858,1431.1050873256193,56.41556791579226,0,MEDIUM
44.58770653021921,141.8852501713364,299.2558223800993,1000.0,26.88864927983841,11.941356620864031,2445.783610972238,2259.571744430075,3,MEDIUM
57.12838394853693,142.68494494468868,346.30726537129357,810.0420454026844,86.36924746906702,41.60486331449092,2717.775194170131,1472.0643896218648,9,HIGH
12.083435576641977,39.49816208113204,86.91553703908386,373.6657975756144,69.79996710820419,39.357680590273304,1507.6981477805894,2335.175506581842,1,MEDIUM
22.617718447666427,37.64916887131668,74.76842808978293,210.09315877043127,64.27474293829741,11.992915322831077,2963.1915880251254,2881.537802230086,9,LOW
6.695477500738786,13.24709045556046,30.078722765359057,128.81584671260362,58.772649863436065,18.742771670178684,2818.860288640753,1105.263982299013,7,LOW
27.17977753903615,72.32307352086156,173.78708409308587,536.6302690487512,63.49755595677807,48.21306566064278,341.4671005663204,1834.1170570656718,2,MEDIUM
33.1446270254938,77.8440687466399,176.6551396770895,750.9577362846793,98.67104940063344,53.47926153682549,1823.1829516777275,948.5775819100603,2,HIGH
28.780148437564524,76.11553475940967,140.86331374298436,671.8456680166481,72.80865835405596,25.262603501289117,2074.230005763783,2686.7301587671973,3,MEDIUM
31.366948881215265,82.62194137846735,174.50557664375555,792.8601722354515,67.5202762007366,11.729311236263769,2576.5436341126083,799.3677488890544,5,MEDIUM
20.86446461430918,77.17063538477518,158.62090952763012,360.3742197840463,57.00580846856093,22.599004749872645,2118.0720062824284,1086.190099939382,9,MEDIUM
21.240188127672322,41.81037362652799,100.14104512590902,233.95927177397192,77.84477146342502,30.38086487294543,2158.277962160279,2669.439402600766,7,MEDIUM
20.50463577021902,59.30941007326683,113.26240662740578,473.1712411833208,80.87828716291145,20.021196346109598,1082.0420929549555,347.5082827478134,0,MEDIUM
15.259977928058216,41.63011536554452,90.51832162983683,232.43092937814777,97.70366202205946,35.565012736940304,2515.4637481459927,1507.3451103402679,5,MEDIUM
16.817292193628646,42.33089249089078,104.44060131367054,388.95033193342596,53.22174128647248,5.396176668657383,470.87931122339944,1764.7923963463925,3,LOW
32.11204355049105,97.85163494706885,184.56385139325957,900.6797749077876,28.952319380317178,45.823820873722575,2074.9675862281692,1758.1035842330405,5,MEDIUM
54.78396597912147,109.37108650412206,161.70896717621812,435.99757314024856,50.230355451631446,47.23280846298088,845.4646690983813,404.2176531953784,4,HIGH
10.308996112695404,37.9333778918917,91.12857558961718,286.24893423314404,60.068047943941075,44.175254917451284,2367.0551534035208,166.4974214071326,5,MEDIUM
21.180541209951322,66.91404987708722,144.00597767378883,642.8685417738335,62.61605723242371,20.171733444840378,2433.651676010168,1279.0938651003603,7,MEDIUM
8.440319032149658,25.82745985072158,48.78555843803544,216.99093400883396,64.45741149383791,36.61859387441706,771.9194458378288,1388.8841838635817,2,LOW
15.48619714934858,47.40440149069991,102.96469696535516,513.7537622394873,93.37948415863822,23.260755268509776,2442.593030577625,2830.8593146546864,3,MEDIUM
17.611240913488142,48.824030555686704,77.26483741169987,265.68415936442636,87.58465461229208,24.46373077358306,2561.2379591678036,2279.2073030784513,0,MEDIUM
25.827887796887268,62.74357762860043,113.80049663838567,337.5468987759038,88.15640539630577,40.455013216591915,443.1857447359757,1815.9749484378394,3,MEDIUM
25.313407120274803,83.81466899688034,170.77752509837268,736.1614957167143,75.34622034977784,47.17703199709085,1461.0180973405058,669.8351373659963,9,HIGH
22.46782745797738,37.08178026280083,91.2577814876343,371.84579566946974,43.19851921913987,46.549581837270615,820.277046931201,2709.273758574854,7,MEDIUM
30.320648725191685,84.78730197326907,162.64591711833296,827.5776275019346,40.35835948015352,16.55437884636727,641.2956217281405,620.907291049995,6,MEDIUM
11.202641730513594,23.659689806585135,9.452079383067936,35.51324640603911,83.0875772562631,37.90143684519355,2469.59866272112,2844.7569080687954,8,LOW
25.98165430460746,58.12431493853946,108.1596808519999,374.04170994003334,61.0596250422071,18.353474834866148,1091.5826547013753,2840.5095139075315,5,MEDIUM
37.560521297858315,93.51441328620592,181.91362571812738,542.6745349028776,55.091038676310475,36.42203451659431,2038.7902314730593,2934.7818673054962,0,MEDIUM
11.08061678407476,19.235308507695215,43.89404896205587,145.03477897621516,72.009032996533,23.3602421638381,309.9399099692564,884.9052164489887,6,LOW
4.34921830151142,14.497857329881192,33.90391233370945,151.62628822339065,44.72706166879457,44.497935478676546,514.5260833678454,455.58250752512123,1,LOW
44.35049533560869,100.69011083074108,168.5138443301386,817.7996912295307,29.90155703270067,51.87341372922752,1947.6505682782638,1904.8943463569717,1,HIGH
8.695364321121833,21.50924158048842,31.73525373638159,130.31268860817966,87.92345616285114,19.499055686688383,1299.736024132844,1297.3580932295656,6,LOW
14.8802645066954,27.067230550596708,33.127436429689205,123.26375134113123,84.2308693292393,48.4407163010504,2675.203799400493,1196.0731958904655,9,MEDIUM
36.839211236265584,64.44545608526451,145.9998159679955,472.7648173783423,44.10125527998488,42.000027351766555,522.0461755093855,1691.1098005259146,3,MEDIUM
10.593762119197297,18.66236076620681,41.60511946632718,149.1730917585474,80.35571272828828,33.30115932504802,1984.1456525829474,2083.9192599320427,3,LOW
42.34896334038723,100.2285631112569,188.06444099750172,728.1730874175082,88.49573506796905,31.2484969263855,2197.7814041207594,1029.7673438235265,6,HIGH
13.169770091637275,39.25452925998499,60.05412978208177,209.32578217760943,39.4208089177668,20.965270982499902,1950.2929113181776,1038.5891429122942,3,LOW
11.84656428929944,29.015190813180002,77.86587143344903,297.09594291168406,91.07579744675034,15.16425316739321,2137.9150848257286,1850.5615980580126,1,MEDIUM
8.479344244042313,32.12495746705556,39.64000115796956,187.33441904861843,83.48223482006252,9.16931051833176,973.1920858559162,260.36466042999143,2,MEDIUM
13.268690098289817,20.226352313306986,30.142817930951953,163.47178689578945,41.91979558742102,40.62244901962146,2371.3764686602663,2114.842239204562,8,LOW
33.56067531485887,83.866849785654,162.7745273375583,545.7614269269466,64.18429346417004,16.12206096432935,1797.5775865838832,2407.0840445761564,6,MEDIUM
14.882435907489793,36.66322893759035,91.41213311046076,379.47807939657275,55.66114153398899,29.769388506279565,2427.717101917077,2645.269050059822,3,MEDIUM
44.46990173403607,106.00409768337539,207.68177953789274,503.36311803250544,86.8667899768203,49.490745583462314,628.7648722655279,2273.807140126344,9,HIGH
23.140184351129978,50.04061324894444,88.90094399794636,239.62844586787227,54.55374361513068,38.55531936349509,642.9784245359283,1544.8934307707605,3,MEDIUM
24.631079246941344,62.97982087666541,130.86178590924303,561.2249538641256,98.51110990589856,13.461739690422526,1367.9033155613859,2627.7524044062548,6,MEDIUM
11.540110368943512,16.867893887244627,15.324280861965855,45.14632296347286,87.3588889529726,41.7226916171314,1352.629191526461,1498.4141108511412,1,MEDIUM
48.821729328135305,109.06270556454636,209.24900774361242,970.4417947297269,73.44409084271551,15.741694047740912,646.8616301707759,2371.9031681501237,9,HIGH
37.76523636889818,79.20980709903961,169.22270348114526,449.609467064155,36.671444433544266,43.99547201953403,519.2522823073797,237.65454724068945,2,MEDIUM
37.05636924641863,114.4402688271263,282.11311034250525,653.13613577337,76.21696172790965,8.885610859653898,518.0935359992549,2141.657409561363,4,MEDIUM
19.980508368482823,30.06790150059215,77.13595087323122,259.83094901174485,86.50712240500592,12.085457496553026,441.4228592261355,298.0977180174309,5,MEDIUM
7.530709733488671,25.28650377892587,32.80020922367598,152.51677725659715,52.04735100954452,51.709518863283435,389.49484197280583,131.72468737697864,5,MEDIUM
25.581250767999315,54.870761721941484,122.86185458512973,605.883113561361,98.81070233836627,19.01422863245142,2480.9455653855675,1531.6152068053786,5,MEDIUM
32.59950425888759,56.84025682804065,127.93644588435825,612.7551452894807,71.04171798574659,12.531790150869183,2824.4555447851876,402.3708463798445,7,MEDIUM
32.821184848961536,62.279511277418,116.05810238723387,378.894788062824,65.70478167402601,15.745391919451835,1449.3229921592692,1009.0981083881121,8,MEDIUM
29.874219380470468,52.450202294811696,82.31957490187426,407.0654466129931,64.09694153899008,23.0549866477477,804.1992089450275,2334.013587550074,3,MEDIUM
29.024541519266478,75.97352412110665,109.6105941158147,257.61361060747146,47.00960657515878,46.88079418294991,1186.5953891548502,1673.3364083081433,6,MEDIUM
13.116685947606326,39.690452044670636,75.13818317997753,387.0644147873606,58.41966126343174,12.626062678098005,2509.9934801715613,2213.4652857662595,5,MEDIUM
13.652594215240217,47.071450921444196,87.1964016001816,279.79109775985614,63.419142205070735,5.787535728283661,2808.978948963323,2361.4803986160277,4,LOW
8.555426994830984,29.351113344271262,56.52055261203453,176.44834903698086,70.76605371944315,48.24957392200747,944.4522123424277,1466.7506582662236,5,LOW
44.80848213790757,88.68308497410031,150.85616434118586,605.5807325174917,69.62264451936296,19.982934282886838,382.64464892332444,2957.6418888088697,8,MEDIUM
72.78798538495063,211.65963663432245,434.6757197277021,1000.0,90.40560849686618,8.845857081954318,1133.2707970387023,646.1819790884946,6,HIGH
117.93748287211815,192.24599749313765,314.8324905778527,866.9902000868956,78.66431216186346,6.388335697540888,1340.4851086063493,300.4817373960839,0,HIGH
26.84982672580574,62.49074905619174,117.32146132169497,244.2906061227681,43.18913121085702,49.978865568027985,308.12142238457164,989.5310831305239,0,MEDIUM
29.07561805879231,79.42962061468344,116.30102203792586,470.0198649690283,65.74097998305942,31.157019608810334,2139.8480752396654,2299.404021892973,7,MEDIUM
20.583753818037117,32.07830821350445,51.41608831035529,283.3587576040287,73.37021288506897,35.5249570891964,636.1565918681529,333.9082660179806,5,MEDIUM
26.554100330490687,28.970076555612614,46.119952694813996,192.18059107950694,28.17632346866978,35.80280392109681,520.9712167719392,1426.8858809804774,5,LOW
10.557652288788066,21.168586350826637,55.64031662195659,157.33703001082424,61.51343077485769,31.10969186213929,2241.665395112528,1735.4619090223166,8,LOW
20.27367746819641,53.474999655871386,76.76675064765557,303.5501592897086,73.71736945298389,43.46306398624543,2381.1126540341484,2433.491872132329,2,MEDIUM
11.928970027907589,11.522376456934314,51.103052352104015,113.04358595507284,49.957203120277796,50.30430011112634,796.8760157438509,2545.3880509441424,2,LOW
18.351989636588637,56.32916587773325,84.4455538646889,264.9515961324917,87.24190945668471,37.0538668234558,2374.9236188123664,754.8567545817339,6,MEDIUM
12.791897767360084,29.933960315476106,63.499275600647444,139.50167047303438,37.58099878736078,47.194207008616495,1103.2198502688336,858.57979698138,7,MEDIUM
32.61119546543401,78.25064445131363,146.9735765206002,504.6477247693989,58.42328377689148,5.480790876400516,1131.9285166345676,2067.6946995457074,9,MEDIUM
35.42517123201469,70.61124869076122,114.12308484398444,302.91778620749704,80.17635954799063,29.009410697045976,630.5673456444019,2586.3480956869857,9,MEDIUM
28.457996468334226,73.98787323810078,104.73801111272267,263.9664760055175,60.00821967208654,35.20237868128439,911.5877879426753,546.657595326788,3,MEDIUM
13.699313631144928,33.45329353956784,52.416840203381064,164.4290423644418,59.85346019139474,15.061577386070637,404.6762308710877,2181.7865199279354,1,LOW
8.019334225842009,27.457477382316004,48.25796318171227,175.11062007581484,64.16163624152516,13.014845195567288,2114.298794415159,751.130378094344,6,MEDIUM
35.69283685657143,75.87806088233653,176.049878305882,534.2593929639642,92.75813913138987,11.812186121127695,2598.6992891053414,582.966829068456,1,MEDIUM
23.050744316766828,26.639304457918477,44.73360367886724,114.76291402525518,41.70156166840818,19.241004310915933,430.52852635835313,1045.7864362855053,4,LOW
4.154644640330598,10.14558331584459,23.411541429959893,91.67169910746114,77.01046657262036,46.170553404149125,989.6005015762474,2394.2352579471776,3,LOW
25.43119435169274,52.088915658956935,108.52899678606948,484.3963830642408,31.965219170656354,6.382437968755351,1234.7593044125224,2240.525892157424,3,MEDIUM
29.22605203414589,75.55374296549826,147.8194680519828,680.4897626587687,45.79524980279877,35.12138881440177,1359.8744412987944,1462.1667136105896,8,MEDIUM
5.7223599644847045,13.26653562082064,16.19055527407802,62.65351574020021,81.26371814874193,8.407693301890635,2525.357939003832,2156.852696444754,3,LOW
32.99705948550744,114.38660552981439,265.20269497921373,1000.0,80.18109227694025,34.65981528254292,415.7681915655327,1247.2436820378966,8,HIGH
6.624787040409009,1.8047212115168136,8.955482477894419,89.89112496025515,47.18426355829871,17.61039197539922,1958.106119029535,671.0025839992265,2,LOW
12.511680778189376,32.241573910853404,80.1133392226934,303.6038674880558,74.15307886122613,12.867122825221013,1737.1221474433776,2536.8920182002294,2,LOW
6.667756092683437,27.574210924569954,55.4072241328854,217.10767900155932,58.26926463943727,28.291638673386235,2563.880406860638,208.68139616728226,2,MEDIUM
11.446996671679415,22.59222031769318,49.82780498267378,106.51907209608477,63.62764823277169,16.555317004059795,1125.8321767685202,2708.013125779285,7,LOW
8.083938290825404,14.807863954119828,40.09046647900787,126.43161376207702,65.73459251587012,23.91335440966651,574.9138588297845,2377.1856788193045,7,LOW
44.6230908338414,125.2964469859125,287.4241580413993,881.451706115202,65.66746777659067,36.652533795128534,652.5606177040097,2184.562931426979,0,HIGH
19.18291395576763,51.246866065449645,66.42075924566112,203.76289940996213,94.15033962098678,51.811499018255795,2002.5607341991617,1728.9149884421333,3,MEDIUM
16.218428859639598,33.65215675531033,72.99692199988974,369.27647403322874,81.6840558883437,35.89107045042343,1773.5421605515392,2439.539735507217,9,MEDIUM
47.402908918087405,133.49454636223177,195.1047518293217,519.1061511704359,32.0905301135092,30.35341088247765,1899.1652174116705,133.24849898983445,5,HIGH
45.82627082757365,133.9718906294917,265.88586748339935,947.7145895190491,37.00518140234494,32.850004281360185,670.1467315175859,1793.488779744024,1,MEDIUM
17.236080976686125,42.42010547286826,67.09329684342171,365.15134066185294,71.83778335794824,28.604649174265973,414.7229510682208,820.0687621687953,2,MEDIUM
28.07526460508736,83.77686325625181,174.0900195572778,689.1376055711286,66.46725750014525,33.14053228139422,1829.5320748053714,1935.8424275438379,4,MEDIUM
14.558904902922219,16.81760551225628,16.878727471228476,33.47214816700868,37.51004352822949,33.50887016391543,518.8668139512818,2040.4362289268208,2,LOW
21.406503965559907,41.36969960132097,49.76185247958695,270.45618788826386,70.24552981394223,29.60975253011573,2810.0292405151094,683.4873508658665,4,MEDIUM
9.445536044493334,25.5962004473894,60.329305849170616,160.73803030506028,72.29614996702978,44.41860035291557,2468.957683748879,506.6791640509102,5,MEDIUM
30.948355206181276,67.8418536899008,78.62167986333738,167.8110299692295,78.52208914117382,24.537265804066607,785.8727151695443,1782.9994169597871,4,MEDIUM
48.623022014465775,91.63161587304837,165.23750974708548,533.5758563956849,52.47472298275865,10.427367575547843,1914.1804044708092,2824.7014923521815,5,MEDIUM
43.1669676685197,126.26760875643923,268.8527324299586,750.5910890599039,76.69359255787431,37.15260832875792,656.4662951510234,2007.163363356709,0,HIGH
23.829029646654327,50.423875712963195,98.78644127536415,428.2587127626193,35.99866391557235,44.80481805580299,2827.6615437867563,1478.269241244067,5,MEDIUM
3.7284402892972883,9.57967211479993,18.596214276890656,68.42554395315003,32.55190921729365,44.00088846758091,1891.5197207356684,2809.6933967417403,0,LOW
14.02870704634836,42.50360029133993,81.96301816443685,380.3806702441929,60.923625690944405,17.60658182745628,1157.9388658716975,2465.803131698637,6,MEDIUM
21.386928732175345,29.611673533519863,59.357269908994915,115.77434950667877,90.82746705004095,37.351048340221666,2137.081022605582,2211.7573377977187,5,MEDIUM
7.14689347668318,12.162079992383394,39.395044826908574,234.34561201220728,63.68976685689708,54.92938207781773,306.8537902439562,1340.3070815741444,6,LOW
6.026495297692436,20.257705564156264,48.76097952039234,85.06328588406956,89.65488578670751,10.228253677684542,1077.2159895529603,1499.612217024646,3,LOW
57.393055122862634,177.05908792533688,280.22267726220304,1000.0,58.843381018939,31.13776528693314,932.256822319476,830.6284502747666,2,HIGH
39.89981288076508,108.24073916138458,199.72355210031623,465.0032327209615,42.227996282549874,20.2693722323367,1234.6779736533388,2459.804771821542,6,HIGH
32.592807710524646,39.38292723690521,80.58203370369839,318.37255269968244,68.8611979153052,44.56116203781629,530.3271087579136,889.759682996129,0,MEDIUM
36.88390460842879,56.575381462996255,119.38032428438545,573.7901339549037,26.744514008937603,21.23638490185808,2913.57208957473,2126.0641542370267,4,MEDIUM
8.327354897720053,21.8143550130421,57.26715371502269,219.2010381836163,33.9724450314678,41.67917133856394,1563.2965339995847,2631.132268581083,2,LOW
11.126655425935894,28.978935988264798,65.05608874344246,101.46089225227173,74.86529892248946,13.02271490468549,2612.3019970844084,1678.8872497268144,3,LOW
26.906344465643485,78.16460215051028,181.77414547431192,678.5597871408767,66.12085522372956,8.348373174426971,460.68601852521965,511.7013708882212,4,MEDIUM
28.391050084346517,44.57672962483717,82.44349007080088,276.8470090358837,46.79678805385861,10.20511654264369,2581.024987599656,123.39570131673204,4,MEDIUM
6.7572040071956065,7.963666873880111,49.73503731308121,192.17886006998347,43.98665598138191,18.0145906967623,2063.193802729077,2036.0551674751616,2,LOW
25.587006065870938,75.01117526722739,124.54393995258344,451.8730741767044,65.36876356982425,47.47571411762152,2132.687646037046,712.6728505626743,1,MEDIUM
21.67457314450431,53.87886792843122,98.46970650355615,495.47939435896285,88.62390318947516,12.521689093801577,2477.125333425621,165.24767508574973,4,MEDIUM
42.266792370513244,104.82509383173286,199.96116147642405,989.4900756655645,60.100652258463114,6.669523899773296,1720.397371205912,1062.6828400975742,2,HIGH
28.488066548252604,85.06762604228625,130.98450190741576,454.61555224474097,95.09245213008877,47.67304153354207,2011.8307005464262,1767.2619523138396,0,MEDIUM
61.61963920703026,131.75113626575808,232.91884494677166,542.717625189607,94.19988569579176,23.74411283586191,2729.4185325690246,1677.0212307970405,8,HIGH
17.310735813398743,35.05294410201343,34.857607888351154,99.31252019508766,67.96975053368504,34.43669881561273,637.7824623857352,543.8611710824007,4,MEDIUM
8.841178918809751,13.62510662935474,20.48860363462521,113.89923000434071,54.99987612729637,9.189926972133524,450.2983177713787,1831.7582282640205,0,LOW
60.58289618229459,131.03368983056924,301.7005902561742,1000.0,58.54744568465825,50.36722717997436,2953.269387507906,1261.7813832632073,3,HIGH
29.523035763166646,80.87195941357089,150.22104141129637,496.21085572161655,63.00933280134041,30.22215511622091,2680.0437731910797,1459.0059163774074,1,MEDIUM
21.767793777867457,54.66061082843211,117.6289542816365,253.9713157319987,31.21021936101504,9.478479473078313,1687.762127042793,2629.5558264327165,9,LOW
11.482009923378124,43.95732683111757,87.86282053362373,272.8587984272647,78.793299299209,36.69056242796029,2408.08076159829,281.6625336313498,4,MEDIUM
17.465639420798507,46.43095683478282,110.92570449276464,330.5167755334215,48.61513987112747,23.278285757453467,2681.1863493641386,1607.2193927293845,8,MEDIUM
16.767517753637595,30.711041619181742,70.30481055177431,340.2035412777931,76.38314659284427,22.670352631846875,1560.5122075792408,562.1911107975482,3,LOW
8.494664151932792,23.94122255980291,47.08538943954362,180.67989985253263,92.00828821217465,25.410929522825356,564.4889164249998,589.1805399781072,9,MEDIUM
2.5590387355115625,10.663454789917974,0.21102052639860247,7.8306811440590565,68.7503619287577,30.406166291422466,1597.7405131985752,1850.86679213466,9,LOW
16.464870193845613,35.826635691478444,48.34998012777027,145.66679213350457,45.56781808487433,35.96629827856026,1248.7067978993496,2025.641757138095,6,LOW
37.51206268623234,78.11764383447381,131.72563840006254,295.29809915576135,79.81839910608156,12.32064418048814,362.48362985098333,1838.3643834114787,4,MEDIUM
51.3168384892797,144.63561335594673,292.9714069270803,1000.0,83.45020260903911,42.7183148287113,2889.427248884967,2774.306561726554,9,HIGH
43.35170484583093,129.7507552232466,290.2919836761543,1000.0,63.423384313581586,6.357173153642044,2232.617509312776,2394.252479508795,5,HIGH
45.00587936558338,91.53570194957277,143.2705765986657,316.0360010866264,85.99318099537754,39.95864288445554,2421.709866715841,635.9000419435425,1,MEDIUM
9.414914423664456,21.399340683793454,32.11603570327965,73.62918406352841,89.42953443671435,14.16487398118415,1911.2522534488353,1925.798829800149,0,LOW
27.26171033288706,50.32103521907984,87.34934981492559,425.51467804408685,46.42682586222816,27.34120251747978,1026.7616660153756,1880.0033273820177,5,MEDIUM
32.7648901460102,61.636904965962174,129.40316924033294,572.6475527927151,30.540698960714526,33.07755406295507,1878.6961847813416,1957.248199580122,2,MEDIUM
34.18819611857386,63.1087795872983,157.84064548607475,592.6965242102982,64.32955980031126,37.36899121008183,2136.7328147706976,1315.7867518321668,7,MEDIUM
21.415932049149447,47.25349686011322,107.00564379976453,375.0841917871316,54.64665123573569,44.551769744849615,1912.8181548748453,2845.4812408260987,5,MEDIUM
24.97752023701861,56.46228524925483,127.44595506508014,674.5354277545053,77.86595661481392,30.809825563955307,643.289571897287,1418.0057794410477,4,MEDIUM
42.51412577201509,109.00807478729614,167.6717363844655,708.1584157291685,78.5797458961858,49.00635759096876,2496.5903311277116,2378.5945867296696,2,HIGH
31.96873593541802,64.67445279294701,90.00395321883025,439.06118521363993,48.76673686030277,52.75255479377651,1103.3913923677374,1469.859502014546,2,MEDIUM
36.0384703021585,90.68292660872987,173.9472392876491,367.9413593104393,61.766459516733875,53.80234299594787,1371.175528999082,2372.90776585144,2,MEDIUM
15.881919444007579,38.554978411912174,91.00971965956317,260.0025199893208,71.79825529422365,20.978073599111408,1786.9256818388844,1217.1404001471449,6,MEDIUM
34.7836804443034,74.6453203901937,125.26598486799126,255.46829532420657,68.98839419576481,6.608709022513766,2939.6163587083233,52.405283931294754,7,MEDIUM
24.743471749242865,75.64250452479833,157.7740520012346,688.2157369725803,52.53331743070283,40.78983850519809,1143.8162126313814,1524.5847905421078,9,MEDIUM
39.74076928852574,65.2235149197705,94.36503127445725,380.3863719642151,44.47639839968585,17.59488490642861,413.0647752614451,1666.5935001053895,6,MEDIUM
13.113086822268702,27.447001788860486,54.87840378848249,143.7917698512567,56.27764683387716,43.38432568944372,2925.631362742033,391.0604856892516,5,MEDIUM
37.634443039607376,102.85653119349713,182.5842290221121,878.3213385441187,38.33979331407768,5.250027276111798,2885.193901248491,2012.2934965891636,6,MEDIUM
17.648074945576443,38.45854246383987,73.44877188945225,354.54943268035936,76.72378086416558,43.859160122421784,835.3558316282014,2568.5186317159087,2,MEDIUM
37.748988517510355,74.4835841563315,132.81151127708875,353.32347334265125,12.673559329649859,8.507203342933412,2538.418432814768,2611.604583661285,8,MEDIUM
27.38452780078555,63.96304977542363,156.10856548554065,613.8307268221402,85.41213361557233,48.96735160410994,2782.9662646985603,1161.8424159413944,0,MEDIUM
23.468070591142826,47.115274100675954,102.00604836204192,439.32975877302454,70.51389202198644,37.565613522552326,335.0787529836926,1259.527243083651,9,MEDIUM
18.383773672596657,51.80755851632106,96.74999805085996,161.87691269359001,81.85564843404897,13.085607606670504,2337.824398446217,2582.237063562819,1,LOW
21.83622652616955,65.01463526894129,116.21697493648253,523.4227229170757,94.89059174258308,30.391097078802517,785.6914630827948,2995.070542327602,9,MEDIUM
16.494755838311967,63.20827620651787,172.6184538139148,459.0382311883176,89.74211547808059,30.260068494952304,2533.3877670071574,205.1871213028747,7,MEDIUM
18.09633484417156,44.56817731205105,125.48782404828816,604.7945153062275,89.28319936392369,48.95192904844546,356.5547017152814,232.25221882573612,4,MEDIUM
31.39102249335233,80.79827872519031,192.56317427013448,872.7190404851418,85.86698431852417,31.61683635577698,2166.351968242161,210.06492126361107,4,HIGH
4.906414427108312,10.157964064289025,15.899964835341102,31.831748862336752,71.71124566877542,32.523846103992994,2505.2936800320076,1414.3196188382615,2,LOW
37.408362296375216,62.4291579086121,97.213630301692,388.9465317155128,83.29970965538432,20.949993653804704,396.2247049867052,2364.424203872586,2,MEDIUM
37.825624467077105,83.72924203966885,185.25377539872085,449.0487190306622,39.76784614375529,41.42521436720657,2344.0705027882614,326.3616386311251,3,MEDIUM
18.802207680786438,57.20418001331587,97.26756321739657,324.5888401834637,60.07929744352217,7.514910107870261,620.6617986557262,2082.395243111282,8,MEDIUM
25.439604307427906,51.1523947351291,105.06456651819501,398.9718385330343,69.69066002706727,53.39765427222671,513.5315727617565,554.9241845765324,2,MEDIUM
10.477908973539902,35.22557059740375,38.652588276025135,93.4037902051863,79.97479371212627,35.31254493896697,2785.7950251404104,147.23654939376775,4,LOW
30.022085318643143,42.55206447733,79.81379002907487,333.76010949735013,43.21813133676779,47.28326449559564,2792.181766001378,1806.9779638635603,6,MEDIUM
11.616729410099369,25.9230057550993,54.550876530761684,175.93642355825324,84.31160829692124,44.05334402676573,2301.0794053412847,1801.8871176240843,7,MEDIUM
0.8830225864071123,13.979497233221215,19.07412363174233,59.38636994016335,50.52535458668699,15.907622193708304,2703.5544611153596,885.7196959397354,3,LOW
50.05476822944901,159.7039992879035,324.1478929231349,1000.0,44.73211482722586,19.45380311283933,345.11016898543244,1000.5980360922686,8,HIGH
9.497209365914953,20.67657500925095,46.59246201206516,149.1542624682326,73.26642130346737,18.90056158221451,1681.5319844704381,1094.2676802049273,1,LOW
21.495230464019063,34.52516071561001,68.41788878459015,256.46857968665046,81.05278182414328,16.275903028369925,2653.4232592093877,2791.2325874843173,7,MEDIUM
26.122309943906828,78.65591900742874,168.25565259599227,696.3328071965981,66.29541877632131,5.795364609139238,2710.494035145456,2605.6431177588397,1,MEDIUM
31.343774372339286,86.65375748802667,140.57339650641526,457.2492110024954,67.13999386665853,46.347572542595245,1290.9724184476202,1606.1503251498161,9,MEDIUM
22.895571195036663,35.75283670339604,54.77083579179943,208.81408170557742,58.09626083778638,31.892624010368575,1176.4462317118205,2892.197750534558,0,LOW
27.74593352707585,66.99158926517404,105.88813751690535,407.500468799311,90.53755759414985,34.55920275369769,2189.941536610525,1766.0739318886754,8,MEDIUM
18.47158309636497,58.0068630535346,84.78719359426101,325.5838032973557,17.77710467490718,29.585169653471894,462.4556223158139,349.52013087024716,7,MEDIUM
5.860971853857764,14.958322624728028,19.360420908048212,58.17920188587817,66.25873360580596,11.218179472729418,2407.4043130718396,1487.1253979008345,1,LOW
22.264524340499413,36.247647366263145,66.0531126220941,273.44548408307736,69.70444811299798,26.80514443276814,974.1420328236514,2688.8353035173564,7,MEDIUM
34.29348499496511,110.95539478512053,248.5130924091011,558.1802038447277,63.76663036113707,19.68166059226852,1708.2457427639733,2004.8392404452727,3,MEDIUM
10.011161012677444,23.403324895274174,35.53856991760185,146.76838302608613,63.554141855776905,49.60292733237184,819.8866674953858,2860.3663594363447,9,MEDIUM
26.310798072329842,30.928731051118874,62.75452777595882,115.13426768693952,81.0239434614601,40.060406042996725,2282.7663511274877,1616.1067874731016,9,MEDIUM
69.46541228016667,173.18060798013977,358.82702765555985,1000.0,71.6729546609723,13.132869521119657,2882.467445388514,2739.9494429252877,9,HIGH
21.216775837660265,60.69642428121337,111.50508642708428,481.05100093710547,73.87870478002111,40.09586658084091,1760.2507934352336,2311.434914398182,6,MEDIUM
22.01816810419417,43.51504720380202,74.74398266697635,249.2068690524509,68.17980374735887,32.41838793539898,2866.935332691538,2477.0109152584873,8,MEDIUM
5.390896139834885,6.798701041451798,32.467624544606394,152.2187812839524,46.857815811129974,9.083865937989145,1385.5870786892156,2974.7935655194124,4,LOW
9.00520868419641,9.823677892535231,27.48863128921917,115.58170371492484,91.22703653536081,8.477555211978833,1073.2841026287276,941.6139715194287,0,LOW
11.723298938405595,36.046533142895534,77.89961900388506,146.95967733640467,56.194889761853084,12.371866578719743,2564.248064459127,1902.768373819395,8,LOW
33.39919926885972,96.80678547207366,189.4134459078497,819.8788036341222,71.9549991968639,45.52487131022621,402.41592760618505,806.5354658467088,0,HIGH
10.608557103119185,37.03723393869582,72.456211588901,361.772607770957,89.61945890303807,46.4974521630913,1059.1735249476365,2568.998554923018,6,MEDIUM
3.6588182023537987,12.697016935508065,52.70564059294517,120.83152244716335,67.72732217001862,35.40903550156689,2164.322355368119,1778.3323289204634,5,LOW
29.598763492884423,83.67705372333165,179.23525792588313,508.7857683512901,83.80160592478559,5.781315904075608,810.0616068904733,568.7131996637503,3,MEDIUM
12.62531730393669,22.527659401712384,49.60964340908865,169.00615996984442,68.86731956296138,20.856081796106874,2704.2234422070637,1292.6745627132507,7,LOW
5.606629986266647,12.200777908294672,16.878319028619366,86.25263361654527,73.38274306991329,25.045435195281552,1601.8800684237965,586.1419234439396,2,LOW
36.16573436103265,105.2426245208151,191.5685517582243,745.9994220470924,48.269724241287236,19.2192643512185,963.9387097042222,1400.9565283237728,9,MEDIUM
16.909928968229714,42.08389601758257,77.12208842119054,327.73203799925057,21.37406520895886,34.056380693042485,1302.3883366691803,278.8810783453571,8,MEDIUM
31.502858800316808,62.77754114973024,126.10261258792092,527.9595060754938,14.257851718743705,8.110563240551862,1066.1177779272398,2897.5786677259475,9,MEDIUM
5.413554180717906,10.861412630062206,59.017865834254394,166.54551392615124,68.73400765761532,5.998497111428182,2192.4816629079965,1810.0212680147113,8,LOW
2.2439275443199085,6.705891978860148,0.0,0.0,56.21020072855188,34.39334077902261,596.7429511978698,2972.4532703415125,8,LOW
24.589377348087332,49.09206213061474,100.11449972384415,522.2600962839999,42.400552694036065,18.226518059438945,2604.9177893753294,562.6121373577246,9,MEDIUM
8.72128257368624,0.0,3.2594750505467647,0.0,78.41765533116735,39.326461465546615,701.8132869751387,1184.0257256527711,9,LOW
24.3411100923667,48.42830198390989,101.9949917538663,384.55645663680394,89.24180033721372,43.8796418682074,1062.66140445379,2797.1554163559917,7,MEDIUM
24.715080922046255,55.080701739018366,97.5168115775252,192.28660406587207,86.73679773438928,35.55285835182401,1992.10296450124,2091.296216050972,7,MEDIUM
22.531318867748013,60.292840366068035,136.8727523799449,383.6709584473163,63.023687795897345,54.48477359968944,1256.357867532299,256.61160637063733,1,MEDIUM
44.77275423414565,109.1311304710871,185.45030785341754,627.8424441344731,45.91283704293485,37.14634168847836,1677.1443501215485,2655.3956229314776,1,MEDIUM
107.47976080095938,175.55542949876013,370.0354455431252,1000.0,67.31500492573203,43.63751661481686,1836.5816409922768,607.0639628566821,3,HIGH
29.241832422189855,57.298919388374436,125.53342623759663,450.28532437019703,80.7167059906288,37.05086668461357,999.3589602091563,822.3423393368527,3,MEDIUM
69.4220955275695,189.04253664272397,434.31593918351376,1000.0,89.38399492501655,45.27208542276708,1743.4248207917624,2208.676530968309,3,HIGH
17.26291416026691,50.289040479835954,84.60992649990818,394.48737713866785,74.38665563840412,24.530095088250494,2836.2827915237444,2146.539211859883,2,MEDIUM
7.29142749239932,13.76920714840351,35.837954947887496,89.98735964206551,66.69615697432634,26.71788247163723,306.6848732535723,1998.7543531437477,2,LOW
13.327890051884854,22.896731095854854,28.766265977128125,85.91472941121138,52.5772518701081,21.759374416435563,1909.816717057342,65.94806194917497,5,LOW
18.057552129549293,24.824019451369104,47.39523466043265,114.53811083912728,87.71814467956055,33.82389666615808,1164.5563974355928,785.6752252975693,7,MEDIUM
73.15058541811281,127.75780340387486,288.76773092460417,1000.0,72.80986575942171,23.73214775257914,2627.5492956209105,1067.4433704596727,8,HIGH
23.465380110219222,37.25319837932788,87.2865244314755,243.0476344521977,72.16466210700968,54.39309795871868,560.7984776362393,1230.9848495798965,1,MEDIUM
45.86621248613265,73.75465623294022,92.6197579683125,281.1911215355725,71.7340708405723,35.150186755353715,463.6860713027248,268.107799021148,5,MEDIUM
16.17789292921551,42.27788128932443,90.2309624013003,253.4031258140792,37.726545889217114,21.785042771203678,1393.2199462682756,2042.3653589606636,4,MEDIUM
14.68284420535532,35.10636078967251,85.03690113388106,349.366376392608,79.5174718815969,30.408301549633595,2119.1040423691566,2679.186917656429,7,MEDIUM
5.190112378938869,12.734175119686375,20.19405473144956,93.93834655589635,77.05798024951937,44.030644833977085,317.4205888977147,2969.532842209869,8,LOW
71.66693264760997,237.76341383299743,500.0,1000.0,90.64030005699708,45.30586265675959,2490.3312981010827,2404.0421661107594,3,HIGH
55.92992699457125,118.71887950049279,261.79495297813054,913.2257527571998,83.9513692264476,36.855075540447714,1208.5867426262112,647.6695919963696,7,HIGH
26.502255394459397,35.59177700484229,91.59040632917241,350.11041189617237,11.406025064376918,5.1165259912443375,2784.6840226618933,1558.293070628777,5,LOW
18.869421155740596,35.114489973251814,75.12486831193415,205.34364306239559,92.97233178216644,48.430654852610495,2745.5671364524133,2751.4187250883037,2,MEDIUM
24.111174436924813,54.990619203508246,100.0232658361341,429.87068850203724,86.70858139228422,50.49010070578353,2362.284404893743,246.45776071257887,5,MEDIUM
7.017385706155327,16.879430704253952,18.91909322634407,65.55597386652745,78.46104152079818,48.5824554070774,2289.9152542914626,723.571882349087,0,MEDIUM
31.462139975434503,64.4347313370778,108.6643883795876,364.81654559687007,67.26794332851063,38.55580038252744,1922.1929255914267,830.9688873474432,0,MEDIUM
52.985561056178824,90.59220693413721,199.79957044726612,636.6809853595797,84.0435767321576,6.354972593289022,2445.1164438645274,1848.24800939575,4,MEDIUM
54.710086059267965,103.27210946443023,161.62410626695817,407.1078565970297,75.41479442678103,52.53901287275628,780.8243067133288,2856.9836888394248,9,HIGH
5.416037487828867,18.13741938673598,29.115454597297628,80.40204535196742,63.686212362056,8.390376030728914,2506.1925002011294,1473.6401549854195,5,LOW
45.58960867194528,127.17109750436936,203.8097170812271,958.2165381385234,95.09897470486237,12.474212214515086,1826.0615264271617,1713.4974320767196,6,HIGH
7.062357795307033,16.4358448482317,23.685550787721688,110.51784699889168,88.26968544034233,36.39505504422559,2411.3345794733314,1937.592632408046,8,MEDIUM
2.4541590336293213,4.49968512443057,16.198852993135617,41.72080017335717,60.07457037243146,28.090468464267687,1633.2562398872358,2562.0239646526,4,LOW
46.71608117287739,94.15525233081456,220.88899023387964,525.1945653713435,71.26859680600576,42.737903493754935,2003.5884952336714,894.6750782456904,5,HIGH
15.175209257270387,26.67716415322606,62.6252733808691,239.06762060269767,28.46980127137989,36.65721397460415,1222.3111883945965,1897.4344579092738,2,MEDIUM
42.48301576817355,97.17418621162881,180.32553664896457,659.2837818883087,57.49065693290958,5.20949883179,1445.9112769745443,2779.6356970904862,2,MEDIUM
40.01028348706579,100.31055369308079,231.33705170287527,1000.0,54.861843773453714,37.14074734271905,1284.887712148398,2819.855843684423,9,HIGH
36.69281035108768,96.99206093032751,155.88745699761074,407.29112624370833,75.35715854853339,47.91099667153479,2299.5964629050222,1178.7961101057315,6,HIGH
23.899791629658594,27.212983668967066,48.55885036625837,80.75183221299412,63.86372281267227,47.60732009737665,841.4821008818675,379.79299231614266,1,LOW
7.822743060202463,20.78334289435172,53.08781880027068,224.06235252128292,68.33214925052452,12.870402485209743,2812.4073009250515,2776.9552675247874,4,LOW
18.08717082656054,26.844753386900276,31.916607665778404,85.08075603835202,78.83891917503398,22.3680789364901,2539.0681193908727,2766.8480919703693,7,MEDIUM
55.299046968517644,111.85521770882559,156.77074747489655,615.1475765329928,97.52141789783485,10.976470260125522,2626.6839366835748,336.86970068210445,8,HIGH
43.208678445167585,120.62535106427595,213.70189581368496,945.3604819135968,55.1933963751453,42.574116746194306,2767.7483124302385,289.9629740886939,6,HIGH
18.815639087956754,53.55747005084279,75.66341859413866,201.59292142533096,68.0677794371312,36.378024911627406,1477.252465179254,596.1580643323316,0,MEDIUM
18.639853667670824,54.70492957239037,118.36462945112514,533.8009352475284,72.57623819579747,29.221681888477626,2708.1703990631163,1958.2042944960388,3,MEDIUM
34.5255402952565,119.96534250497136,210.07279980597275,432.24974436892785,78.86409403618826,19.987948331951696,1499.083358452626,942.7328045220429,4,MEDIUM
25.15394798945632,45.53202079371815,119.98109442420605,552.3292492391148,68.63497323428273,44.35490822746252,574.3348527125527,758.5882603717599,1,MEDIUM
19.55813762947293,57.86205187213259,148.3522034937079,722.3849613145916,68.07913271586781,44.57167099583924,433.880434445589,2408.9091679160574,4,MEDIUM
32.59459881862451,99.0694433079332,232.7713387565591,904.6476126253345,79.3378786270184,29.559005383760223,471.67511181363636,769.4682850308235,3,HIGH
31.859740498736365,76.2906648851542,149.45931928153252,728.4336707524084,32.505129173400604,11.22103584234891,807.6178631549002,2883.2308349820128,5,MEDIUM
13.628781918865716,34.836873868708494,29.794079115210216,136.00136877731694,67.97333236437292,28.267951311612435,1271.4736624567977,1343.392623090485,3,LOW
28.772933460084154,106.0473707301188,238.48588333430058,518.8229386351052,43.25924650654145,49.80334066326778,2943.9814026086574,1296.652241299589,3,MEDIUM
30.54604141804507,48.042139563599086,73.613157913104,178.1688991844008,80.62954444225116,34.20426958870963,951.2392850545915,2833.723468009567,8,MEDIUM
22.606859593176985,42.0293866119594,76.83052018221181,164.47938913691823,52.43341016261333,42.70003912150449,2765.0778937086825,404.38342156193863,4,MEDIUM
12.465789792499177,29.063767460008563,49.71362718902922,154.9633135268157,49.6164947473603,19.733398377169433,2488.1703237641436,389.08116203911936,1,LOW
17.66046550239674,61.481067582196026,92.86154087914143,334.1118913898556,69.69444377336008,22.158174892163668,2625.031625347288,1329.0401293481775,7,MEDIUM
10.444287623051842,42.1083399232145,95.57904795598974,336.57612322619946,47.494622773186464,10.856040200579715,2418.857108311551,1781.847206082684,2,LOW
29.3181572759963,83.7825119353224,205.95372386881337,827.3457146567168,45.74941781949263,22.140253818445217,2927.3526513743886,1548.7924393954638,1,MEDIUM
5.447567750430124,0.0,5.54521989022208,16.46194508822672,28.04499135313853,13.480675096840034,623.4975530096458,2866.9927524278173,7,LOW
58.982850351042096,176.3046947323771,371.7652771305296,797.5650243669504,73.18712245883002,31.948991707100518,1593.2407156417119,2979.8303403630143,2,HIGH
51.38769803335967,118.8686752501616,183.13390488804868,503.5089122523062,86.56355491161418,24.69027456344173,1225.6560499497757,170.5507934736122,0,HIGH
31.04856027142306,80.43317924206632,176.2541670452601,884.114188729033,97.81713873077445,46.78758438204548,1067.4412097698478,538.1692047039555,1,HIGH
41.55465749052681,91.62756599986612,167.67528159616063,505.0660597513611,48.13471426995849,24.136406027341607,1506.4251283884453,1683.2075948575416,7,MEDIUM
39.73936886565778,110.3912128645673,187.34042302085993,537.1715530159719,81.17732627142954,15.61691809918014,1598.5099633542916,2852.8831028792565,2,MEDIUM
25.429936774741563,71.15512249300332,110.41276307808333,256.11648385997273,53.390952396012366,9.211743430678954,2962.0546616430975,875.7292865564896,3,MEDIUM
19.96832129960032,61.40099842608348,85.47630389311637,445.2912937484351,34.197299602412414,17.628568094907045,1014.640532236997,1132.8673227309778,5,MEDIUM
18.310107302485335,38.18842867333815,70.31787942473984,178.6623352537288,70.39665329491473,39.86816566924644,2761.5392974472875,731.6266956422957,2,MEDIUM
60.37857731620352,110.82771878956282,170.05965721901055,636.4655575491032,90.87889657733498,36.31154335577635,750.8287461462442,2903.904252345792,1,HIGH
12.097904012037127,31.39878299393358,54.65504563260417,145.1937755351439,37.32459712519238,35.997297009510085,2095.6250164293665,503.8770512697818,0,LOW
12.296721516986151,22.212984103731326,47.04999712124283,79.92310075108466,64.39020447157245,47.9085361429225,1124.6238089193107,1715.4618927327595,0,LOW
43.98390172302696,110.35769522978613,209.1728872952302,869.0020181921915,55.317237348937745,17.6404700984409,2893.0254771561995,117.71452878200748,9,HIGH
41.29117512819359,85.70275820315916,162.8522162309584,648.2991385889591,73.93503649127791,28.539629739121608,2013.455135445958,1824.9346239233732,9,HIGH
19.107596002349688,53.09616567082353,81.10115781644896,327.7686483854767,87.35246679449405,13.409221428333586,473.3819169686386,1207.7358335005601,6,MEDIUM
33.34385752872828,63.225038891718505,90.3624894026958,181.38471431687725,66.9532712022163,15.939742316148543,2793.557774988816,1718.6692161267504,4,MEDIUM
36.34798914475735,68.39522575158132,146.77809066604422,736.9987543651691,71.15589039253999,23.545923297452433,1093.3070330668988,286.7485439724343,8,MEDIUM
7.472894958557284,11.400092245615365,22.65836084405634,116.43390067286799,65.283316424983,40.35399499952801,2803.975529340503,318.6560843787164,8,MEDIUM
53.53525492662416,101.63067908202754,233.29391099810405,1000.0,80.11668782149307,46.68546983093312,336.41030062197143,322.1147454079554,4,HIGH
36.339451246692335,64.29288407913076,134.31986350786784,281.69397626884177,90.16385127908137,20.360699855779508,890.4653924397194,2513.796685841401,7,MEDIUM
31.444753775067866,60.916079107010425,117.47496681027683,430.89819611601246,31.24068031712943,24.8882148743307,1051.6753667663681,2186.322187400348,0,MEDIUM
36.52900691248114,67.1557562585481,151.51552904162077,422.46947628832726,34.52216229274231,49.383033110078195,2157.562248110431,428.7045137509347,1,MEDIUM
28.899176133357027,64.95870247210573,116.3195478333695,469.168531339847,56.5458018273935,44.0120048803399,2454.467021464955,982.3368181748775,8,MEDIUM
21.670151336135678,29.645086521682096,66.18530531716519,300.35228170778396,89.8035831514698,39.51675189874551,2001.2435641186423,1337.475310375022,5,MEDIUM
25.590916611997688,37.37758064584662,93.06344164685108,333.2862393207474,90.90374180942182,25.3571698850803,467.4620567208203,340.97521262285477,8,MEDIUM
6.848492205553892,0.0,8.180714722760039,18.76611372404716,78.90355817665076,22.052951710820473,1470.8234530297732,2527.92282306049,5,LOW
75.79032023677033,178.81442545717215,317.0824306515664,786.5936616406466,23.846868222419925,41.17148410126712,1633.756569528897,1120.662183595875,1,HIGH
21.40412378320758,72.40129395136901,109.80250817460787,269.4343235260941,67.29994898033237,9.666323670425971,1268.549804668329,2027.9473576131481,1,LOW
74.97266999727319,158.81222367753315,283.89682262685085,1000.0,74.61813370141421,32.173315039464285,1432.773740395425,1943.8280474793462,5,HIGH
25.899504142078097,72.09005454169753,132.0130568337611,339.64157957437294,64.72742873634817,8.040261618654693,1603.0625587086495,2747.1889114564265,1,MEDIUM
14.575405586671767,33.31751320293217,62.52814403329749,177.98423769079116,85.36049181780002,36.166879920617816,1795.8048770142816,2238.7082034540226,8,MEDIUM
52.54625620331183,92.73684513294894,198.2189705135987,612.5311107428264,44.351737877888034,33.42057155543823,2003.5669410831072,151.56678193168693,2,HIGH
30.579947644075876,82.38526573409636,148.74167143491536,359.84693676396915,54.22510491525207,7.98963552753912,867.330367989763,507.45471094632313,6,MEDIUM
93.162397141469,233.9460122770606,500.0,1000.0,10.59628987020029,25.99325539013488,2734.553596730543,1362.4006928283466,2,HIGH
14.28033820858356,34.52102060188299,64.43387085595651,249.54984566920513,33.60830383086785,14.622496028705834,2535.2835362696223,324.4086223718911,7,MEDIUM
53.9705454104366,160.8539810139203,327.6315493246461,1000.0,70.91976593686397,44.90611071939999,2423.8565734251565,1205.898701159016,2,HIGH
55.82051311453961,91.3075584280835,147.13287094489408,596.0235700110932,86.6670529388877,50.6641387178363,2475.8063320591978,2933.3775650887524,5,HIGH
38.38569380071551,117.54761754550233,225.45211921807575,851.7900645918459,81.04678931318094,20.73389251704274,1718.7357282858031,656.1307784658974,2,MEDIUM
56.11971959352263,146.15518068343704,307.2617213164631,1000.0,79.88503437929207,6.465947305304222,2873.254071003602,2128.9552873885837,8,HIGH
21.7681020627778,46.26358068715314,102.70457303029714,437.26632991763756,70.25371217600218,49.88272800130614,1288.064137010145,816.8197672928749,5,MEDIUM
12.047625019782004,14.571259717828015,50.708909808133726,132.1333149435942,47.715275424095495,47.226115074408554,1433.9534489809062,150.77691584458427,5,MEDIUM
15.628512960611017,15.471325866759695,30.708417576388694,60.56650913869982,68.95577559244128,44.842436834542276,2503.952539240317,340.3032922741957,2,MEDIUM
24.648525332155437,64.41436312194327,123.40564369338585,580.3133880240628,88.03552508997812,22.818941509902093,2646.3104846376305,356.48998747608704,1,MEDIUM
39.70732665662371,74.33438780779991,106.65136295853334,327.55374650554165,89.43243750014169,8.985328512866442,1512.2658333470404,932.0916788091095,7,MEDIUM
12.756690205698018,22.058053470997052,61.16177723863819,165.22081665719836,68.17254823984918,53.74355006703567,2589.6317298474787,2883.623815674563,0,LOW
18.322387875649873,34.04126718400059,73.67299335796275,259.86328499628985,85.46388360579873,29.670529611733684,2009.7337135983164,1880.9495881237506,0,LOW
13.605802345962704,36.32972119662181,81.17829230901103,316.6357276748468,71.55901026828927,22.830561344738594,1347.6564363998837,412.8406674219516,6,MEDIUM
44.45515384469861,68.84205585684532,155.03778054245055,489.97328681192215,64.13371699010229,43.86052889969623,2744.8409924474972,257.25582851674045,6,MEDIUM
74.59808208506533,228.42561304934827,392.6271623249174,1000.0,56.78083349260486,38.535055057007476,1658.5902677971908,2913.785419139964,3,HIGH
10.388959472565611,19.965166826180802,32.983988984838845,84.75705783778875,73.05591515866382,7.093278955001193,2592.687609664104,555.5176619878398,7,LOW
34.41533116897003,106.71490449176268,187.2488413951584,644.318709585592,79.72228730619464,52.91988394868819,2493.5281346375336,847.8532566782194,0,HIGH
48.139175171529025,88.06360631840988,157.79374100823486,391.2253826756463,87.66739051853705,32.80318631869423,560.9061147899115,2532.972115283111,4,MEDIUM
20.377769857271446,24.410952935132038,50.07857916992853,249.73216658851277,85.11962273220952,14.411928442671986,2652.0403971760256,1686.9375816166676,9,MEDIUM
7.20262948796876,19.211930871407045,33.075085662183575,102.96387381545706,80.76562017605188,5.798482989014188,738.5406968144154,718.6858774749106,3,LOW
52.23012188233642,96.0937200887141,178.35915284634038,858.206586192359,68.61160391398823,32.6118783581624,2497.422578334232,2010.150539002041,7,HIGH
6.785310515969629,17.157637029851347,33.84090404703936,133.63800903722245,87.66210518988316,34.702012393305615,2340.0352710903126,1146.0101626544497,3,MEDIUM
62.28102191897844,97.80414246156795,153.16730932774968,646.6991472205771,65.56122340969183,9.981232626077741,2290.374629250952,1765.631141316711,2,HIGH
13.373919142863066,27.156052040953206,62.4580341810219,316.7041487095019,72.14427131490248,32.24640289343293,2786.3667565486803,335.4808003452516,3,MEDIUM
5.860302580924717,22.1843258915617,51.86540843393271,143.5744655790372,28.825785181438846,26.586177542467006,1921.510274232595,2646.5888565460614,2,LOW
16.554058697478965,44.54952911199895,102.74860088467585,360.5056474964762,69.24342428039381,26.88134669130764,1214.2317858132124,1806.655214691652,1,MEDIUM
23.25755254515198,75.57313814868922,113.02666960221765,234.31358874827941,74.61576705168919,53.763081720814164,1901.6196249052232,62.788328459047094,9,MEDIUM
26.87760786026614,88.94051359659403,155.51922061933297,319.90026162625225,66.83411180451253,19.79428578660115,2179.5480929546984,1699.2751505551246,5,MEDIUM
36.378956226027604,87.37885288580722,201.33980902384167,619.4901597028851,57.997212686113045,49.2080283488127,1284.4733638807518,1118.1133246947304,9,MEDIUM
28.60236329790324,65.06259305162656,163.41542756785273,661.4574970404877,70.72736775557746,22.22595964790605,986.5992457853915,2721.297217035424,6,MEDIUM
70.76539639654327,219.09706822808545,494.40413587143655,1000.0,77.94371199146035,13.975085182769838,1622.1655039585935,458.7218487119948,8,HIGH
22.47069856754436,74.62257212618621,137.45815805885317,414.36216581047665,19.443871599493665,12.613299440975513,2725.4286073120447,1034.4557291881838,3,MEDIUM
29.667101817757125,105.52874133994045,162.24142655033884,663.225055370273,71.62217288228975,52.0319027303817,2002.254719419959,2305.3998583926627,1,MEDIUM
27.966707773472592,78.20607215759678,120.84700921680653,328.0530006310256,54.28520088182991,6.164597435371384,2722.5901856437063,714.439016140407,9,MEDIUM
5.186144307925689,10.871695884558243,44.38090941035475,95.05083659318254,82.08514764776781,15.95803193630695,1582.8122909906017,973.8068555646848,8,LOW
8.767431914567574,34.691878129917875,71.911530587773,149.8008990818589,77.42484891579208,22.023698810400216,2856.874717895261,2325.163372792268,9,LOW
24.71982605190558,72.95903112036449,112.47123018421922,418.35074320221804,71.93096257891517,37.839995602915316,2437.2073064138594,2151.377049004131,9,MEDIUM
32.19245171227178,74.06202079054053,98.06497256090883,333.5394829388988,31.244266779298073,23.790035401356203,1257.374847092743,1111.0634299101334,2,MEDIUM
3.3065455421929446,13.72454132323496,36.56339855311178,149.60750544110599,82.92727592506661,6.020678677879788,1510.1929142408273,1428.8723122908243,5,LOW
72.83567150753152,177.09054228280834,373.08868520709757,743.1015599494982,43.44978601153153,30.84798474445215,2993.9762186163703,1679.4366108229515,7,HIGH
33.98146256805484,95.85275913170801,177.1872858009318,664.8306364649936,74.3834472005337,49.22328445986836,2874.9909152471723,2669.476221987263,8,HIGH
23.731799718162176,43.39181058756987,64.31320418508835,223.14936275947383,76.92696298666849,49.328551681886644,1407.6498213671996,2001.442718458775,1,MEDIUM
32.92545002318394,109.19610812278268,244.93234711304478,560.8204773081366,65.55351126638624,54.579762273969955,2550.6102341597652,1797.8715815917215,9,MEDIUM
15.824783428519297,12.192400717782588,11.469091959001386,77.88463393122936,95.1260900039288,22.119626488059613,2756.269049916502,2442.267301443367,7,LOW
27.083248343994534,64.41647734543862,139.73997247842624,519.1920914338803,74.47736605977717,11.123140024327261,979.7193687284029,947.7654141844063,4,MEDIUM
30.16497542853078,31.890483980207893,39.772518766949744,123.94330880187867,87.00340301984454,8.47692665087434,1697.5363913256915,1359.7240889770749,7,MEDIUM
52.62870086966725,118.60839594061342,253.78182110681024,555.6557015185598,53.3491950831134,48.35458459816776,2344.130428174997,2075.629427453777,2,HIGH
21.02556832592357,54.563762474442655,110.53315127451805,527.8085971520788,78.2514713525166,42.41068949224061,507.526324825851,1241.437125023818,3,MEDIUM
6.962645304580125,19.086577447470738,53.54190513135734,195.43235043050652,36.67792996929678,36.378684530273304,2475.3471626685937,1463.2851973231852,1,LOW
11.786474909225687,29.606345201417415,51.04113064323602,156.09040796095496,28.294023819647364,29.838017487141755,869.8246405463973,523.1322005957622,3,LOW
19.792422051466882,65.99761423993442,143.47069785817567,704.3124617681788,72.59562985368643,27.8670330922824,1593.2287986403826,1849.5658171097696,3,MEDIUM
7.7062421582680685,1.4703111492481593,0.0,0.0,63.570132023779365,29.69759465087164,1313.0503919798998,1938.6925564442404,5,LOW
10.73205483851883,17.148788080955867,27.397823643433092,181.86111711222077,62.83699870916306,23.192231908686296,2298.456960641486,2575.747707683594,4,LOW
11.878236088851692,33.99386124630448,53.652912830991674,271.84666019985247,57.915318787355474,28.73385808143171,929.5443374062901,301.96173313848067,2,MEDIUM
18.805731827762557,65.56199958354907,121.02234623779965,307.9871480784187,39.21156290327355,15.516474168042024,1559.1663580621587,2703.7595114953187,3,MEDIUM
33.68157524670217,71.87056666944935,135.83795288480087,555.747598871616,91.45956894724988,10.888397599103145,1017.0635146449174,303.4905113832517,5,HIGH
18.140688160852566,49.303210656878974,106.25646163291819,339.8222057168881,56.43592273660882,15.564758241543604,447.9659985627096,2248.629679300355,7,MEDIUM
35.23818892170674,95.75562517300342,185.12569492277208,867.1365800606643,86.26084253564176,53.5481991313692,2577.4822181506006,1787.5984723285026,8,HIGH
23.747735085526706,51.0806406237837,84.96277653180451,211.30297292583754,95.21160172827378,54.53432464590592,906.2039610322754,1247.8870036626838,2,MEDIUM
11.044695945832926,43.72250963858212,65.30164777729136,106.12670053683232,80.98817808946738,42.57557342601528,927.5263228068679,2774.2579047543004,4,LOW
30.51542741884304,83.32229323425531,152.66209703416888,504.0453599733635,77.09470606574682,46.859560394143635,426.24890723769977,1396.8787825764553,7,MEDIUM
27.327364307356692,67.99178288125081,162.55212389618734,690.8188978532954,86.7843731958838,10.17831806024562,1657.2812912736633,123.00469025549913,2,MEDIUM
35.86758634630691,71.69626880877827,104.08198348790155,351.66601923528674,89.77964301392048,11.151330384493004,1026.2027919689924,1585.7362158088752,7,MEDIUM
40.907169927025045,57.012004774567295,86.1384791401183,396.5854794907545,92.60787972962349,9.632732063674045,1826.853899388425,1620.7520282688163,5,MEDIUM
53.70288314436601,98.76073694035868,154.71553612289594,303.7087772227883,83.67265320808973,8.159783395373733,2253.5290756849245,2245.9048927995173,1,HIGH
34.44974708586266,86.29773390537551,181.24090122257343,447.4289786448354,93.69445520990296,42.36707985394807,424.0100136587092,1106.8337781560585,6,MEDIUM
26.69865658486605,70.19758356764399,120.22110910746902,427.53918522970594,71.94060585671316,7.820153601956727,841.3223495481636,268.11109462651825,1,MEDIUM
35.97852912456305,71.34061294732372,136.3673154303014,443.12146893931646,43.53026689035828,52.4520281876183,1355.4066733693787,1080.927779119618,5,MEDIUM
16.79994832070066,37.0041436221694,78.21465747445373,273.0419983941718,54.51859949578145,37.701852253754154,2675.361598007256,1827.7032327923864,3,MEDIUM
15.851907795265788,30.28088624424113,61.83811367096715,289.802045292188,86.61251550284007,13.543813339344986,596.2580758131135,1657.0205560869963,0,LOW
58.461142603564014,115.81119182003916,233.40354405188975,885.7803182247986,70.56762775008158,45.876128956716684,2308.3413303150746,2548.629212358141,6,HIGH
15.491741412398913,43.73533644894179,46.55861340008602,143.5908529302638,83.72421802343199,46.18468810164307,2874.672446323131,847.0970889419622,6,MEDIUM
12.133309128222377,25.56941143544965,63.37658544981736,247.94893482291482,15.007033081873269,33.19443912732212,509.7008692415785,1729.3266875869203,2,LOW
34.437264668439724,83.26728128096822,188.04508639117702,909.5701889956636,89.17197490241236,9.549199368263407,1199.1252708858997,2927.9866625417753,0,MEDIUM
16.91003240056918,56.331442271944915,82.54852860466035,313.5699151263075,56.88653069014692,25.03890655702992,2377.8332491080696,975.306829946274,8,MEDIUM
40.63274463762647,79.2497750393827,187.50987644096773,840.1650668564438,86.64649658352756,32.426865630566304,2824.990717429077,1336.4953162773493,4,HIGH
51.16976783004809,132.89978470529843,270.2772803822546,780.4062019998253,59.28096159793604,42.18978670404497,966.1678077593168,2982.9616125176913,8,HIGH
13.556023841709113,34.03100663936833,62.703005214764026,299.44665489255647,41.47293607903986,19.92518674149229,2033.0766290551644,476.00314410408697,4,LOW
37.262293705858085,101.83401138027892,156.04623311339049,374.1166145799142,56.616567763145234,48.65785742336616,2275.2216867407305,1742.0866967239874,7,MEDIUM
15.203211368007967,34.8950532308353,42.872367527877124,107.85251836856902,58.949985407538804,17.53689855044824,1390.8644040615427,1142.529807236905,8,LOW
20.108593691338434,44.55198739663132,111.28891771264774,539.2679657228695,63.53699761176795,54.90992453982946,2107.725815768898,186.12004629650244,6,MEDIUM
29.56027675799308,88.69025304926929,190.0650165842578,881.9606495281262,54.42251953645375,10.75276515987948,1782.6439714489281,2294.3093595574105,8,MEDIUM
15.879054023888884,32.354951226622184,63.14034028046487,141.51029014174694,90.33720827618508,46.647479981259025,2830.3775373536773,636.5537810415391,0,LOW
27.74491994708244,47.318878869114954,114.02932880203376,520.3494247295911,74.68312365547875,11.6108440569231,1754.54698158289,2681.56450527123,7,MEDIUM
21.350402544768126,67.6245230984012,123.06596808920051,251.10257215995924,61.92586369276382,42.96565261128803,1694.8576771091132,1282.6536917929275,7,MEDIUM
41.23803847664997,87.25735282934089,176.64957669942612,608.691350645904,36.09293952564814,48.11506142694203,2107.0975916301195,476.6447244970884,8,MEDIUM
41.308181449456704,104.99194275877782,235.02203913050525,964.6293081050911,63.27972075037774,20.645926521134385,711.2033423812821,775.7433267446686,6,HIGH
15.939846022627489,19.374848510023895,66.89169052730188,240.06171090727494,33.97115368587193,10.066696358443146,1733.5874299953794,2506.972809174319,2,LOW
30.022868500671116,98.47852111220901,197.6702504483802,581.937268216992,29.378812659680275,54.995457926147054,436.85366039426833,1152.9444146164333,6,MEDIUM
45.45675760188751,76.64857924306693,162.9077790377321,684.8132152434783,93.81432008224147,53.55261212963699,1992.9647265028063,805.9879768071287,7,HIGH
10.583158213906483,19.438632328537423,31.003442672973613,98.53803826823344,72.68148129273777,42.841054602846015,1743.5919148481132,784.3913441943142,9,MEDIUM
21.253350299812617,53.5315014889456,81.05730376359968,288.2196877517206,57.05731747474761,24.32451809287294,2566.3803995947455,1770.4104359552932,7,MEDIUM
29.129937697205158,58.970651755622036,116.06240388020382,412.7168752118107,86.95140418760826,11.720032201148857,2453.798536514857,807.6318777650014,8,MEDIUM
10.20169689553513,28.037298377671885,64.0800818898832,271.21848434771465,74.10621909067613,25.902514590558745,1467.8717055408194,2809.232347391666,7,MEDIUM
17.421955191675444,12.881473830020695,33.07914403001679,98.04106764528811,40.883408109823776,41.017128876765916,2079.282103474446,195.6342720690807,1,LOW
66.13291666769825,177.74345261252412,363.7295552964068,833.212915577355,85.84707301415285,12.618198465533915,1118.950416776962,509.77200192244806,7,HIGH
15.455822618192649,44.81675192109826,86.555431213617,320.0518384291768,35.24803405919678,5.840018766594053,1347.1620072597336,1315.4226497021004,7,LOW
16.80002846923991,47.217123571806844,59.24493098606257,248.9645338571315,50.38405538297014,50.201762940130706,510.666197088466,664.4150002688776,1,MEDIUM
34.18181657275022,94.8787459646821,154.61883537098055,454.5083442358996,54.292516406507964,39.9994927456482,571.9001746095421,2346.9343307834843,1,MEDIUM
9.169344964652574,14.222490513189907,24.420554998376602,77.47542100059363,72.54774883611248,39.692006436164554,2510.61203858551,2753.800253850479,2,LOW
21.59171682344626,56.29769639275954,115.1504156134198,551.31688099898,64.87549152589293,52.35928785776824,2924.2483815348883,1820.5466253026364,5,MEDIUM
12.23011243961373,35.3647985892996,85.04008055674143,345.2022634973805,27.285138963914786,31.03526695027752,1620.8976372529726,2569.35690074544,7,LOW
27.708344669301912,86.56702959472253,189.46190475021646,757.6707065500939,88.12761899604523,20.90384770973466,645.5033518450846,2411.729712380762,8,MEDIUM
1.041004630036447,0.0,7.919618267042447,37.52000188637055,56.64799717506184,50.47128226591319,538.5136202339152,517.9492583331414,1,LOW
25.110958611905804,57.03712764589818,127.93057504604478,644.8019333529018,69.52605999519163,54.290578552708695,422.59813499305653,280.53823348590606,9,HIGH
29.685602811713984,64.62527480712785,176.90036528603625,645.7585073200479,84.55811895108269,6.022996010888888,2672.705879835932,1905.646602265102,1,MEDIUM
17.764214459006823,23.989498482199597,49.02734919744063,88.30152689826909,74.14459626912688,21.533643898165508,1493.936390280794,2948.4454097541206,5,LOW
18.611243901127352,52.82488037958533,114.13692252896087,390.03720858304257,58.4187806634279,23.12028026486762,2676.9949153472207,2504.1276106550367,9,MEDIUM
16.14475475340259,50.046500964116326,102.7262075191328,463.7014396046666,93.84895396273558,10.561390377915604,1279.6352211583167,1868.0846285427026,4,MEDIUM
21.385974304203412,65.8386300264391,169.92233414590376,704.5918040779275,43.406424316740036,16.078662646046638,1887.7658186140286,377.28284864026585,9,MEDIUM
58.95673059277593,120.12305987982728,245.47377418467852,542.7188057980426,33.74086179614018,6.222879839209002,2119.3639418505336,2350.1519437916972,6,MEDIUM
42.0837248664518,121.22935609410156,256.99899289171094,1000.0,57.51734310019283,39.82080784950748,435.09166491687466,2064.759453969158,3,HIGH
21.3709152251084,58.92901726769923,91.41154351886226,363.2012569875836,76.36207836899695,10.345257510541451,2140.3050815961014,2804.9479932569666,8,MEDIUM
17.42664040980576,51.884633498505025,92.45267800585968,276.753312303822,78.70638193453733,49.381378957564166,2459.233047849983,2142.7506843300325,0,MEDIUM
39.5270483153488,59.411387058122195,148.64664131800694,771.6749181438281,89.5472141609784,34.198772763252684,359.6153528750621,355.4093631234692,7,HIGH
26.48328562984507,51.037674975549216,88.51535058002555,335.9002768534045,72.76424830013633,22.807952317290837,458.8189082734034,1847.1271031317915,3,MEDIUM
9.987437260949687,22.94065074387283,26.942479070090812,173.14756739089444,80.74385716596825,45.44435227703931,1709.6388873175829,1241.0979627071802,7,MEDIUM
19.609184403081002,38.811232439341254,81.57460853673321,440.8654837863112,68.98739820036165,37.53352082108339,2922.7336840585517,1293.0780762367071,0,MEDIUM
55.0086634019772,165.08454421291168,241.49616494569233,565.0345239718592,49.88053268322463,42.6511402357628,2927.7612944562975,1917.2125895804618,9,HIGH
33.27883851645928,76.73569737196453,173.06022136586566,757.7017888361628,68.65848389292859,48.88881843585359,595.8623720118626,2704.023253277862,1,MEDIUM
17.570998823964302,43.937413844673124,98.83223929548762,303.6768082017357,19.04203626140219,45.38325164120506,2354.3771179224796,2291.3532630280456,6,MEDIUM
6.517688574973695,13.404961825611673,20.830039216989,104.87733489132651,70.16292476960166,43.95712916232217,2441.9610984354717,115.79466145714706,2,MEDIUM
27.612479784377427,57.03511862260069,139.49409728398507,669.5051704343939,57.655738941835544,41.492172318708185,2667.7792734753316,483.64690319224974,9,MEDIUM
23.83975535505406,85.18149648239321,154.6613226005687,677.5189332939997,39.83652147906802,23.874420412672904,417.49900483131694,1121.4043353413558,8,MEDIUM
20.894160418963587,65.10190441036073,166.52985393046364,694.8101060491475,73.68237587555043,37.59155704668027,2925.570620655812,2069.8346223960534,8,MEDIUM
39.81807938554725,51.44166489083781,106.33470353333884,458.95048394029783,44.832275906987824,33.28494416625671,2518.613244444377,1920.8743195917689,3,MEDIUM
33.55607700092725,69.93273055402382,155.73877983489254,430.7240390895837,80.03978445313969,53.17229432521613,1940.752840261867,1535.8772107089078,1,MEDIUM
6.728189666014771,0.0,0.0,31.022161966259006,77.96193617608303,30.04677667225058,480.43602928612154,1318.8924567259578,0,LOW
23.93434483868665,81.4939578429048,153.60390853601527,344.8157219533203,46.614745116268175,16.090891008886842,948.4273005775756,2379.2135201297815,2,MEDIUM
8.348005999824398,0.5480079471733763,21.64109925403465,99.59797586550351,90.27139702167096,27.886417728484027,1235.9048114055945,332.3061026805787,6,LOW
16.352251017023633,37.4322575128521,48.2771258299052,214.69227243596845,65.28143979326,25.73250556627509,2614.946176357361,1805.3653216885416,3,MEDIUM
7.804057325125493,2.2222236277289547,11.784312579838696,77.226018799802,37.30524131899413,28.425818077615084,2355.0250503765787,2435.054540071139,0,LOW
8.057665838311298,18.271420850977353,29.272196794444405,85.3681099978104,86.2595574181673,34.051521505578194,2839.945616026254,853.5990239422889,9,MEDIUM
29.963289503211513,58.06938117800542,99.68920700681258,392.9231984279915,85.78621778509023,52.40112525464746,1440.8511230906133,646.6414874462347,8,MEDIUM
27.97234893161913,66.02982314119228,151.1637621808133,483.03800532652684,84.35142083831533,19.0540164274526,2775.35509960985,2036.7060926401687,4,MEDIUM
22.68875155498813,67.39752170003733,148.6344715879938,766.6391188493565,82.84437865597212,53.45644076928334,2718.4127012800864,568.1108332818548,2,MEDIUM
15.286761116401639,23.318685142674155,53.41048759400464,276.69974806690675,76.74072582344398,43.979131155238,349.91372775862914,1490.2557031695,4,MEDIUM
7.295648769509909,29.330697913098213,37.7254579293575,88.22092429702113,82.83349014517796,14.146046338348167,945.986154661895,2772.3400070507937,2,LOW
16.410454391830584,30.916542003753314,66.23565466454517,337.1907061441529,61.13643246614042,19.022030327021074,2459.684049686259,229.0276114474016,0,MEDIUM
28.058200655397215,48.84618330374326,112.98761110518547,264.2198167241334,83.4266908997652,50.46626248769826,2095.748178319709,2731.9924262724608,3,MEDIUM
27.61907635491484,40.71475726087871,74.9044692876759,187.46076249648425,84.79170370524393,45.06715407996928,901.7974867629621,611.5732415903948,1,MEDIUM
54.281238341177556,118.28254375624702,161.42519071686337,630.198201394138,50.97637679042464,12.16803996744127,2409.968606440935,1472.9241479495413,1,MEDIUM
49.3833661489959,162.92095422384912,284.8520930344282,1000.0,85.84920820809143,34.22842932385015,1154.7008967767483,440.0770819711831,9,HIGH
23.33314273561933,29.423094889090557,65.28641530021697,135.801475338797,65.5372451567597,18.849662880224734,1925.7913972945337,2144.1129212507253,0,LOW
16.280152438360155,46.05669443853196,104.23902430048027,246.50863624741828,84.29507290931438,36.48751715376733,2823.57590908187,2993.432270167927,8,MEDIUM
12.482541630063187,18.48650780232084,25.35973305129336,104.6900837840733,28.766055642597454,13.679100373249188,946.9690902554566,941.1924671176665,9,LOW
6.2986078588582615,10.80836155804205,25.178840531580295,47.95151177561795,79.13169865625972,22.59564577809555,449.49223588854113,2777.848528431287,4,LOW
9.161097933059516,7.101202932048228,26.535235840744104,54.09193970755169,42.4487577432407,24.42642363023786,2082.374743359258,2203.395159916293,8,LOW
28.086634702451924,81.18817858088146,121.11674285759763,391.52216656046465,72.69963929874777,31.88543792541353,2266.737774538202,2897.9984063991997,5,MEDIUM
35.11256013763672,75.66399009516306,153.3038966215328,698.2477082921589,55.14093662530758,16.965848785328454,1143.9628080413997,2031.7963142528988,9,MEDIUM
18.821289956489473,30.93191946766988,76.61287234762705,212.6656303022749,75.37047400136372,41.38731762190086,1564.7095740710497,2061.9167309468594,8,MEDIUM
91.20792794708552,252.07658597014745,394.90939147603217,1000.0,83.9339688285871,45.46333566110414,1652.9434002164196,2834.043894761969,6,HIGH
9.23815263948729,26.37875648617344,63.71894939712723,111.09520260140708,77.1162086813356,36.99948454385479,2503.0573163692106,2195.8729224973304,5,LOW
5.73146932785355,33.15481123217282,84.03466307574325,223.11325372587382,72.79869857528064,50.15407526887476,2171.3137222778814,2549.9837834440696,0,LOW
90.21365757620246,139.39842314574838,306.4272158798374,1000.0,57.143257378644044,44.52475963967226,1037.0565450978152,889.4890795740791,2,HIGH
6.976672185966759,22.299782084556945,37.383554088003386,117.43026890430095,87.12285997256639,7.200721248652771,1037.132810120981,548.2006064982453,9,LOW
18.631432350775555,49.764072469243224,86.0935433010284,223.93305157497616,46.34232310935864,9.236061578231231,1177.4057195631135,1938.163671225622,9,LOW
13.328796629973066,31.532817558360133,57.27819462921242,309.7616881618069,79.36105867633003,37.998431212533966,694.0726340976014,795.192150014876,7,MEDIUM
29.523633407697965,74.61014143187617,138.7363160691854,570.969660030342,64.73660907607358,41.09377401764456,662.5519636753515,1318.0261610534442,4,MEDIUM
17.60655728854472,29.073895929697553,56.12654073554498,172.91893927983438,40.310238338871784,53.39524704394813,2507.0111477293394,2573.963067583363,4,LOW
35.18577330868977,66.71138295368793,120.31272406935541,361.7064269389484,55.71540360040258,5.166627136248277,2545.6041048652824,1911.686501967284,4,MEDIUM
40.349504803051374,132.55680039183858,316.54148891019526,1000.0,75.03451174212972,16.848025468530466,1002.2157944696994,2834.4387725815604,7,HIGH
6.240768679422741,10.679215526336918,6.045586443243089,54.225281516863866,48.80848228269607,46.58754767267768,2596.0713167546187,1096.404564536041,2,LOW
12.15588542009893,20.85622936373375,32.778542969835115,150.47604794467568,75.8720928198575,49.576678662476695,1840.9843360368,877.8348558316621,5,LOW
37.20420451541673,120.78346463314502,233.6183801018093,527.8185302033007,66.07028080487947,28.22160986532541,2222.8260496943676,680.455801083532,6,HIGH
45.68608811100779,107.16396769361683,228.39420985439568,974.5513577325102,30.071138107132555,29.187773242512762,2677.199340471804,2930.287895326822,6,MEDIUM
25.99792863878588,62.49364604501058,121.37511274584418,294.7354372280674,96.61376618247645,47.68096708742321,1132.5293336040584,1317.43170309629,1,MEDIUM
31.017526652101814,68.05043953345415,114.10733761005454,325.7800765586645,72.34561575380691,27.998434004056705,2088.010350802993,2764.2318199918177,8,MEDIUM
56.494695426145185,153.08962431681283,333.0086079752414,1000.0,51.156990802470695,44.37141566020243,1133.0399304624575,1067.4838014473771,4,HIGH
17.771621820729926,21.96010823901531,59.66165884898873,263.56189172237316,67.90962547878478,52.43650673931942,2737.8702279184686,898.7946796533291,9,MEDIUM
25.800746332628513,61.09670114359327,123.45020574514643,273.88948963468204,42.28746822894773,18.092311749543008,1108.8816220589829,2323.9625365888755,4,LOW
49.41857932869425,136.7907970770019,313.22758937415904,795.6885968479236,31.71247905106941,18.719995555613746,1988.4017132400234,1873.2866970217558,7,HIGH
51.41382713602509,108.15996062938076,241.63791097831125,1000.0,59.64129585028641,51.93013531102088,815.7716938627103,1597.7556708388513,1,HIGH
21.50308003350822,71.31470370753013,112.35909492517206,242.69002385554512,62.38059634310088,26.21496461428126,1298.4048230624207,1348.6500286799499,8,MEDIUM
12.469931835796128,35.26509291658344,46.24376350145856,84.00822317987553,62.61624230722891,5.786356817485273,1248.776519981265,1425.9809442446067,0,LOW
21.332195277585775,37.533969488576375,59.04971261001728,131.9737016419419,84.14289020073798,30.12448665023303,2325.876674782695,2511.624849305532,5,MEDIUM
22.8283538148647,60.336037085643795,138.84103987756592,344.9719699434951,36.444077745826526,35.83800742027441,1073.8071918560522,501.6838366065905,7,MEDIUM
12.108745835860827,40.46085094972118,81.42036752411283,366.89044006678273,76.30190585523532,17.23688830500346,1184.0033817082754,200.5731256979026,3,MEDIUM
13.589721221632685,23.450593439043246,68.30637323491996,135.80789353212714,96.5882362352679,41.3705192644984,325.41978747063905,67.54954081358154,9,MEDIUM
51.45977103744978,141.75191785434262,333.51603865256413,1000.0,40.75203208576931,16.647132272225413,1152.7597456950434,1510.2584114306985,6,HIGH
31.990188265593652,102.95062611744602,226.1892229598143,922.9622521771181,73.24507661083264,10.982466197592089,1034.798166063044,2463.111580059582,9,MEDIUM
18.69876114091175,55.68526162645023,123.23176839292823,283.30183396821167,50.113746623654166,17.46828377577751,1770.4399624861696,2029.3615979233011,5,MEDIUM
9.728642628779413,25.595509222463917,44.624580227765,133.7556235804915,66.86669304086827,31.695492378679024,1384.8072475206263,2971.8244718795895,7,LOW
13.718087545653955,18.713047673042627,57.56466646011826,170.2616188814237,35.7576162062265,47.789408783586765,2947.2725959515437,1849.3980214759379,0,LOW
5.299765205619204,25.93133893339254,62.340349016911325,283.6781303367304,80.75097672900897,31.466609728307837,1774.5570407801065,1551.823284732165,0,LOW
26.47056327876605,69.68258293798897,123.78885803616045,509.6675831836936,76.83737514625626,47.44927606794675,496.4214165708791,1765.7880196402796,5,MEDIUM
13.132104044740741,23.40962640410126,20.001829707617496,53.165258959650366,70.90233308520915,8.20931945735035,2485.610236649225,2652.410151136363,3,LOW
27.928064916985463,75.13726956634187,145.56589091906437,456.1094871104141,64.38030186654919,23.629320741193524,443.81510060550386,93.18415776427221,4,MEDIUM
36.953718233261235,76.05395000243335,157.88407362015548,705.5830311621033,69.39001012478998,26.758924755397206,2560.520083381301,1426.1751859143042,6,MEDIUM
28.208154020010262,57.18154247098966,75.18221534010335,292.7559093644353,83.52574234817985,45.086286394252696,1394.7722011906833,1262.9516353946542,3,MEDIUM
17.034694689918716,36.25987987810641,85.00000082406578,252.6555997026196,90.83051646517974,35.532340688767896,466.5276749624951,2862.2870709235162,9,MEDIUM
11.614617061779956,28.891928707319746,65.85950350293066,132.72429182337544,60.254546892984386,44.25183161404775,2938.8870260343624,602.4150318923149,7,MEDIUM
8.563694308166106,11.5066839355922,38.854582854707864,75.6184206092465,38.3372785903383,21.927837256487678,1637.648947648853,125.36210451656837,6,LOW
48.30392490487301,110.38929169110092,262.0439171846017,729.1856856274567,50.802582824043476,51.70163862749096,2607.995232654166,1913.4607691404185,8,HIGH
27.375820431204147,68.89646254275796,131.00801406212608,410.8755212542786,43.741224099315644,45.68282618661031,1435.5065714938669,1893.8058665238086,0,MEDIUM
17.76345161257855,20.389388435456418,23.617558464610923,57.44305572061966,82.95738343820754,50.77427741367048,1546.3401350503545,992.0479047599516,1,MEDIUM
33.78819850976791,59.95000734265707,102.68707323849733,528.9913360243629,91.76192477990855,18.13980342259437,1278.383083646259,1642.263091761159,8,MEDIUM
43.41693491957275,122.04438132805787,205.04275329876106,495.68455884231855,35.86441816056975,5.328461388256896,1296.0893547781543,1810.1917756139153,7,MEDIUM
13.348436129515745,26.06074936805742,63.78632110002492,321.122852259023,60.922381317480976,35.77405851431858,2442.329133839408,1091.4658694873588,5,MEDIUM
26.81304952133086,79.45593576842987,186.9642172384431,799.8601186055306,32.477732331761736,29.628946070618984,383.1180563362959,1290.5097144080555,1,MEDIUM
27.18659525489467,49.282040137714105,115.08846691758411,383.45093100941784,93.61960806861451,43.94770801668165,1622.6327284653582,468.3025526278644,2,MEDIUM
54.969527754528634,154.29982140711755,286.6457396676006,1000.0,33.25132738826596,9.874694950132469,1017.0042422643374,2324.5237494249177,5,MEDIUM
17.580003943299808,50.973949943050854,126.54776420437206,492.6932864525374,83.16833661600057,34.77233098789202,1803.1406915468929,1198.0854783222526,0,MEDIUM
11.278232677761627,31.662117672412375,42.35268288644833,163.3239317503238,77.83490592528136,14.944918927564983,881.0715842401698,1954.2261567314545,8,LOW
28.866884668317276,79.76148492857001,154.75418906875728,400.7208922663474,26.529025961527058,30.72994350854902,1241.6267517534611,1308.557984217549,3,MEDIUM
35.655764846319514,114.27551291588588,265.2381862418913,726.1409704799927,45.31500917635227,12.916066825602725,1739.796760665922,528.6543115359182,9,HIGH
25.321361948043872,47.55760013287693,85.57402604200735,380.42481486118066,58.60714519390998,50.61712750738948,2302.8829118688636,2116.8871512025285,5,MEDIUM
57.35772615617939,109.06218458904705,245.92928945949745,661.4336693165124,61.046952658735165,14.163856680503486,2854.1157468551487,1281.1430859257791,3,HIGH
17.538851188787064,21.088997712006964,49.803250947708165,144.09051714439713,74.92893618212862,33.753833777992206,956.44956448035,596.7973015803493,0,LOW
25.75841483313019,56.37214097900808,99.50370973419172,254.18274931181426,65.46573863067105,5.28048304243441,1603.866717398663,2803.81687461723,8,MEDIUM
6.707677735640564,23.133975389883304,42.38045177313653,150.6005470858469,51.567593707028806,12.821925743776355,1241.3480399596588,2685.2924910734687,6,LOW
10.773662416182376,18.528785984756976,38.46731651326998,142.4109390975134,60.34747645405435,29.96670976734685,1936.299518566366,2195.116826948157,8,LOW
13.41565151786985,34.58801133500788,53.90057771200806,251.70360396901435,60.41528025837598,7.048082692950209,1289.4969770066984,1749.3817748122103,2,MEDIUM
19.74296605564539,51.478217728478455,132.39878801566698,465.06348760646534,67.91775126927583,32.13913283231933,561.8166166263445,1894.3081773921933,1,MEDIUM
7.726104230554691,15.286998334545334,30.035016360116447,129.4359602418197,62.44752703582536,14.21670139557561,1958.871345030827,1112.610855115391,2,LOW
33.47352931517837,102.12899274339728,201.2874582897292,758.7621205649283,13.63360261447446,41.32696157159353,396.0205050422245,825.7026625111029,3,MEDIUM
12.496806936199004,39.844752279607434,67.72912919094503,217.12492642105806,72.75444077008646,48.4145744542328,416.2146255987918,1796.588842791773,3,MEDIUM
81.24846015524449,150.2287541794345,205.79727436627914,513.6627813562703,70.17406659831596,42.92729962337143,2687.396551480469,2233.0232827145187,7,HIGH
12.848796981732605,28.646249977284967,52.45247883803719,147.62941847951816,65.1325432256753,8.169517412662053,2649.757995296414,1510.672128656666,9,LOW
23.945496101684462,75.74222831273593,144.33248979993766,680.0435306312284,84.26252145803922,29.817309921659152,1819.3282649121502,2691.8652877518857,0,HIGH
21.88985832295022,37.47084978268539,64.76269333165081,265.1566247499495,65.59073801558657,10.558843739575803,348.60757301012666,1195.798742135671,5,LOW
10.034009439365862,23.669941098487335,41.44762547377673,121.47926844749702,81.88597809070595,25.45287832286452,1226.3850371909634,1160.5927961100301,6,LOW
19.79819718484137,36.94855619459277,67.78850398726163,332.00306670939824,79.21351643513212,46.97735132526786,1234.9226011378737,1305.2869622296441,2,MEDIUM
19.62137175649068,44.961492560678046,93.87704570856292,453.39008332848744,79.61077372298014,7.058016037834992,2246.4039083051625,2127.385867225849,4,MEDIUM
40.375139953281966,134.57053121830876,242.6890747217892,582.7083349280139,78.30542942331243,17.58260022007106,2492.1534812429186,130.9957653435095,7,HIGH
29.601158392424615,82.6938984748251,128.78340619368745,537.8534973281044,96.82383702817867,46.32850133588658,1256.4468739827166,1093.7379621162893,5,MEDIUM
33.14966303332523,80.03274434918971,154.75058190228614,694.2482038606066,87.53256632452465,25.296377940893954,1438.696517856894,2241.610856702558,0,HIGH
39.804867125004996,88.1502383103728,193.97534308812578,871.3294962205209,42.98784452485333,16.76777975642428,906.5813642057836,1686.5581247367802,4,MEDIUM
33.50521163245104,67.32015581717056,113.58689994879542,275.2816056237867,77.48481762976922,52.47052200335833,2265.3796106853497,964.1422786117274,3,MEDIUM
26.66056956378403,67.07414932017764,135.7503225229342,400.1780300583475,85.26392635488772,12.786515762981427,1242.7126327606238,1987.3203445398835,1,MEDIUM
13.319769728789739,31.545290857795898,41.0197647096577,163.8071078462638,42.12346236207088,44.43039589047215,2204.7969521410923,2708.338573193422,1,LOW
25.508201942377383,41.51439702725634,98.79414241297029,245.04536353748577,32.34180662097491,13.903880242142131,2208.630461275736,1540.123016714113,3,LOW
11.423211924171364,26.03522935305013,59.10349591469308,157.53741494459555,63.30119022042603,53.15260467096799,721.7769645935971,2230.7440094449425,8,MEDIUM
20.893951601267762,57.52067628721676,94.00796695854984,371.9865966073313,66.2134493230289,44.30355985647224,2690.7926523674846,635.3260426524088,8,MEDIUM
18.98917135348319,71.73428565721514,134.3906790697557,468.5295880283729,63.64873518717241,18.821424937092775,2526.211586938107,1445.3347127105399,1,MEDIUM
19.87341331998409,50.74885798528361,96.56099134966536,193.69664678522346,79.12627911044027,54.180710691836346,1874.1311963759222,909.3146567895548,6,MEDIUM
7.794888223255293,26.7803684345582,43.206255052081424,123.914597614944,64.64441265806072,10.722982059497806,533.0769892050204,2978.727977580449,7,LOW
1.0686928496809043,3.1601106111189226,17.45165815869279,29.038427117288727,94.14048692788273,47.97984413650255,751.5883155704755,695.2637652920688,4,LOW
16.519364905468215,30.682052023851167,54.73873686346363,135.76423727045108,28.851405005317147,39.9714693512038,548.8819946212826,2844.8615906431296,0,LOW
45.91040406852223,121.26049846524633,181.8088337402486,787.2840470200731,67.484109331804,13.694218021372018,1551.7603648681743,1255.7263386281315,7,HIGH
23.70087063329694,74.7738513923646,130.20004609107693,625.9121346136096,83.04098021965348,32.318569797954865,1016.8842077170434,1520.128531685691,1,MEDIUM
43.788298684173625,73.08427035486324,161.28794984757369,426.7121650763329,95.5302581805613,5.596240579659918,2543.151024340197,1595.480928221349,1,MEDIUM
11.484399718200665,33.83117440731539,80.08699053169406,368.7669652718397,66.09711228888541,33.65638407766629,1477.0822768526955,763.3371758993844,2,MEDIUM
15.915669851199262,40.61764964543236,96.12590060525217,422.6660614630443,64.04800611578541,34.11017787170482,1520.6645297754096,754.8632261410377,0,MEDIUM
84.29267880792315,192.81783087220714,431.69718377968053,1000.0,58.427812402985936,25.426310763298773,2789.198821385652,1159.2996772415422,9,HIGH
12.049140784854753,45.57583149689412,89.21087331416358,453.9879754059936,91.30425422269879,46.22078927451569,1859.9830881848113,2248.3425169356487,5,MEDIUM
32.72268521588501,75.91728335054242,156.50445257066633,393.0183856751386,70.20700466126912,51.53735125147986,1345.834944171376,2117.276483254423,8,MEDIUM
32.688717308763806,73.90470510108655,184.6063272296561,388.61473603003327,52.55201476663728,31.68809335454558,2955.33517360206,2992.9361446055646,0,MEDIUM
30.341226914906223,58.21948595224242,127.33826145931889,545.2050200353149,68.7444197939225,38.697678018057836,1548.5766117036965,310.7131656684873,1,MEDIUM
32.997555585541434,42.88226928641721,122.74607763665874,439.00196361873736,93.69784830788014,12.29279373980738,1865.1366460651402,2289.9243138539646,1,MEDIUM
11.91121162854406,42.86978109596586,100.34135225323857,309.0738206875521,80.31772635752908,54.904901321785786,1331.4025805708418,625.0558042532092,0,MEDIUM
17.114738513464065,47.28918339330399,68.55821460989613,147.23362730849902,54.085704005150816,47.89580664788551,2106.860156072018,1557.5099737762564,7,MEDIUM
1.5429103424779906,0.0,0.0,0.0,71.89935927732634,52.451387682352234,2394.6809061320496,629.3264178253024,1,LOW
56.14034555370547,116.57705721173934,223.16749674369134,515.1407690096489,51.62150926831623,43.903211566968444,1997.3340144047907,2811.4955772388844,9,HIGH
32.86677172746309,74.32026705317708,112.02496532383653,294.3388589396454,76.32718184465413,21.14572052831898,970.7364231842307,1546.2211440248343,7,MEDIUM
13.427775355000344,33.44230500256049,65.32266317011882,308.4234071339811,91.86342405006911,16.08407249604871,2844.202159369265,1435.0494675750806,2,LOW
11.585936008741543,37.120556337313396,76.05088660706,200.41495661353633,74.02398279512977,30.552380230869975,1681.6380229219433,956.8336170745964,2,MEDIUM
46.42194833276897,136.22294397869908,251.7557318940015,1000.0,64.63432237982177,9.129966314282196,2530.2615355861403,1374.412898771628,3,MEDIUM
12.700098944214206,37.92905470763213,70.0535926783926,139.44382810014278,90.78845027921682,32.59092433786435,323.82675287737874,376.5584890161397,5,MEDIUM
13.395013140332336,35.238572595449284,76.1162671386027,277.2356733827676,77.20369487240325,23.496000196700468,1697.9624314689909,2068.3587517202222,6,MEDIUM
9.679721370198834,31.210055235830005,65.63911128289261,300.12585361396674,66.91161155557211,41.39669938584895,2826.064816207099,1733.4687739825558,4,MEDIUM
37.011276922548234,92.47724145542152,171.76268325833172,446.1163034593628,76.18441252132547,36.28461075042807,2158.1673084998147,343.7119541837471,8,HIGH
43.37625179808966,112.00088815282373,191.4249935466112,557.6057509870075,13.257851374182362,17.326005807849427,608.2928598283942,352.0120970383895,7,MEDIUM
19.07356676628236,41.67045382873563,63.16563212836688,317.9663764228098,88.9721361255947,41.672093705761895,2216.9271010682132,914.2386092409837,2,MEDIUM
43.55769794631734,71.7311342764402,111.22199542517026,242.66865284236553,51.312529007678705,20.55564608703572,340.55581703175505,1445.6664789789238,3,MEDIUM
28.637832628227258,77.38316038148582,132.41829892104536,319.4550765304501,88.80974200532066,17.42961245317834,1295.438174439564,706.8688770834672,8,MEDIUM
9.193325002995435,19.05205297853584,43.148110687864275,207.65154785598824,91.64126012090267,25.92767835907951,939.0984598655169,437.4352630683549,7,MEDIUM
53.58196158807672,114.47436603934592,261.1437213953647,901.9475522931202,71.65226724180012,12.892670776777706,980.0958978176266,334.2076475255347,9,HIGH
9.594083661181967,20.894713963374066,38.039374716550974,160.21884015278445,69.64354322946721,21.25800326840968,411.99797496682515,950.0667638827545,0,LOW
20.08882522828347,43.24818603765015,83.23052120125018,167.47758484544795,55.0761891214198,17.992430519733954,1966.2571317052868,1907.3554704204437,0,MEDIUM
19.114027904343722,57.47867819147199,147.4703662520394,387.42069019954863,63.699985981691555,6.086495806781396,2303.140221495615,2051.177658313519,5,MEDIUM
16.721172526480174,42.24059738307084,77.15003999154142,294.16941557842216,53.12641537667315,20.043814409750517,1087.9518450976248,884.4591188575541,2,MEDIUM
3.7437622985414007,4.615517116590223,34.17628722546547,139.61379415134076,64.37661195363941,28.341670429521805,1884.496579314088,1349.714558963405,7,LOW
73.59058882316091,139.28978187475386,217.2803260603641,624.2210221691199,69.86720575120646,46.48691890726212,1642.9631684606009,1903.9566436551695,7,HIGH
4.305677826588045,19.901920669126387,35.38488659681599,182.65269717112756,74.19769439477022,14.023826090978165,2981.500505456373,1112.131177361301,4,LOW
55.710507485416144,148.36504153881614,220.02134687869312,947.0228188409066,47.98318730577094,21.36945219979414,2493.296648876632,2936.8960265372752,0,HIGH
11.269550663237803,20.2652403558001,46.509673054417355,164.70934823750525,46.494707943577566,6.4686913008692954,2854.3025681344716,2093.5496848414177,3,LOW
14.41966757017202,43.500820884664684,95.48298420954666,298.8896682024499,43.17668163152379,8.755410607031312,2525.690003378252,1756.3435562207046,2,LOW
52.28251236344941,145.75393115121597,301.55772497525146,1000.0,83.46950073604114,22.805745115857363,2075.713482071239,1518.8187014372181,3,HIGH
30.73901048219579,67.54691325717181,136.95279814682058,543.9502681501102,84.48736540643658,29.99641862893422,492.14840378609074,1501.2426560312938,8,HIGH
6.920255120448541,21.742683994083684,40.39064522398852,101.37014544194412,64.02090743228496,42.413099265491326,2616.314600397136,910.5982441253924,7,MEDIUM
6.789676110902576,21.060835937591932,53.29542091151435,254.91359643782553,82.69895253479032,43.159004040255496,2354.751995412931,277.86148731977494,6,MEDIUM
27.765766116780583,63.361150443980456,123.40653562152232,427.65829940927824,86.44184546954783,50.69893615602885,1061.835714432506,2521.8461250544206,0,MEDIUM
9.453991421381984,43.94662507225109,74.39797117395692,326.21245803542286,71.62810525637265,50.389805563095756,1027.3366432311618,2720.961974987613,6,MEDIUM
31.713621567290346,60.36349290379751,162.95723273345777,768.0829986648986,78.61564864283095,10.074984091325057,1715.4776484309166,2924.803213803898,5,MEDIUM
33.89954223578404,100.52567359432899,188.3415872848488,407.10186200928536,92.3516689947594,10.602624993549648,1064.1036863985341,1241.7236138276724,6,MEDIUM
12.25811533688972,40.61492534128912,103.22113437304522,306.00497342234917,81.94912517158453,29.839565087674092,2920.6886350942214,2841.8988775653156,4,MEDIUM
15.024715413647344,35.325045215907934,51.28828855319834,131.74344133025522,51.8764493203683,34.473684214026804,822.6368182435147,2121.9679014049216,5,MEDIUM
28.384657025685435,71.85531479812036,124.91584164906418,461.7182150162603,46.47964864156701,34.894512622241635,714.1216570381765,1295.2600189302777,3,MEDIUM
11.830116414089607,30.76083405617298,59.24397817121416,242.8411358644404,88.15859496269586,29.313810526492073,417.51470887519633,2759.655096992354,7,MEDIUM
23.724002105765692,66.84993935182048,142.6675246243587,361.5084008912408,87.87143639599073,54.05996492196363,1791.9957471243208,2907.1582946744043,4,HIGH
87.47670117078434,283.77622557499717,500.0,1000.0,25.69123433241312,30.447784723165086,2298.8876566563226,1625.0988186132097,8,HIGH
29.310519819594873,68.38790334188144,106.95037509671752,510.08874622585074,70.78398198579117,51.765548326143765,1883.1223749505336,2349.953417476245,9,MEDIUM
16.897575219451994,73.37907130422991,144.7549311862797,723.6437124673176,83.84664631069816,54.40956837818877,862.3455964467277,2340.966205579822,7,MEDIUM
78.29799025380859,133.83404998116924,289.1501579270011,558.5866899037088,57.216596509011566,27.201095129820914,2793.2556706634923,1846.0606415291247,5,HIGH
38.75871731356986,79.79055264341258,158.45376381169328,758.5920400395564,89.81683494692886,11.688211416061158,1324.101812352622,1297.1884370007622,4,MEDIUM
9.648524682995664,15.810771536773053,21.04181847004031,43.30009938052876,75.41108905179016,21.295902498724878,680.1636202980332,446.3116192494943,5,LOW
11.225256765456383,14.37354093936019,25.176044420082544,62.29838748793044,90.17361501638061,22.926992085283672,815.8501424021838,2993.9600726276644,7,LOW
4.839121390885634,6.729049521651041,32.559644168017385,107.02986979460914,84.1570610413061,49.41639826314853,1483.1705112620796,261.4111585604855,8,LOW
28.03414958889313,60.87953624503554,143.3937501590103,539.9610805500477,70.07477094271437,53.0848623409334,1769.8149183781172,447.83639300288434,7,MEDIUM
3.054163701102919,0.0,0.0,0.0,91.89361476295149,13.482705971071303,1923.9116866531558,1155.6236222879181,7,LOW
78.23780570472425,217.01741345219241,416.7219108681468,1000.0,19.9168895159918,6.00368163123119,497.7404427501507,1225.7217902058474,4,HIGH
18.4405497030092,61.44832970322553,114.40507336048218,334.5023429435175,86.01529284431763,46.5331531481327,2642.23534240762,838.1037862637615,2,MEDIUM
40.33369919708878,109.56779299347838,196.7431700673204,922.7524574131331,77.35332129059242,32.93230598536571,1208.3620161902172,280.3334862440671,3,HIGH
17.226568771689227,27.376605161441898,49.859696927823194,197.01356798749998,87.49994534845676,42.55861231797956,1000.3714895613944,2703.271908344126,9,MEDIUM
27.698930457772263,76.47010624334652,188.33690181552723,791.1707872034656,74.8852367797361,21.583555536250373,2156.4333576763793,1564.112649702238,4,MEDIUM
20.288266325408745,39.00132759137568,84.43481380539072,400.14978290859096,78.5449331993892,12.925988666736721,1956.6143333920852,2911.03476217506,4,MEDIUM
23.246935112469224,66.62380531361123,98.83520077834518,342.75219612305835,51.60649544708266,18.233018907912342,2980.6157866936205,2639.9995647243277,4,MEDIUM
48.65760413982762,128.7990035093132,267.33429545090115,505.0042697492607,66.27746321967606,7.423966834902124,1407.9537595808172,1507.3391163046722,3,MEDIUM
64.0590469653334,138.19922079167495,219.28621260265405,499.9711466198126,62.97275517562939,24.292321245788575,794.7696530663245,1195.2554320627019,1,HIGH
60.935669298492854,88.83095960944472,119.6677287945791,397.3831331187806,33.30376335072684,9.961343921870926,2926.464450493452,802.392422594292,2,MEDIUM
130.2123985874935,300.0,430.2550381754246,1000.0,90.73028740515522,28.188576526827458,1601.4452701396706,2979.4948652810003,2,HIGH
12.892328469259908,41.26099508451428,59.40512333591667,139.8030595983757,89.41040773478706,44.96122311010865,2086.121029825933,1834.9193276740452,1,MEDIUM
29.564270319929413,86.80793589946346,162.68560038550905,652.909097150764,73.26284711899419,7.3815155609085314,414.2508277853158,2530.117914642633,1,MEDIUM
13.13168699650545,51.612600540243875,98.13222380368838,408.5012155209062,33.12122888104147,49.83562343442314,1206.8921178153853,2954.7764866103316,9,MEDIUM
47.37500355667888,160.4909921268613,286.1876212703077,1000.0,60.880633721202635,11.157618654453962,2965.507051359577,710.6410974103404,0,HIGH
10.049702681492592,19.444255367450722,18.634346617494174,39.55133714031503,67.99048821005151,37.79904106617782,2903.8202489397754,2778.2807311535184,1,LOW
49.20423435089448,141.07668932354224,297.7087719027708,1000.0,33.99352551520355,17.026787260595903,2957.2088023816386,2393.7095029290417,5,HIGH
25.920112845645576,42.63631156674454,78.73836199957358,271.4284875348759,63.78689367333106,47.245911929792996,2524.6135837490974,1391.209930479271,9,MEDIUM
21.133755659572415,52.65490979723961,119.44979517218009,445.6374925104271,67.61699811600592,5.51760107933978,1651.3733606107733,2848.938019904932,6,MEDIUM
22.914347022678218,31.883900334175664,64.97998891706806,293.5051581793139,94.61582090343599,26.069359639612408,1844.4521173474836,1790.1910949188434,1,MEDIUM
8.587838758148399,26.612567111147303,42.69886723851219,79.75526471740162,86.10665202442355,53.09510484426497,502.1025205134924,1211.3723349930424,6,MEDIUM
9.231328436532472,49.48116131025414,78.9076452826854,350.82099206702674,22.897812022778076,10.644734253563726,2441.841724081403,521.7207409045218,5,MEDIUM
26.242821464760407,53.70019218574508,78.64398494277073,271.5035669570936,98.91772582366457,43.03221738977002,2322.4919341932527,2197.293628421744,7,MEDIUM
26.119327880661725,48.762890553150136,111.12167167385024,522.2804380486153,80.06557526861272,41.330895511509944,2212.4026905732394,2333.390596349502,2,MEDIUM
13.608816545374928,33.44967436182782,93.75514463832026,468.548073106805,58.31943627171733,20.95873912304952,1332.928547779261,660.3890280397055,4,MEDIUM
18.29128348647528,46.545020885824584,94.16450668730454,361.33223330840514,77.29399670183871,8.022729799463525,1017.7922224188095,1146.9325950562782,9,MEDIUM
31.276081557692578,88.44688089375013,148.58434348611672,292.22734350735675,54.70938181278786,46.65476875109656,2486.780312613942,212.37395470633615,7,MEDIUM
11.778159398132955,40.928509673847316,103.32986320580912,282.35166819549306,27.44405593281452,50.243933657016804,2931.2512864416376,1693.9000173371346,2,LOW
4.28321433441391,18.399810268683588,33.86238525361664,145.5767470428525,41.952932113977106,11.391534544332956,1443.406662729363,1820.1926320613168,7,LOW
57.43192506098538,146.82957046815173,240.96291115920826,932.4749395742307,47.167354046438845,47.39139003107379,449.89039127328294,2552.3533762502248,8,HIGH
27.533007915902502,56.57582908780542,122.58590256018643,606.758633929371,77.08755429758602,46.661167921418226,2731.9627416450703,127.14252784033911,7,HIGH
15.58541709233921,34.2501993399282,77.00294796182435,266.72542588079403,33.499339578485,33.85114391579743,2161.497700387021,402.95935230208636,6,MEDIUM
13.099854623722667,34.34371964406617,37.753569809954044,156.94804192672746,78.12043662558274,44.17658738485591,2112.839515755978,143.1250479239786,7,MEDIUM
11.684397372598225,23.30981245827407,77.26419344536242,358.73537160674925,83.49289627113554,6.973944049395449,2849.496335005322,2836.123354515861,5,MEDIUM
47.25370949090063,78.4391109774572,99.94503158839883,399.5335144457848,74.18069897633308,29.80884933847139,2110.3403091160935,1563.0175818629946,2,MEDIUM
7.353706433183485,41.83599569965293,60.307079066401315,169.66071210860372,61.43803873839614,53.34959164377088,1967.275628186576,775.6997404102916,4,LOW
29.512327429922173,63.26061736236024,91.00521001622272,189.70687341304568,54.74946622604753,43.760773258993794,2217.2994534364725,106.3507681329531,5,MEDIUM
29.495101281697462,59.514633090140464,108.12692048369824,471.79155637891466,61.11451600727212,18.40671988045982,1606.6490138733077,334.7335744223102,7,MEDIUM
37.456143622984186,112.17985580352777,277.07824493457593,1000.0,83.69690948610888,36.17655997831828,1074.8625628118948,2174.465646009137,7,HIGH
16.752757521562092,55.8832896995942,111.6733162544669,393.95255903734886,77.78224185709725,15.627490821389824,979.826777887334,1466.8361258169425,1,MEDIUM
54.33548376575967,129.8878911208105,227.73384559369597,842.2936662525753,82.71435447273436,16.106278423902367,2260.861898733891,2216.551331017601,0,HIGH
38.19253561845869,54.45771231115996,117.13676611630542,318.70061595291617,98.29670279899328,14.467292962261808,955.0445182426586,832.3136080972765,1,MEDIUM
16.323456081600664,33.74287969354259,81.84244339028703,218.20990087956707,61.397538861980664,14.499079768729036,2814.120212429737,1346.6710522399062,2,LOW
12.613194439239802,30.06156632196027,89.49151736165541,256.1307488093031,48.93066517652896,29.964552994454582,1388.0970567462107,1890.3944030101022,2,LOW
20.329460070016264,65.22835238779396,149.21733932320384,353.51193993654573,84.88225645070526,20.489921051800607,2010.6358115060286,676.3366490158571,4,MEDIUM
15.90860455548452,26.191226155213226,51.189543673210785,228.53616142673465,63.168188333738826,43.8979707940809,415.5583679541538,898.1926902215117,7,MEDIUM
10.993457589721476,10.710999931790939,27.48346532561972,100.31651032437505,49.05470022182869,49.70558713083697,1512.1370007710582,467.74204999270563,4,LOW
23.648476809795316,59.09044772584736,111.84642617435489,506.0294664689555,65.6603897228742,29.379547456609103,1378.8148042641362,2149.796858152547,4,MEDIUM
18.381520062812736,45.938081249046554,108.15748976208721,338.13653043003166,74.6767434889992,14.565745999551018,2337.5766178957056,1767.7595716779103,9,MEDIUM
62.69667955780824,132.66026583510384,214.0153699020262,446.01519490540943,80.20811534529021,54.89995419841618,449.63370572454073,1361.7838302766656,7,HIGH
15.888852546035125,26.76824813313492,39.57891308569431,129.2611762594389,32.94058946188682,7.351611911417723,1386.3515014555037,1723.6439103372963,7,LOW
12.521416676563234,28.13931675415555,53.13320614950425,144.26626591876956,72.77883768288415,32.48220214971241,2616.9607790527884,550.8768760713156,7,MEDIUM
22.568415954722838,50.12835367329101,88.89425028134674,335.0732706204725,85.88437018828748,15.98245882043022,2104.946573152334,2448.0139006566324,0,MEDIUM
26.931643600066053,41.55084435659451,87.20373288474565,422.6531707778696,55.27199614900131,51.88287954614931,2399.047369887129,2278.6309907989776,7,MEDIUM
28.377449288367686,77.78038711905533,198.66653554595723,814.2439701460878,70.28025649933,21.248161868145157,2360.8218626089006,586.9099806349557,4,MEDIUM
28.1868961053834,76.04385397884137,148.2359850520851,658.2590986944734,75.4186441987316,52.90215587808406,2087.253968862522,2662.850000857077,6,MEDIUM
23.119946719158033,58.51531254203095,110.68452282151267,485.4588624687231,56.728416090775355,53.64006266633199,1356.50150535571,1212.228347549836,7,MEDIUM
21.933098101145717,83.79499901952856,159.10526945033223,690.9376909542339,55.91671008599908,52.14874195828265,1378.3618197849285,1417.7295663921007,0,MEDIUM
34.02917485035047,114.90197107727946,254.27006074616295,940.0686454692172,62.006489220986616,44.6362398670714,438.19167386661366,1617.2176701320095,6,HIGH
10.178133898748573,28.054907525605493,51.3925102415248,241.92680824488588,57.069962550269196,42.06078012602064,826.4979342058991,2389.045994204177,8,LOW
12.593904076462117,18.36662840987397,35.231403007070625,120.48006543329947,48.54375667182416,52.63856100003964,1806.8364766826082,533.8280229046644,5,MEDIUM
5.7380812074373315,6.630001881670045,0.0,0.0,90.66535329765253,16.183497299763225,2716.7144119182535,831.8044579028565,6,LOW
10.318904328920745,19.212644389938454,7.263982023684271,38.89373853495098,84.32427513230056,45.495116527148156,1953.0171766269427,2812.428687084572,0,LOW
44.27389279367318,112.28472272394141,218.24186961477756,962.5339843031866,76.85412786352074,10.674393252566206,1345.0292869031657,2816.5105257791784,7,MEDIUM
33.07124101294907,107.83519481515859,192.2517236995656,532.0396813528268,73.12388832654207,23.093898298765353,2546.2224542346903,2436.4664832079243,9,MEDIUM
68.0290711692152,207.6823217216358,301.2558116722469,1000.0,46.31015410131109,25.091593324876545,1511.6787731912732,546.8784681214394,3,HIGH
57.96873488238754,116.12219826743879,249.9305115317417,518.3933264425934,55.90581795617317,54.76632114821998,1001.6797587809602,1805.1825053112216,4,HIGH
33.26129098535361,80.42153677140664,169.6129376379202,698.2981162395067,26.873123065954914,21.048833262564106,516.1966708196928,1365.6131567840032,5,MEDIUM
24.978384974896496,49.10625820095859,107.57658278878388,544.709775278395,55.17210684331562,32.7366787001788,2537.086862321106,288.19073941943867,1,MEDIUM
22.87948844828394,62.5258263132681,154.9461813120624,431.45203084033784,51.39999254746499,36.674536414448994,1963.1392316923955,272.8654416739256,0,MEDIUM
2.8444162123082175,4.316936223810913,0.0,0.06721902697838318,79.64985698336787,38.89194651796857,1868.2152047018756,2577.668534796365,0,LOW
21.096378254699985,58.63580205743886,85.87585827441684,420.60495702309856,60.995007873790364,11.00751416828184,2245.809411744908,316.97293446886357,1,MEDIUM
14.41200542851205,35.99770243555113,45.41641122576388,195.97697669234407,80.15979704595073,32.9563163626832,1933.608979903498,850.6006080981024,7,MEDIUM
10.709715662384172,14.514443086668052,29.84199430128481,118.094821413541,52.31682456610898,36.73608361004078,1246.4220286731543,494.6376058592059,6,LOW
29.75991362390041,82.07882958197479,144.14242292175362,625.5631566363156,72.22411873243955,50.167426083782594,1967.4697907128489,1746.5563256370847,6,MEDIUM
19.283835441089288,51.7053228795283,123.59490566187827,474.74520140149895,56.115482274066686,52.86466891700023,678.1135424663253,2292.064094127291,0,MEDIUM
23.88997592438945,57.064213323052144,95.17890198993472,395.81895119102,66.61914934069247,16.75136017816615,1099.67154024807,832.2890931968104,2,MEDIUM
9.426636066692678,17.73045205112441,27.941795992644614,122.29876646011424,74.63480871779664,15.52594296974153,1750.746474006481,2357.0371781718304,9,MEDIUM
39.28094778568155,73.67377950398094,162.53545592735688,476.81347439319677,94.70436987037937,39.18731553515701,486.702318211161,566.1556317813302,5,HIGH
15.83028985579504,33.76713652955692,62.30041314530858,158.08399748882832,84.61405317406967,29.474179592788513,2518.815618566061,1102.3712371826382,0,MEDIUM
28.689828317195804,50.42146465816595,115.49366255138258,351.37161556262066,88.62091211189149,42.17834355552268,420.52540275405795,766.4996932043346,9,MEDIUM
16.868988555359444,39.60845033116179,78.64596754230185,312.91071683513724,69.05021900032197,47.42359723733758,1305.3892188480656,1390.3061632122187,5,MEDIUM
2.2751105080683827,0.0,21.071448780103044,166.70606819259552,81.21667015983816,5.5342326066336165,1526.8664932083475,2943.975284242634,4,LOW
30.583328523862907,81.91161757205937,150.8468645385066,707.8260145471289,52.39262344973476,48.93652506074368,2137.908441112064,2223.551812126405,5,HIGH
20.22463563831078,61.9448771999669,107.81644603469442,289.8725016092227,84.26981132559266,18.27174069878287,718.1473795047465,656.9943673219384,3,MEDIUM
5.356380069894303,2.2436541217300388,0.0,7.146917129454276,72.01828952600317,53.46984636658274,2517.693685018658,2900.9809483206236,6,LOW
8.457641113187158,16.500619828313674,32.4092829359841,133.6974603699194,79.78772679910304,26.513100378913848,1450.49974906835,2059.9530548171515,3,LOW
40.041984803695584,113.73622668454574,159.35194574805672,400.6223411484992,66.67558092429819,47.622373924580835,978.1049342382673,1389.8145776551,3,MEDIUM
5.619208578563793,3.8958902022722235,1.5387350116133378,3.7811389805532327,71.96824724880626,14.996774094570899,565.5066619642537,2752.945447628369,1,LOW
15.512782054851744,24.94732733659029,42.96755596169123,136.15650318467044,58.35687171767883,31.257849273900508,2798.345590051082,2300.350637271609,1,LOW
71.80568786054764,177.4271034080011,263.3322940492753,1000.0,58.48873005132318,8.164402462521092,1389.13711191449,2201.120521771214,9,HIGH
31.121295920811612,62.108319599667006,117.64725234533788,325.32060860204086,50.93402038345211,41.742144591302136,1329.6026949480238,642.7506521182772,2,MEDIUM
36.45106370306087,95.68453543467018,214.39207339707005,964.1023038819119,70.03187618587937,52.10499187204896,786.6582953558095,427.4950514635606,1,HIGH
18.068287894497534,40.006079155615886,109.14622558430854,478.9299227682638,65.55476646451159,47.15615195491054,1667.1134052519863,2603.5753744167087,4,MEDIUM
4.900725192454575,25.894270591043615,49.023801444064034,256.6154306608788,85.9122092252076,39.01765372305505,1163.686066625223,2056.4584704483627,0,LOW
25.525330290104908,33.37211026377439,60.076923739223766,172.23777756793513,31.780419212070615,10.946904870841578,747.9925382312765,2460.864615331029,4,MEDIUM
8.989880554268009,11.577934264110388,21.316609050841024,64.50644405218506,90.75917407032524,54.19798945535998,2332.749521743911,2308.9745828570517,1,LOW
8.240294601928966,30.12978973324659,49.83398282760971,229.24029639094158,25.290204730757644,22.19812253009248,2725.3174335459103,2714.167099967484,2,LOW
23.49931286982874,74.6245640006969,134.45319219953262,274.4024095823108,31.07205343872445,36.63864288475862,1251.194433346061,1157.7867026241483,1,MEDIUM
9.548333735001917,25.70791319358025,90.25652807907342,233.71601977303422,28.07518025799382,18.649004376297913,1073.5368746746635,1083.0769799679044,8,LOW
21.614466254092754,60.84125675004357,94.8105768720595,463.9608771947608,76.47319895445024,46.36610709795838,1308.1400440787033,748.7445724259791,4,MEDIUM
12.934782191599254,27.22636952353046,54.49590066630178,251.5311572743252,14.271633744671911,23.921015825726332,2797.053977490133,361.01654508290716,0,LOW
21.07718908960772,64.00978440147819,86.62730440068472,333.4225186554853,56.62091836173586,24.53387514632361,1875.736575017759,1474.544982096915,9,MEDIUM
14.74537068710492,37.82759815931865,24.6192932895637,99.74256325527429,75.70040728206466,5.224001374945043,747.961849167924,1519.7526963782236,9,LOW
21.50271880265099,50.855472812778274,81.99048701483197,306.7804086668418,84.65959729877856,33.76676345077588,2007.710194647446,387.6589351597342,1,MEDIUM
54.926313304914004,82.14576066637294,201.0467114116685,907.1645244265321,40.512556877757824,17.53657831280249,1383.3944731353222,1830.3983568228919,0,MEDIUM
37.001456956924706,112.65871326408607,203.04623778781902,618.1109868337346,94.25560188203505,51.09247881776171,347.0041216260302,1121.932254165369,1,HIGH
19.80459390354204,23.871216108678624,69.57233519690439,197.90314060201226,56.75303843661118,44.15749494841731,2918.8111869128666,1395.912036238521,2,MEDIUM
49.38935369383578,84.79806259279661,182.8232126215192,338.225085955277,34.053158795787134,52.60360103894062,610.2194629641414,1554.5729951044875,4,MEDIUM
28.97288712965881,80.56805940248503,155.21805947649804,642.2713005629876,72.5337700649194,24.48726457467307,1416.4408168593097,966.0900864316102,7,MEDIUM
47.20982666158143,118.30148695050605,157.60795751440537,466.2179686814469,80.15318876082586,38.08650297530087,2075.624064707421,2070.9130273125306,9,HIGH
6.241011518456748,9.25062388633623,24.87267110250929,96.58830565886883,57.876912775962765,27.590098616302306,1882.2630739085607,1554.0599240417914,8,LOW
9.643188642791799,26.716553484099958,44.185671587139296,98.53886296937789,46.85561165104193,50.466872793300254,311.3892734104887,1352.2235083637338,9,LOW
25.315964269927424,67.37774407276831,141.25109423652373,371.4103800002013,65.15321860331356,21.213058757204653,1941.2907555273707,1258.3036126859336,0,MEDIUM
19.445825975578252,34.175526722784234,54.18450978763084,269.77213235004774,89.90610635730502,21.42628490741231,2263.6328877257756,119.95358771626675,9,MEDIUM
21.53974652312737,50.40196410552712,117.513510373926,587.2150436354412,67.38879454312749,23.297176079580606,2593.1702870317536,2325.1268919446798,6,MEDIUM
32.236933915113454,63.27220210960267,96.09405367987524,390.33487082482304,69.85838004683303,29.889460898064748,796.6459884420179,2901.1451550209085,1,MEDIUM
25.49437518030733,61.004150007981025,128.44672302271766,589.5691574149372,82.26551272757072,49.38596341808644,399.24046911761855,436.36976214260307,9,HIGH
39.37482093385503,94.76266195088199,146.9057137139503,377.84970544481445,73.90379955258862,15.373374604720297,2849.825809599971,903.8549645987403,7,MEDIUM
38.667409666701076,93.04586279633425,141.63629953208525,473.93714837424,66.09936480158076,37.56539517530788,2137.1583202253805,2548.410673916472,7,HIGH
10.035524828930834,44.15860884134955,78.38028356665897,204.22438427029363,73.41588170842805,20.29786504104331,1528.400756098726,2140.62495871671,6,MEDIUM
2.377089925587112,0.0,0.0,59.42506764263942,62.63017968698386,9.13306197254298,2257.6371318517467,971.5697675764305,7,LOW
9.490930000068213,33.81449237951966,93.62164901388041,431.1841931904118,82.67904322891978,52.682849006658365,724.1166499513928,1966.1240451522308,0,MEDIUM
8.969231330033704,9.981953925911498,34.1633397715634,178.09247364563106,72.56939131604072,44.28895542375571,2887.6748506834806,2755.8571706276857,5,MEDIUM
22.718371999810067,60.05552930381246,133.6549641187309,336.99278232267784,51.259252008722164,52.6009412707393,2066.459624936492,698.0366872586538,6,MEDIUM
22.51059501815076,54.991112836690604,107.72323082486245,350.9365013835296,67.20897943813311,25.013483490417975,2667.771176246549,2054.9285415439554,8,MEDIUM
18.591191742317747,42.87588574185149,76.81464542811403,385.6990804626679,86.98601043856293,42.84901227264026,1803.1125958916077,2445.3282556541853,6,MEDIUM
29.740251679325137,66.44270002903842,166.7351343865142,611.2686131008875,52.37256421086999,37.55724109812661,2462.172775913925,331.1486505756175,2,MEDIUM
92.1677180958365,213.61452581938534,327.1168940082395,933.5920691828259,89.59914248124079,35.95086024085014,1184.722152513753,2806.799115028593,6,HIGH
18.290083978219453,53.78128861664161,107.67943430584583,289.8413200565407,67.94764839150797,7.013517894516376,659.3053486222373,2880.025333382487,2,MEDIUM
26.060703222447565,39.353303661127484,80.11498858245812,257.5171332711243,74.4323177382969,8.586456004574368,1255.3158157337425,2212.5488073042006,2,MEDIUM
21.536258986732957,46.36529558834903,57.40263273673413,160.21222541843568,74.34025714810485,14.763139665607328,2721.6964648044413,1571.0372293282878,6,MEDIUM
13.730800555911102,31.173000687220345,62.26886836583665,230.13917531304145,85.85219083975088,42.482697935949155,2184.8471237851622,1831.6779847618743,3,MEDIUM
32.43945410519444,58.07206154484462,111.03767737689903,389.8424767998977,75.20102415178364,44.91711176097251,1531.8522584765851,1962.8870505340433,3,MEDIUM
17.623154544366756,49.6084848036688,89.69534110127424,307.58422434777674,80.94996776760297,37.36104318115035,935.0719575502259,504.68869502141854,5,MEDIUM
11.497652403607422,29.067430917994987,42.18684577939602,148.63411860086703,61.26109595361592,14.603435030075058,1914.7205883782792,919.9096431588035,1,LOW
12.214025770954287,32.277876826655806,81.58189463395205,204.66582477901025,66.80210006635434,43.880863174049544,1900.8386843237886,347.591404794569,1,MEDIUM
40.31235080612333,110.62264764901416,214.6756624736835,494.6397741186941,57.767593934146156,10.673424448285042,1733.484730371169,1142.8620256204915,4,MEDIUM
31.898884988206675,82.4040424452777,190.8630533039832,593.5168372921399,78.26207113213738,49.701169924980285,2292.070109315107,2248.0575736743567,1,MEDIUM
14.95262409276586,30.953450376477317,49.83631026369513,209.50418569946515,85.11597898702658,24.23870569236922,955.5958705865372,2662.2617025143836,7,MEDIUM
29.408137382894033,59.51416726556549,124.35056210492884,566.8196762193265,56.864577706649236,41.354384759048486,1679.6708283705598,1145.2667444336232,6,MEDIUM
21.719726338329004,61.117671236971304,126.69034222786279,270.8825179446085,34.8040376220637,13.47475282309505,1132.6966069104433,1867.518148511441,9,LOW
26.375239712228918,39.91486985540358,56.45609927004003,157.84934344823662,71.6964945456662,20.714126360859343,855.1214839737079,1804.7684661711983,1,LOW
13.448389782806217,30.327790365587525,62.04425545273857,249.08075886979873,86.18541189327551,29.76365820275918,1198.5098690468822,1443.9941098863696,7,MEDIUM
9.2147384696617,21.644920156873475,47.44697645633268,193.84912498525716,94.08968297885309,29.817749385563737,2467.9590381987873,2097.915601418818,0,LOW
17.549147233531123,53.31335199176364,137.5994786877865,553.0262449756597,60.04300837131914,9.859987615687157,607.4966831026261,494.889537939525,6,MEDIUM
10.612509800918618,29.137076286433697,52.51502456123971,272.2568890516204,82.11155718714613,32.41594584399394,1043.799394084807,270.80071132732263,1,LOW
9.965178067747583,22.25122724295833,26.117798146208873,49.402826555065744,64.9875454784419,8.755895795584552,1739.1676954728114,1076.7009322587,7,LOW
6.587679005219131,18.977268030165657,29.147076736621045,121.4229171160381,70.80848857807187,51.18399909161625,1382.6144160908834,2909.475144760915,0,LOW
2.398778117956733,0.0,0.0,27.375742160305382,43.539613065909215,26.08837316265259,2534.72387522126,2861.6985198969396,0,LOW
15.15906142582163,33.06888989522023,77.2170506215496,278.13816715961747,55.599554535842046,26.95395074764229,2403.9522475010685,1917.5686356338365,2,LOW
45.32909156038828,123.07377940702341,282.43925767991976,680.6629293903701,51.20092534838053,33.84967635427968,2130.3810747662774,1757.1874638828886,3,HIGH
38.171117386134455,127.38792921234666,234.62490542737888,882.1479548084973,53.51691893459143,44.08373599715305,1062.7441805208887,1917.9818759924017,7,HIGH
60.2544389423074,171.39283989157366,372.62986378151896,817.970194207152,31.002790462677133,8.476741931806465,357.2908743661608,1316.6589243312235,1,MEDIUM
9.604357676805389,13.00617513789919,37.31689612930792,129.18891450839604,77.23231914266495,40.14890227060939,1147.5437955090392,900.7436522068461,7,MEDIUM
33.86652611418808,91.43600679041147,172.60020212865982,697.8854147944674,80.63836000223701,50.52654224585083,1922.583014249502,66.3857838517936,4,HIGH
19.73673688045057,54.37348313429985,117.35689633756083,370.48145799032903,87.26606743944514,26.959836606978318,573.9082802418599,106.65786267528793,0,MEDIUM
12.230777806901616,29.284905687750076,79.35387710890312,381.61562792228045,80.34450430600774,5.6632679383211215,2523.6720626990855,2917.887602276628,9,MEDIUM
41.97949522416638,112.68491781571907,247.7400747452899,1000.0,50.5401437566811,17.368426156663766,2963.810754769983,2246.5110271814997,5,MEDIUM
19.883713005836885,43.35588773817665,68.74346756613102,273.73167260519347,71.11792341201064,52.05229934841278,2291.413867860292,2085.951880723949,8,MEDIUM
4.275635712544645,7.609627032355358,11.695658223398565,37.940485427403914,54.148209259789496,10.90097742862748,1419.453882897798,2541.0878295807834,0,LOW
37.90041776382368,67.7365240643296,124.88170574086688,538.0100278808468,88.81608466093914,5.680679027629305,2452.4896409177195,1840.452897676073,4,MEDIUM
28.035444805978933,37.05560877150728,61.91017456257001,143.5871610916926,90.46082654702052,51.79300175836614,1036.0107932706587,2019.5356203316499,1,MEDIUM
23.651031640617525,69.24137202427364,144.27736012869485,576.3325277548648,40.9195769516002,48.151286411927146,2876.097141117496,2380.8302233833906,5,MEDIUM
8.028147163702823,27.366917027631835,39.98899808753992,189.93001830751217,40.355484988050655,28.019602398190276,1289.8448362291847,419.2318020648598,7,LOW
25.63857256007974,64.37769843816791,87.68246153417817,344.6508672670052,63.284488012943584,5.269750100722865,2162.712680927349,603.5221471635086,8,MEDIUM
55.01994313456865,119.84168408439832,252.4964474594339,1000.0,89.99254185075553,34.18852658666661,351.07361343696596,1690.0984385068812,9,HIGH
27.501425149043367,51.7372800162983,98.84093108854623,370.1834048843671,77.92813440365538,45.83809406844977,2002.9408333004012,335.8095117485894,2,MEDIUM
5.71671477283298,19.09508640579558,46.57363234357196,62.22668266508446,85.15131761051556,19.303539226731345,1099.2766182698044,1995.2993685748809,2,LOW
28.958942981794422,87.33048385551731,198.30087944220713,687.9475212473359,65.469077328907,13.636772950069654,575.7387916591088,2504.992852730543,7,MEDIUM
27.70081431920746,77.53109131756648,130.7140335417816,569.2575730083428,54.30052044039719,50.23293608112668,1470.5642437626898,2520.8951883143377,7,MEDIUM
35.73637172504567,129.8132105921269,293.24131275182725,934.3050452461191,79.70079019334739,43.396315525638386,585.806663262224,1003.7754547633092,3,HIGH
27.168171375335312,54.16711253713986,128.08683115089806,301.4644703169255,63.44203675611014,27.4040615526226,799.6687986907823,647.9284656710657,3,MEDIUM
9.994103866650415,15.9951221974454,33.5522580784322,74.06478673402346,32.647345213138486,50.25073874384964,2716.8678022824542,2878.2226231818518,1,LOW
22.749354959054553,52.405415262766184,106.77387474379223,436.24707863105544,77.93656910384334,35.40779894798382,471.3172441356512,2741.5446382069817,7,MEDIUM
17.779123444704442,47.786368388236866,109.640181446454,233.3055222411948,38.91346891734534,52.20442970113678,1987.4884669091948,974.8531738158134,1,MEDIUM
24.716030174389687,91.73275406884909,141.16722468059356,434.2229905992132,74.85643643252783,10.158050298865007,462.7771319691978,2687.7678237328028,5,MEDIUM
42.992566183254695,100.38883477980588,233.9786725750179,576.8413676708827,34.147727585982196,26.820746526495093,2238.7345807090514,2648.9783037374837,3,MEDIUM
12.902462935443355,13.708354532357223,28.31420705104431,88.68268311315678,78.23942605313248,38.960837677019526,2940.3043036785257,1047.1962209183562,5,LOW
66.12655771558266,99.42551747846254,220.94856553081542,540.5468765057304,89.92077108278916,25.394869537933097,1459.7306204197134,1121.4077151523243,9,HIGH
28.830223819043646,96.27801556205856,188.6830924333327,463.0182899018839,60.278418771722286,22.488296563857446,2914.0079157808623,2799.093640284626,8,MEDIUM
38.04390344978552,88.5007854249591,183.52673990811914,789.1267350945226,56.07677285893053,39.771193919836286,2032.0171430593239,2238.527331391155,9,HIGH
34.70754282608761,81.35179066921366,153.11343825114213,386.0203795785865,71.01950133740385,35.28437257940926,1907.7643645198477,1871.7077280340857,6,MEDIUM
28.037707692239028,96.7660968343314,159.9219066232664,397.0536642438638,61.5089985810062,19.126957680248907,762.1531438083514,2861.0446562948973,4,MEDIUM
31.663168448636604,72.62598979453298,173.19897891275951,626.5868523693546,74.32241579532383,27.200095850155595,2871.368809919105,2601.4408819196988,9,MEDIUM
0.35108212457942267,4.638572460332341,12.823954422235934,66.97000535507581,93.74830867220298,40.345061266142174,2626.182900490497,270.52117608205884,5,MEDIUM
34.66375609948514,105.60205931159868,256.7971473700962,551.4040603162861,66.7218561055797,36.34529217133118,655.7430435520425,1521.4417655966379,3,MEDIUM
10.664364535701829,22.84418846810738,67.07507346047876,224.3736455847548,32.19186830396827,27.651315534978185,377.3225935897691,2692.3547798356017,8,LOW
20.759835286815743,45.99379370845545,78.19957853608571,244.17632636785606,71.28576995657521,18.000239259608485,1269.442605390068,377.93097672213753,9,MEDIUM
27.90263346229753,49.72653852947152,112.24765213816188,416.9083887211038,43.42234102687325,10.729432523037515,730.4594285092284,263.0675672915312,4,MEDIUM
44.25910462824571,91.41920719954544,173.37553095637702,882.7835932188418,47.85182820198677,47.00875726526082,1207.6130069938731,2584.2162575867555,8,HIGH
10.667053369957745,5.318345553748639,38.16555323935967,148.49231148468772,57.93056571263365,46.015678650255474,2887.8485035486065,2343.278847438494,4,LOW
15.452790294920772,43.44873477697513,85.16486345722971,357.7795734882296,91.01300844229348,35.665134797540816,2627.137423502428,543.2541082183268,4,MEDIUM
17.09533023679947,23.37067517498757,44.60824179139656,218.30122212099104,70.87251214634487,33.567107472536364,1488.3265596728415,584.2356492273021,5,MEDIUM
24.92796695241459,53.35915541637889,77.30395917678369,310.5179218003224,70.36508204308409,11.8164890697261,1044.743338753491,2506.1934563454847,5,MEDIUM
17.900128273432927,43.135536218453595,113.46892974744753,519.2796716032617,78.72661244681348,27.336576921054817,1860.0800078253314,667.0213121971096,8,MEDIUM
31.759841031049387,45.634147723697815,72.07860319429928,261.2922471486483,56.436519023077025,29.193264407175807,2831.242511566313,474.7455586106199,9,MEDIUM
4.452926319936919,0.0,13.981065447928671,13.004296391925251,61.13604404084085,28.07074789229534,2434.7611828487106,2727.2947075078196,7,LOW
19.577778283240256,61.87325618647172,106.11149548369374,511.2097330148252,39.94362347627378,17.10457960232655,2642.9335151127134,2424.904159396543,5,MEDIUM
58.506124856482515,94.40261018309755,212.63846985017864,464.68782947722195,73.12729325537836,11.190584574429437,2355.000965920614,1241.1672134411035,1,HIGH
17.9356248949073,20.564659698277183,51.3696999064889,222.20085679365053,79.9807962498771,51.56890620055372,1659.8660803659243,1896.8205887470722,3,MEDIUM
28.904915861351743,91.72317825203636,177.98825856683598,623.7880909643393,37.422360179253594,32.81723244322214,682.0704600740618,1319.6710349612777,1,MEDIUM
39.87431721104601,70.86378384655261,135.17265278644857,520.5296265259727,76.50390033631983,48.12846984930726,2510.2469124128506,859.6669075155239,0,MEDIUM
28.263563103901944,42.50005110214242,109.95789866460429,391.931248747742,57.39735911444339,38.599254481099855,2057.618143659211,2961.066682396158,6,MEDIUM
69.8874336024844,200.7046888383215,318.8594614453958,877.6127551052674,42.91920944918657,46.01543756084677,2386.227943937959,1659.6369833014687,2,HIGH
23.13148350399913,75.26043408279149,130.95423540561552,266.1056404389532,66.61703394013875,15.799879705975307,2281.8264054184665,1930.8141765051414,0,MEDIUM
32.83768263773071,75.99737408657008,126.69673702777897,626.8765582539359,68.62490865310951,10.301709707419644,964.5036513291269,1254.3923723850558,2,MEDIUM
25.655251637819784,63.03910813620504,108.72278651614812,402.3495763182937,65.3174204922503,35.69351437535717,1071.3047939818248,1527.186181209394,0,MEDIUM
51.10468110788772,150.05193358881476,307.1575633206851,1000.0,91.5813141437123,32.46732553200755,2612.2184365437915,898.769351946809,1,HIGH
16.0361110406573,38.814742034175616,35.73528518078414,148.65621925596588,44.51344987003895,9.823156522568317,1399.64248024865,1316.3779989017582,4,LOW
73.46596117291867,201.6458454897318,473.76878985544397,1000.0,39.45256530266888,35.56476808199156,779.8551953614281,1902.041387815372,6,HIGH
13.158795078411433,42.86434348895477,82.17929654756998,294.226876103554,48.187151091764946,14.09495631474252,2035.317235553361,2445.765403627775,7,LOW
62.09063425831647,171.12901628809337,315.1005577060664,870.4522586082089,85.74371004364473,10.4083520421771,1105.4563947610973,2416.8780811659376,3,HIGH
9.653943444113168,25.390195031809156,67.64098066799387,253.34076657012997,93.70909727233787,54.261427948508604,2035.23109158178,83.68716150748003,7,MEDIUM
33.551259615797086,75.72463825996373,185.43043041233685,900.9222708402237,31.946730708879617,32.78581783351224,1893.1715112589807,1627.943112279415,0,MEDIUM
21.719754109722146,36.908024703451986,77.14147137560983,352.3745262325162,82.56283249539601,21.488363828891345,2090.4710134650873,1151.2836346689082,1,MEDIUM
39.33309297640849,91.39563169432967,189.3590396856621,672.7759834494848,59.70312489665477,9.9027909705047,2982.2712220863814,1840.779721958289,3,HIGH
29.393323842249195,60.32099647692338,138.20465972073762,407.1803010706762,42.00546244987196,50.83612258671457,1048.7352026088142,2650.936741556285,6,MEDIUM
37.940968915602426,95.60425119979473,169.65341208509187,623.9008634672143,91.79588332612272,52.128958636224304,2934.2183886442845,2336.3614244220394,1,MEDIUM
9.37052126283541,22.779675865844233,44.8539883209109,163.78898872414993,78.98271458501603,17.847767182093683,2361.3487886468815,1025.6602598415575,0,LOW
5.290843820190519,13.801444013300205,2.646828603980193,43.010383539196084,82.82215304757861,26.75125409868516,2609.5783772614764,2230.5276109216493,5,LOW
8.10726831565203,14.319235024694153,10.7277908239187,7.882829601922026,79.18020210545357,37.277378825415994,2466.7411468502874,349.0669080382805,4,MEDIUM
7.928642377510596,24.969095128571475,48.901857630560684,71.3159447676092,87.94880592460007,10.557839453712143,361.99808261186985,428.06299379771883,4,LOW
9.273884233594366,16.49442396537089,30.123014202648697,81.90100843946142,48.13086399468068,31.847863343038163,1659.9604436028783,715.3925124567841,4,LOW
13.867661797207015,46.13250409769158,68.21529679393359,325.33267489664865,71.59831426754923,15.932099601617034,585.566983800612,1229.2514254482337,9,MEDIUM
13.771502423426313,17.5369813161136,18.94927667694614,92.4577867036229,47.34200894059039,16.263192732743953,2118.393170358599,1556.5052569638276,1,LOW
22.090217108310693,30.749775479685255,40.72168310030912,222.03243111479634,51.46243104585029,35.15308344075372,461.039091131588,1223.6478375984084,6,MEDIUM
11.305636824766715,14.27310996107662,16.93980970016896,62.67242871554153,63.115695602375844,20.503743885405207,389.6359226728737,1902.0023061063964,7,LOW
12.051953791254045,24.759530556851875,35.27390143012254,111.35092254833748,51.59535660245558,32.51764733213251,2748.17225229486,416.320045801431,7,LOW
18.745624779687677,39.06072222799382,85.67750403017193,286.18046380876297,53.0693466301514,18.115459892638032,2776.0555767096544,1588.365969943141,0,LOW
42.915099121754196,131.87831094791682,247.32209238422334,1000.0,21.295743696681548,29.384471091901887,1984.1807752497382,853.5957799486948,3,MEDIUM
15.827736243525138,33.13917920230365,77.13950646999648,221.5365428118569,32.335121339424376,51.611580121320536,1541.8027892041778,1125.7135338994544,9,MEDIUM
21.053632871891367,54.76190320077014,71.58765716584472,291.64072126224767,43.107396908299464,29.23626770734742,2536.934181608595,1551.2093088603442,7,MEDIUM
23.575787061662304,67.98842016637487,156.77694195813615,405.23773051566286,26.210910916115694,30.06756574828034,2903.3961591034667,441.3369218536553,9,MEDIUM
10.204829191893277,43.1982182716993,77.43933344576226,171.53088103179726,40.02162717484262,29.64200522524293,446.5869422179861,1195.2886620489203,7,LOW
17.019984161235744,40.91572691130844,73.59964885221731,140.78312818307677,73.23742703210529,47.82812061421484,579.5234133869533,2294.1673959680793,0,MEDIUM
12.832138665818693,43.03369070678714,92.07623709839818,349.15716383917203,86.43026334423385,39.086954268766384,2743.737635370272,868.8297204426804,9,MEDIUM
40.28468750646469,111.61430781165942,235.2609328539982,1000.0,84.82066028384165,6.531264780906877,568.3706946193731,2305.475037013015,8,HIGH
38.131351523300175,81.3001709878757,189.0556574787478,887.3431221583159,66.52022871408754,10.897705897758371,2228.2573536297746,731.1790283035888,6,MEDIUM
11.81592901444347,34.39233119530944,88.30370911955703,354.3299889330915,46.54461656889425,33.89438831578025,1794.4778921061297,2274.809386409797,0,MEDIUM
20.763791696126248,42.285853498300625,96.15062377618216,390.13227333344383,77.14968543405408,43.009044096345754,1708.418018397754,623.4800587605185,9,MEDIUM
32.85507755916942,97.82671100101054,210.7603814549379,890.8608288606059,62.94478771247154,10.850353298371747,563.6336328926272,2856.0823170571966,8,MEDIUM
27.226747652470742,61.01837935788767,146.49379828166073,319.1697053430123,88.07920271770139,30.13923012812428,2267.511165178542,503.60870498016305,8,MEDIUM
29.26589359836545,68.70553938883799,109.70560163137402,481.24787739658814,52.72814874250709,37.12476214430448,1925.428216000125,2999.5409951824076,2,MEDIUM
10.257055411097788,9.227936676299674,12.379492674372102,94.43434562432228,63.189806130262546,25.040114709463257,2807.8734347894915,725.5202992939777,9,MEDIUM
60.653050196270776,193.456128641553,449.82251200804933,1000.0,74.66536986204176,39.67535836057966,1598.6805153376533,2145.0996673735576,0,HIGH
13.656994639114519,37.758949850833204,84.1420615368187,152.1262339942235,73.05235027062301,22.13131790259962,2763.5236228635545,950.0706239408763,5,LOW
13.354016584455934,31.60583279994085,49.55701452275417,137.72782823042496,86.04313571467243,36.150935997704906,796.5125356302776,292.4497876355081,7,MEDIUM
7.2612603073829565,0.0,0.0,57.566803306938155,68.42218602440046,43.2855163824513,850.5052606146811,123.43195516442282,2,MEDIUM
19.3525741965932,69.82606443697948,102.76278112053126,480.0757055292805,70.9505937635461,52.79084442698779,2862.24186789712,484.49526377436956,9,MEDIUM
45.89670087215212,68.90023342915029,134.68651505599533,527.0816894175802,43.993685748042,36.94475804613767,568.3287903840242,1253.8217888712754,5,MEDIUM
27.037564922615275,58.490212635691094,115.33412866041745,419.9992011635316,83.35268066276225,22.578971586963032,938.6564811969384,1761.628111931337,1,MEDIUM
20.4737392663169,49.449337187538035,112.49588192929858,374.5782828789832,57.09241355790227,41.062031855685504,681.6533715009111,1461.629532612367,9,MEDIUM
36.31336445831955,82.17781003278887,117.32842159079333,553.2768847164025,91.41002313258095,45.22397725040977,2216.2727106006487,1909.8530441140895,1,MEDIUM
45.159185463905786,113.24993753775023,182.4596976871237,530.2511145588416,73.11236141442944,25.731814253594223,2406.6493972542044,332.6849594601043,9,HIGH
38.07537675428014,70.713932989724,122.74242834804818,245.56559033512534,48.98748659976045,23.128351010580246,2733.983588822597,2045.4585377417109,9,MEDIUM
3.887068226941108,5.742850334906844,12.016278390805835,35.31462841580621,33.08923595954451,12.623399741661245,696.3759199503902,2366.29165443395,9,LOW
36.52028695766092,97.17617283309478,166.2252093796419,512.8481853231826,74.6852179630342,38.844982328141135,1168.6935161068204,730.4259286172293,3,HIGH
30.059247024966474,68.86908314674548,126.44215487557423,356.4359363673667,73.30061864534188,27.243460324263083,1156.4275156560448,2386.1491532880736,4,MEDIUM
11.605852674743288,34.23137632671036,78.21379669159656,270.6775931901834,80.365949904926,11.645433808800956,2928.3749073707268,787.5162206470086,7,MEDIUM
30.144314548480764,81.6911731823583,180.4604347697162,506.39629183026227,64.23571868287839,33.072862657106,1873.8512369137613,1360.0224441903183,8,MEDIUM
45.95663059660965,147.1125291013644,242.39605199318956,1000.0,95.6085727704432,54.493938957067265,1211.2449386933185,2427.133059466389,2,HIGH
14.130427922052714,9.524074186558707,10.973285452011154,35.73616009989435,84.044054948036,7.5664833988682965,1106.5878987402384,2077.3011306206326,4,LOW
39.87140977787158,87.95902007719194,151.97568444621777,764.539622719759,92.61989469207998,30.77591868894497,1161.3404053924519,1536.0092750402885,3,HIGH
27.449712966152134,88.23117997703743,185.52948057556458,925.4759764476231,55.916607910557694,51.79128014332426,2222.8890787757173,1140.5150474253255,6,MEDIUM
0.8060050296754242,0.0,0.0,0.0,77.49068154716994,52.95636832955565,1783.063917721061,1712.806596170139,7,LOW
21.576662299261763,48.08624904978917,98.294737294506,312.6161114352718,65.22393156449247,22.086103201661135,1983.7483486486226,1583.328798751727,4,MEDIUM
26.700423343438327,36.02139080235836,100.81789819780599,405.7280990976,49.138316469679225,13.580305406494714,1570.3636453141,2915.753660910905,8,MEDIUM
17.53110923226561,52.28063046939443,126.1277821024528,276.4476441082726,46.00310363551488,26.036341330041015,370.891114593327,2487.148077659678,3,MEDIUM
28.15924837767143,63.39393272374085,122.93787230631905,625.4208387275672,49.651617679465474,20.926449368200018,2155.191337154891,393.4705550178427,7,MEDIUM
19.937506767354503,66.7126162217996,118.57921290108932,231.67864283275287,78.63726596526487,29.129292618292453,2255.142148369566,1266.5275015090017,4,MEDIUM
82.92374078279327,177.87717471970925,362.9345347640995,1000.0,49.77502733846868,34.7980063631011,786.6715560149885,1782.5565459677168,1,HIGH
16.617381242394323,30.183613153793605,50.52436458617266,192.09074498441473,55.84453655883911,43.412014202510335,2053.3076345465106,2130.81912311268,3,LOW
11.878757405762244,23.957718159953814,53.83501552588055,266.7433219557465,80.92758600882907,36.70786951409614,2669.3773126379806,573.2173432105717,8,MEDIUM
38.55398246131189,110.59340588632834,232.48203660297403,925.9968079528876,91.70580535338318,49.602717832934644,1927.4751346887144,2500.749179753837,4,HIGH
18.248877162752777,28.706572447453084,73.5234961408801,337.9968552196294,32.10595948080698,41.78551253042611,2105.0605091986295,1908.4845620576639,7,MEDIUM
20.72555679711227,44.9266266841012,98.20393827131981,276.4907187089578,83.07944824940037,30.93237169377237,2191.923323124698,248.93917109847422,6,MEDIUM
19.456945108052196,35.362856989805294,63.746877918168565,236.97022573388622,74.12368795580888,10.964962073645559,1175.7049332763377,224.33892514336623,4,MEDIUM
37.15732352291479,115.29381283276126,201.57748620120188,840.3430215632617,62.138908225892266,45.18763779800854,716.5971972297033,2074.225833517171,2,HIGH
9.212526320005685,0.008285301686566271,10.557181719003703,11.623356135885558,60.23934302927898,40.70829839340355,1576.158795494039,2278.8714646354097,7,LOW
39.81882918400186,63.10748854855431,160.48726750161865,684.9276386731567,54.4538024989511,21.808460236817897,925.8494714037398,965.7237402462716,6,MEDIUM
31.747064457565358,99.66992577357368,214.38765470696387,490.1753603635459,94.40622742305048,16.597863431865996,2154.882228981048,527.7679532199274,3,MEDIUM
66.25855389735477,196.8103391109323,317.46904542819215,972.7905068210616,52.61060551946555,37.90397732768664,2230.2944246369443,698.5157041276287,0,HIGH
25.27247550127467,49.43652566746185,88.79688762994105,440.67124152327386,47.777320771615734,9.21128501397478,322.09224433215354,1207.0644742679247,3,MEDIUM
9.80210511978303,22.17633337656605,40.36709406539131,112.50959925897132,39.26132131795572,44.3625474771676,2876.3433162501415,1914.0321431365205,0,LOW
25.467824146290415,76.5846592505649,194.8725351143942,740.958252997908,91.43441547360426,16.34423480009201,2797.504551153356,603.7746156104511,7,MEDIUM
27.708563364881783,42.762422727242814,62.985935054349866,201.28739009359472,79.29979636126878,34.673760883848075,656.2350576256925,2384.3871248881665,2,MEDIUM
48.551876946915144,94.7033869141116,160.8134562164402,759.5699566820219,74.16447870752233,20.178098972239567,1590.0452625397065,784.1765662072456,3,MEDIUM
9.78117882184591,12.442291873368287,53.56907063443455,100.918554224048,62.963370144139716,28.86200547305886,864.3620473614745,2438.2178589515074,2,LOW
5.72189418034052,14.449598204233983,7.1855952992161924,54.77149355675973,41.94659323093707,45.03147312653826,2902.5782193053983,2775.904500343735,9,LOW
25.841722374662435,39.7126405252262,94.63470708633669,480.0306724227861,75.45785645056586,19.351399883531265,1828.2881946044952,534.2726345941372,8,MEDIUM
68.08815387735281,222.01319662948407,308.23718958509676,1000.0,70.38774776828049,6.6545345145328465,2190.4304234051706,2757.3065051119147,9,HIGH
34.92311799141635,72.99774121928684,126.54552010940752,466.4840225379187,85.47798730846846,8.869627958288774,2940.2907652327685,2130.839370486086,7,MEDIUM
36.28644866240036,83.82094234710276,178.78705441912192,576.200641341328,83.11312427492108,8.723751760239264,2117.103185711907,2667.210542747104,1,MEDIUM
7.086024329945168,6.470882506285369,21.826349077401424,75.80546056064068,46.52543603275609,27.950991589327835,2651.092665589704,1073.096601529663,6,LOW
22.921518738446508,48.01767663821621,71.00816312864744,326.3591453382129,90.40958700837896,9.164046374513731,949.4904760798639,2597.7998784235965,4,MEDIUM
49.147910787357795,145.43922538261492,288.0534488232353,1000.0,72.19412753686443,25.63346109201354,919.3568479318237,1456.5054435363418,7,HIGH
27.93666982466249,71.6588475021738,134.42301256208654,653.7845698691259,77.44611825856215,39.892765158876244,1491.230754694502,609.5132083031536,6,HIGH
5.343720299713623,15.771152161966375,24.60491047405015,146.82452130972737,35.99789464574844,48.99343275723675,2679.9874904484814,2989.9166572803765,6,LOW
22.595850594254017,51.81244818318913,118.90812102354114,414.50952513345607,57.833032258796266,16.07158859762642,405.62458085309106,2846.827220840211,6,MEDIUM
33.302643372804575,94.96581373853292,229.98115685849592,846.1716391390589,68.4595626460315,48.8333951900097,1491.7361274283826,418.2108088919135,8,HIGH
20.859306692091614,45.495713847386526,77.39426987704007,318.05783136868183,72.28355438870851,53.904203132377766,2527.251384001021,1395.7773607727402,8,MEDIUM
10.840953287705771,31.652599346423024,67.58558474750403,281.24475963439585,51.55297280606814,36.28538883658949,779.1220016335608,2959.278331384609,5,MEDIUM
39.33424358304329,71.70234660063899,137.6225045492963,573.719298543859,99.62076552654374,41.86102861494786,1962.4586892738846,1667.9297423308578,0,MEDIUM
16.115307371793037,45.30344372588485,109.81115927622974,204.22548470669065,62.557115924274434,29.1518734941197,488.8976099890137,1516.4101598051661,0,MEDIUM
29.790874373503456,74.78372915736959,151.92390040152364,721.6672777284051,60.53086881026949,8.742398821811038,328.0032943526505,626.3079155134933,0,MEDIUM
22.165813155074485,41.81561168219018,84.4007154312563,320.75338279094115,88.0609068002255,52.997028251500645,1161.03614048906,1287.5914073389179,8,MEDIUM
15.647988345805768,51.034674603677686,78.25383240049973,352.4213299219517,80.28769196036798,52.2633303467778,2475.237323699296,1519.6724618929338,4,MEDIUM
72.96002922372156,145.54254779237007,341.99814480093625,1000.0,54.35822833135225,21.1387510181014,411.60746236716807,2156.448455336574,4,HIGH
14.313078070048512,25.104153919407917,50.607898008264186,183.19488048551227,77.9158642061665,14.78705244061891,1284.9579638195423,1377.600147496294,2,LOW
23.51959427658616,85.17653329154028,130.68149622051038,547.4187690632411,52.268612177873244,8.274233823951006,2267.302712392586,1923.216610529358,9,MEDIUM
22.115383185415652,34.85215706357948,85.62017497851824,389.54254455558447,90.04038065807437,29.890940662010014,1296.6606540576704,349.473180835579,2,MEDIUM
25.39016925810094,64.6630539739752,148.35344811861972,327.3376167027729,66.060791165402,51.23844672878802,1592.7778138481417,2303.166178370502,8,MEDIUM
69.55251374168736,138.5942533809194,267.8301697517031,915.6740492973282,73.04547295145042,7.0470685329028795,1650.9431859077702,59.66262887023453,6,HIGH
33.331543296291244,106.12300071689857,169.6823852821104,765.9352297118758,35.183238850957146,35.5773917966525,2751.506670170244,1944.3577152010944,3,MEDIUM
15.531268887639047,40.98178451609289,91.02966297233361,445.2283274839091,80.2003501476014,46.778100134757345,2664.9075083100925,2487.6252714095936,6,MEDIUM
56.16939165000235,146.469313915245,290.9364575979845,588.6127134188055,54.12844303807167,23.9851251092737,471.7882458408991,2312.039219327097,9,HIGH
37.26927371354915,96.47262631726883,225.2369935377057,621.0816192969811,68.59040033157676,35.59883879787612,2168.9680080467074,484.5864282911933,0,MEDIUM
15.768549696640388,24.72127790464075,59.85138129821525,212.25071710732314,74.3724909824785,27.190661687842393,1765.8825098468626,2540.5300048737968,0,LOW
50.730199841446776,152.559869522572,314.4324520280899,814.8667761415542,93.91154563799356,8.269979102700537,1257.2040630130796,283.6276724388239,1,HIGH
7.012588764655835,24.29564631206342,24.99851335373673,32.277635004841,80.25169893581534,30.22304838121199,1629.8798748793329,245.7533837593628,6,LOW
8.882530967655427,10.746012393117471,15.618868903023923,2.334736953815657,69.11022002342308,9.452893381064571,2675.4746809225244,2476.689536823703,5,LOW
4.987647092386557,16.318992959202166,20.804831680835765,72.1750464068594,90.73904944623895,39.24847346107951,2387.256726046603,588.4351711220417,6,LOW
2.944546330150706,0.0,0.0,26.61897959935007,31.07384144605832,20.504877135395812,1833.7960050804495,1368.8239381370968,4,LOW
48.40778395958663,72.59853129410222,179.87088280110018,555.5301302654154,29.91527914125057,45.12514891822256,774.1300607015653,2813.0679500478254,8,MEDIUM
25.6162749263166,40.57103297122419,71.62205788092189,352.6144369925209,28.052158372177193,34.351803668067994,1970.372968416388,666.4429151963185,4,MEDIUM
5.474885450758545,13.375111220622365,54.201941883349996,193.00678215275246,80.97306195880785,51.75153695552346,1644.665045482025,2352.7220482786806,4,LOW
21.699011762367498,34.32452018378017,40.47775294071244,152.8117445350863,74.89057853409734,41.88711816285271,1506.5826046273773,1774.0974588542556,4,MEDIUM
40.69051105428176,91.91508379472721,151.8678550876306,435.2054421951942,98.48049739796008,41.24267610404225,2848.3405742999967,1246.802491827963,2,HIGH
12.353108249837334,20.852335722880895,62.207141967612856,301.60343687874825,51.55275798821638,20.2306400542373,2980.102110840854,1404.7307134669034,9,LOW
17.533800194777772,34.75611939259542,67.35909255667323,308.8332550898025,85.09005832633454,27.095839358583646,2868.6702362349342,1260.4161846115996,0,MEDIUM
75.14855892857895,102.45095738797407,152.66254455835198,452.38346852772935,86.39083291971444,42.27843370132937,2294.963516379391,2490.5440024566587,0,HIGH
18.768533676570748,63.884929221107576,157.48336835606608,656.4287754176954,75.7388888604082,41.10041805631876,1916.9422670398699,2451.257334692622,4,MEDIUM
5.937199641965238,9.677401137286694,21.642354171796427,104.13068141234943,42.403532644036055,39.61449687566444,1162.4699432168718,1151.5882831861832,6,LOW
14.797710034416916,8.104602036885204,15.821434625426884,34.81713161249762,56.49068581297819,5.3975536948576055,2857.388045023835,2106.8834544188985,4,LOW
5.100051764617513,6.460600202932456,0.0,0.0,74.98388107639124,5.866074311527399,1530.1746969787507,1619.0078453888036,7,LOW
35.195836473639304,89.20085650301529,152.7231096689964,494.3388548669178,91.70278437654413,8.373342572118787,844.4011712701565,2257.244814766018,3,MEDIUM
10.945832251806646,22.18861465974583,31.424244892936706,116.35633322064025,93.35292355335177,6.57917395559447,598.999065624734,197.6368885059629,2,LOW
10.65283770139152,37.46094109739811,103.84945800853757,520.7029847513431,54.50915791466569,43.64245293293534,2556.6180061147143,1041.3011257810917,6,MEDIUM
79.50468721090454,118.286293300182,248.4868866486957,608.6704738947979,61.63140781871507,32.34473152938927,1186.0447032751674,1040.6286733969423,2,HIGH
8.026464142294344,27.958736744605417,36.431199202952314,86.72757486921638,97.35707696216464,30.244777644877743,2368.799407659979,1810.5961327931832,5,MEDIUM
6.742992330019209,23.64059875531897,33.01228650613031,98.01682409350636,42.14583336870229,9.27997071246068,1993.9576312286902,662.5272102630298,6,LOW
9.299304437312687,18.767594083510044,30.647819022118064,153.4363977890998,62.98424697349866,43.73116398335099,1065.5112466808414,1618.4968712545174,1,LOW
41.54094762483902,105.89229904444477,241.0673036556404,584.7997386614845,51.3870799180054,9.642217256695314,2596.8072504991396,2940.5856017287647,2,MEDIUM
32.11520302537903,76.67474434113889,123.26798091762849,309.7025276083231,44.13963498213498,16.090685848718564,2581.1619334110724,178.34249747172777,0,MEDIUM
14.6455724635997,47.498286153365946,46.47820030562911,219.62932382035143,79.93515494564204,45.94546053573127,763.9227499702274,1535.159264842745,2,MEDIUM
13.597070386377855,23.826839470809684,82.2101674672599,368.4298893992121,55.07265413597355,39.62885779778881,628.7153340697357,457.95062544866016,8,MEDIUM
30.44328710419086,74.71503865326012,132.7739343748298,488.83888397164475,76.48140233547856,9.630662575319189,1921.3778012165656,1768.0836739509539,0,MEDIUM
26.314444085262124,60.02225855194043,114.02199739515386,575.2037355021092,66.80532458519258,8.6947008186768,930.2021595233031,760.5453585242803,7,MEDIUM
19.698844745104783,32.37407319534796,51.61665542557602,79.6826006758813,53.46920115477099,25.324850375811614,1196.907191742036,2712.4010245808327,1,LOW
32.87945487206115,54.94059023125834,141.096649105132,551.7892583309533,81.13310744163151,35.16968759215162,2829.1335684197365,988.0733857249465,4,MEDIUM
8.753651197426166,22.965393924508092,40.12582056898803,179.9570653414459,65.40635482347513,17.33803876796427,773.9976705939737,2877.0227286998424,0,LOW
11.104645503646577,22.15531905175795,44.90089906563886,126.55129890870056,43.25114885403156,34.2586915410267,1570.3306718757283,62.197511987138334,4,LOW
34.06384910295441,77.16043819013825,169.11097862201763,818.973433124393,90.91430829754854,22.97015190424316,1096.2411324085856,2504.738429708535,9,MEDIUM
27.84197635066728,53.03329319438743,79.662455812229,305.0873230334475,86.55889519639672,34.43155931792069,1239.4127615643336,821.9668241365125,1,MEDIUM
22.82516742837134,66.85514868527851,140.97032553176734,406.8124755089915,86.40707754595914,41.27559226100715,1299.2485599228228,644.7863030978372,3,MEDIUM
77.7165976776207,147.03980786568258,341.64962969854804,775.1356345831134,65.32884338062756,47.158106159051044,1001.9911905227351,2658.229639221346,2,HIGH
37.893847678963844,59.858738518796535,135.06412374426802,335.6966449955412,84.28997113480115,14.792336968685856,2361.4271055920876,947.9031661289154,7,MEDIUM
14.998127341685471,27.898661751715505,68.63920000466327,285.43724448809536,89.82930520131984,9.25602328066374,2492.05203003338,1772.441340036989,8,MEDIUM
11.94047019495081,24.47716303190553,68.62024342078925,189.59787445196878,60.25166960194055,10.919008448793667,1756.6966340274032,2223.4996448275706,2,LOW
28.77588914285975,83.2368561750899,130.1605382884187,632.3153429684775,75.4257060701006,13.268994659399914,2728.1192846991767,1286.64508213895,1,MEDIUM
48.30909280323437,77.28031797782485,169.75063351056065,408.0790285210479,72.86076970339425,21.217728767618627,668.9573035536694,348.9470193415688,8,HIGH
4.328817109175478,4.730743608750521,8.007874372105395,67.04402992957455,70.18266432422817,6.4317775221749205,1667.809922623983,2770.894275558349,1,LOW
27.33395590872839,74.15176079781237,138.33660585611136,618.5937869516268,64.32177796926496,46.62693308203277,2536.7599721882907,1960.1276476132643,8,HIGH
17.31009174778255,42.160544233693194,86.55292713028561,189.59928584111833,26.171893297326005,47.452756190279516,1976.466308778025,2682.572410150277,5,MEDIUM
25.610436104385347,55.01809009754166,140.4694713673849,276.22700213072255,88.11906873529877,40.657760142021004,2959.5088536779635,2314.793732342329,7,MEDIUM
6.287008037156546,2.841937341890242,4.795815898925083,14.326879728261762,67.61538264940232,22.824113989272522,1908.5090084846634,2333.246055456262,8,LOW
48.28631209642354,140.53436346420364,186.73957532727857,430.13520240561263,83.22069406938371,40.33744143231393,2892.077399358904,1790.1533305169826,6,HIGH
56.95933485808696,176.75311171154726,370.7074731318854,1000.0,60.51736777027732,33.73033083191445,566.5068611390966,68.27201122799143,3,HIGH
35.581499829830875,76.27636915525521,123.0526093396432,506.91321842738853,43.50737754669311,38.117276130817444,415.08708375366916,2653.8420733331973,3,MEDIUM
64.46685431455101,121.0117831906842,264.1754037892875,1000.0,30.96016098217957,9.3941861026785,1262.5879169021248,2501.2264577614255,6,MEDIUM
16.650927386591007,39.73788068450612,90.14940721890187,363.5484279167326,59.527990549396684,48.7358390907705,2571.60007907086,2194.6762531827158,5,MEDIUM
26.879260778859585,48.99992101704336,83.17880356859612,385.3895640083464,87.50384137225382,22.434002128582232,436.37542775663655,2640.5702091181483,9,MEDIUM
35.94082068110471,47.76370070944876,104.9823189081614,372.07934857162735,81.38172757520921,18.461264497893982,981.1987322836356,593.4137867874377,7,MEDIUM
29.042125152154618,66.48957248768433,109.47306454260605,485.4166453645676,79.58698516088847,24.5407146789671,2959.5497777438777,881.483453675928,8,MEDIUM
18.338478211467347,40.0157198644195,72.4911322115499,222.18550229345027,63.456277171434394,17.36490377479688,2030.6058060513092,513.508318194341,3,LOW
19.859240268135594,36.96895852987692,80.19500834288131,366.2499770122583,45.555901845016315,54.70846541732758,1361.395767405434,1957.5254905037834,4,MEDIUM
53.646130913589275,160.286325362454,326.2277124376314,1000.0,58.93662254041126,37.31073410312258,510.22658397066175,1343.2561273688273,8,HIGH
21.98785138481619,64.62203591494368,136.79902140001914,519.4529251648173,70.82625875374463,49.82056803073771,2339.1536313915876,352.80017192075434,2,MEDIUM
46.50267149635391,115.05433072077116,167.85392555918256,820.9758761947397,72.47204084901678,52.55131345031117,2798.3263210609866,1748.129214475486,8,HIGH
21.154216426448773,25.15071792949699,50.109469791014945,182.3668740013784,70.56766986025258,34.06202992260397,2302.16767623138,1050.0079810322875,5,MEDIUM
46.319659794433946,131.88207200277407,183.52940513234205,756.6375228566268,50.669078537176404,45.02592399411243,614.3107029489288,1496.9982377781068,4,HIGH
23.738784316019842,29.11811761926847,68.57112430235918,258.4451739097044,78.61381871652668,50.26446967327574,1736.0281133283686,821.0765205149863,9,MEDIUM
33.93925924483234,80.65380134029921,148.77529229271897,437.46587688488046,68.88139147237288,12.50044216498787,1387.4817873437567,525.3887750120068,2,MEDIUM
13.18948186750467,29.523355528038877,58.33663713674621,134.65109658302444,32.38667882545773,18.457926086001827,2740.9184240764575,1379.90254126259,6,LOW
26.838002634378974,51.110396906006336,114.04905377997164,572.6588445999115,70.7224683343157,25.080724401321888,2358.225700492233,717.1376919870369,3,MEDIUM
13.348413803213628,37.79088745914602,51.57573067470682,157.12116773317967,63.04456428708909,36.14211604523348,2465.3228143843435,1244.7901018857044,9,LOW
16.335078341912297,20.79315963812913,16.315669320738817,48.883121071473326,82.0007118056848,43.414855517975006,1417.0939408216982,1177.712185508569,5,MEDIUM
17.378014571505048,40.03550729414044,85.48096411041504,315.83205756769667,23.54120544870867,22.250212717456705,367.161619909303,2824.2540573179444,5,LOW
19.605017637816655,47.673073540891295,84.53167957647437,397.429411051556,48.50693437500546,47.13444249597462,2350.3761816360056,601.1915274315548,3,MEDIUM
42.84357413107368,71.12578221209986,147.4168392724635,614.3127103635907,94.4266240585018,37.71805496459051,2009.96334199895,895.00493658548,0,HIGH
15.849826144903481,29.08384897629096,40.40128259380213,95.28941992898557,34.49355585829508,23.601104440057668,682.0030063633476,2385.9997013131215,9,LOW
24.918296968508315,60.19084451738767,106.06332614640534,320.88751625732704,51.84936579535834,39.03569061965164,2343.2915448352737,922.7940426457349,4,MEDIUM
46.41719585775411,99.21099996440134,188.99434124948712,799.1925474821791,85.76843586203724,47.601726370924844,703.1114961188998,1466.7759186896362,6,HIGH
33.45905937232703,99.13303852048992,159.2590665844919,401.3001080824876,61.336439217551366,21.79757005122366,2297.148461871984,2297.7440106963436,9,MEDIUM
4.42560707095664,12.563221129002255,19.285684770882558,77.09696158361605,71.6741423681784,24.349098737899478,2226.757965514832,62.94353895583363,3,LOW
6.122538748920434,12.954369171497795,24.355039962793743,96.41261275571958,81.67983248703705,39.591695931704606,320.29683500267447,2871.849103938133,0,LOW
29.421006117633947,82.68617306055404,126.34494849685358,291.1079029743281,74.53719756582014,26.491108821756217,2391.896225029965,1415.3574838699687,7,MEDIUM
15.230423534494033,37.54357550481033,94.75457085171496,472.8094807770475,74.9249528803973,13.883397456803966,1400.6802629542867,2290.3767876084203,6,MEDIUM
5.320725568172706,20.338237884879035,51.50159044474839,194.42132207238978,59.102179634713934,47.70829861058203,1667.7744528425874,2766.3814183367667,6,LOW
14.368702997838245,27.144906214977595,30.839281471456257,143.6812712277569,87.01141006362143,15.077222136818598,2904.6685655216143,2636.5723897214075,3,LOW
30.190308943721924,43.56704885696945,107.28239147950744,256.4662974680221,85.81630138716876,17.317139452859898,2783.593047308115,700.1179756343565,9,MEDIUM
17.23042182926328,46.98955430651695,89.04677971962045,440.0128364446428,50.30138671907858,48.39077218877073,1333.2038224448252,1687.802420609534,4,MEDIUM
23.22544080806599,33.002007463553,42.573380504806764,174.9878152877325,83.63137390269242,37.097797077741255,2215.847904618446,1261.4316572154949,0,MEDIUM
18.431417858127013,40.55957103606532,91.76614767926756,482.81708485524496,83.64716574551055,26.58040542140161,1685.3314772313765,1620.4697119755378,5,MEDIUM
12.809528098825451,35.55758746223218,57.87403832031472,169.19878661362532,72.91091695094151,24.090467836713533,2519.9384248844663,2349.910632550804,7,LOW
26.47149068950581,59.27430201552432,111.29764401684074,257.48547729784366,70.34614767083808,14.161818824202411,1163.0739273616855,1095.7134700630713,4,MEDIUM
4.767837031792377,0.0,9.313571586103071,4.653333303794668,75.86198010926614,8.39581004404208,1571.5313569086952,1457.7686366893029,4,LOW
11.515763263896446,18.05809568377918,25.110143170544937,126.70145285560488,83.48464522896008,50.471097586087176,603.506061425102,1843.5386064637448,9,MEDIUM
37.79780996165823,91.22402032680854,202.74512727535182,518.4679097179148,69.22433518491856,7.23652305090829,2802.0377505509687,848.1620064251699,5,MEDIUM
6.312551607458307,13.209471393305279,30.84068113496632,60.97304241204298,80.00479455957647,8.083951369387322,2731.941070533693,1839.4839228408273,3,LOW
22.38970980360424,62.38798215346699,111.02669387969121,417.5484663082639,64.33491474748595,42.60508014125931,1045.3684298603482,489.2913806736499,3,MEDIUM
16.205579179626177,18.41868343836196,14.979873502878878,89.82265753252425,42.943872444784255,49.68719528882741,1874.027881219742,1883.8566815324032,7,LOW
15.030196472963194,49.03931552156249,83.01839356193688,334.44372674629506,52.66583407147074,40.485631169453974,1321.5779096202396,472.5334318610868,7,MEDIUM
40.22958953987365,89.64705626923677,163.58897372372525,755.5673741939062,33.44745825954812,17.103824358242377,720.6472168742303,2338.1968697261827,0,MEDIUM
45.53728822766352,116.62211684494349,239.74198473573216,948.8665053852877,74.74697676732414,18.53250815800957,421.5621728858338,622.3624070977296,7,HIGH
9.278999760271208,34.64292879209324,74.34404211797363,339.06355810948673,45.788174734732465,53.06889476743532,2521.647061069508,1956.0490746824805,3,LOW
19.725035832408743,64.04241672675538,105.45762054311348,388.67981657970216,63.67124948013869,40.004125343416604,1080.673461113717,1764.5335889433825,1,MEDIUM
3.5230550937475096,0.0,0.1973278019363303,0.0,45.76692565943799,46.390227219221956,1691.693017857327,1304.7277470425397,1,LOW
38.72711129667057,71.31815498039371,158.02145510214254,653.8017184513436,80.55287557043607,27.318384034589528,2737.2439378636777,1954.105007246939,8,MEDIUM
21.54669715327911,77.68344935547597,190.96062257081266,782.6497678242703,79.0959766985479,43.82616127514453,353.6911108590279,2547.222278436093,2,MEDIUM
5.901063057644603,10.814551372493879,1.77838586741386,0.0,53.4463275055989,54.038575169373516,1777.9672758377696,404.49897882524704,5,LOW
11.986277053756234,8.1815350248139,24.565130058360673,53.070987997874454,83.24361369299935,22.836005819611362,2879.8312770315615,2045.465497817831,5,LOW
8.562236980215694,9.189202789619396,39.003979900289586,186.7212972337438,52.32931929214671,21.026145763502036,2485.068085052516,1259.866108482464,4,LOW
11.421195333387503,23.29818927520798,88.48578414111287,419.45653617478115,51.75988727030935,7.147384207914666,892.140263057868,2038.0779620293097,3,LOW
3.909302720367335,0.4158827506111962,6.655444766546071,30.95236335873468,47.80099355184577,41.8511265481151,842.3648992159252,2631.3614393577614,0,LOW
53.275089231180395,133.8422515442527,196.5948158950042,985.5961089402431,65.442567322715,17.033495911038493,2358.713593130756,1975.870808146797,0,HIGH
9.592462062932222,16.905283567530837,33.5207168083756,112.15985187608837,73.39196404628788,17.695561436798208,515.2725214145203,521.4913017922368,4,LOW
22.350856464330956,31.33244495759205,74.43601198505255,123.4890013414392,68.19680842597705,36.60035998689469,1918.2783548174357,1277.5957177435282,8,LOW
29.99972486636422,72.3171692819602,162.62717052712884,408.92534490268366,79.22143259401443,41.941421354324355,932.0766560336889,1670.87352620029,8,MEDIUM
45.579911024854795,142.11009601449524,343.26680473382504,1000.0,80.13036157230697,25.373809570969986,2565.994450218027,424.28694619732084,6,HIGH
22.91507268745979,65.95460196282228,135.17923798230936,337.34122543858774,86.4397877703447,52.227086350934314,1324.4235538560376,1948.652758277464,2,MEDIUM
18.219028303233856,33.614427407600886,60.79621895391857,276.738338488443,80.00076252252674,13.085586625726915,1420.4255621268153,2154.06361875893,9,MEDIUM
23.61604857626322,44.61411454352538,72.16041706964842,276.70191031370496,86.3151139313254,31.367499544195045,2444.9214869898565,2299.4202371336037,3,MEDIUM
9.232817564521117,24.21051324213021,23.286762891945113,118.71749371390317,73.53538453754392,35.866481449045665,537.8367365711761,403.711472892896,8,MEDIUM
9.902564169765881,22.373896929659445,40.70976943708664,214.00776173754898,54.639415535441124,35.869065757948746,1922.5955417281448,2130.174668389976,1,LOW
17.89922801773055,30.06533316422936,49.084716306409845,230.58052087115695,74.55922320719665,37.84257153955752,2899.0734401075547,1130.2423703760453,5,MEDIUM
2.5238683120076684,8.307152611492233,0.46892081474442193,0.0,64.2664092119009,36.69416388598785,2056.014502075288,673.1229699252344,2,LOW
13.032992290321843,52.892000638912286,97.70632722892242,256.3419452764387,81.75027279612162,44.58512905579184,520.838456051875,1596.8209253399664,4,MEDIUM
15.439430333092854,39.02130238942857,67.38126056786855,132.2233249367293,90.67507709132806,45.704104518286826,2753.0383628530353,1739.520894976169,7,MEDIUM
70.70721648513627,98.7808532203761,157.4646503154746,636.7180918525137,80.38741309540598,53.87254057980318,648.1569185372696,1397.4538510155771,9,HIGH
49.468590821652555,80.13558186394658,177.31534184766844,597.8213143642254,79.23758847335367,51.98491924815293,1295.8861415449906,2530.4931039628104,0,MEDIUM
29.92445405662135,78.8747783266081,125.2183208330952,505.54599416933246,45.4377788386734,30.996375704328667,790.5321956434027,509.6006706002714,4,MEDIUM
39.374303626087716,95.41056949516096,176.52154725331906,722.320219838943,49.42385596945955,40.2973784403172,2249.002432907563,1251.102812205374,0,MEDIUM
9.829831182091894,6.245209633267455,26.250300067862327,102.75274926241072,52.686768512901516,25.121433123163907,1015.2076109809971,837.698020337006,5,LOW
24.074854825628776,41.922697235096194,60.217643360924285,129.34722065183735,50.997085069196935,37.53238586744096,1004.9945295226548,193.9604894882369,9,MEDIUM
36.17956803896133,67.1877495736544,135.82966803333122,367.9409248785779,92.25623518684051,5.372221348982865,1416.6105521113952,1050.2388691715175,3,MEDIUM
9.907768222002094,24.744292493053827,65.53035425287369,223.14315892856757,85.43833697877055,23.37963455231662,1072.4554640926212,2168.32322757523,3,MEDIUM
6.140064782910122,16.11538342662801,25.63851030366644,98.79489985704619,54.76798889236181,50.726758457727925,2418.305297620331,1593.5846062851695,2,LOW
27.775587030813554,74.44328744567227,123.04021252809889,459.78843007700203,83.21083192193322,38.75017360066415,1722.0447227638306,1285.3022849758543,8,MEDIUM
6.828684216127129,15.671491767986044,37.44944156716683,150.4161347553719,76.1929305085417,5.863988673133326,1800.9861310146541,1450.3791004400696,8,LOW
31.82947724635618,67.72026512716593,107.80249205133178,420.15219086027435,59.490673024728956,31.134338100211362,736.3907380714481,971.8806528977043,8,MEDIUM
45.06980999896233,100.19360082971737,230.19005306859623,777.8987445067746,74.95388070893078,23.294418025443015,2766.421774625703,410.3823781197853,2,HIGH
10.184176951718712,29.052297118315753,31.800177010248916,69.17492654850771,61.081178831656715,45.43877196206384,1241.9910856767656,1791.7678098207477,2,LOW
10.87091438712039,26.882518489780857,67.56350607666688,195.07418703144725,66.81817605393033,10.742221947979148,1318.9261241764418,2455.4079119154117,1,LOW
44.20397024779498,68.72165601576734,71.1941769450501,172.85819501236296,91.06994207564355,35.20315137576638,954.4509966877995,2377.7070737157032,1,MEDIUM
23.004762462165708,34.95845866316022,66.27432856677179,118.61664362151845,29.124873640843436,40.60350932403161,2892.506476367447,738.3582907400721,7,LOW
40.39004393800179,97.36068047211077,214.3360449852982,646.1432626123868,90.44410548581497,34.77274402918877,1939.0423957400772,1331.1486138379264,5,HIGH
18.400850309130618,49.92306928856343,81.70159312440875,382.3585306420915,60.43349874740156,18.721753470691766,464.5817326426457,1678.7607246966043,8,MEDIUM
19.45700724994707,34.13251784609632,56.413195557979094,187.6371040600836,74.30517785493237,44.65951848474982,820.0520924715822,2417.2339565567054,6,MEDIUM
22.573829501247186,67.9353149589537,105.37887935334322,282.02859941779354,81.99559897196531,44.67971864336277,1597.2052717898075,629.696631710949,9,MEDIUM
61.69020201575243,166.8080105983884,319.49843517607627,732.9693896383245,66.74490371694995,23.04648192458249,807.2011362925076,440.083778617673,0,HIGH
38.32032123049619,51.17465618755999,119.75069647145753,357.88746774847624,64.15147752363328,18.333570462748522,1933.5960885921709,2798.2895349883674,6,MEDIUM
12.684131020884594,22.62668612874896,28.931080242758558,81.82547131150012,72.68127154174849,38.19475370841866,1131.3224958349538,479.87347001770274,1,LOW
25.32644120881098,46.076767087090595,67.2720319625593,108.55916292432045,69.78636762339198,23.390971829291292,1243.9586561347396,2967.873400610461,3,LOW
17.44029111185531,42.562335264092994,84.50860056804615,246.21255215616415,75.36987460430325,22.26746551125845,2423.973213489204,1816.9719690847053,4,MEDIUM
15.029982626562793,42.42889433180946,77.66133353370739,435.4102546674276,71.76118024009553,27.527924620388745,1715.8063933354597,1522.0450530827204,5,MEDIUM
31.223940584391155,44.17549532245223,97.92560430497576,324.59972864922645,41.95694502133161,27.90452823993509,605.1766425613887,607.3721576551716,2,MEDIUM
27.00240700318036,83.18082057312638,192.67642139012614,482.13050042551146,70.95997386448258,46.481118093394095,1304.115621366551,2588.494231628886,1,MEDIUM
10.285961247713683,26.51186940362629,53.61176419960884,187.29475371652867,85.70909457181644,52.64095245245122,2720.1233218765533,557.8870141518878,1,MEDIUM
22.61470303743503,72.38366707779035,153.11166454393629,423.8721519109149,75.12233901664223,40.67314505458512,2584.628877496496,1233.7403841322566,2,MEDIUM
14.667652599583278,36.52462037541402,81.95206857183084,258.24879284627644,32.08054995247264,9.411720811398867,2351.5739003146587,191.70171119134235,6,MEDIUM
29.885904258529386,72.08493316519183,150.29197824282602,438.84409164381617,69.09455513570487,21.889249787729533,2577.5231677094184,116.51635353148221,8,HIGH
14.157033956258182,42.71347096531514,75.88438412166295,359.80321762353134,40.94792493730231,14.48068336951373,547.07413843136,2202.2504481792125,3,LOW
19.545441180894983,62.688974916340726,137.47401672291176,661.8342742072231,80.72892327792677,38.16325239264968,629.870181725817,662.8412485764064,8,MEDIUM
15.355952456733581,25.329679281408524,48.370661188461945,154.24458259623117,55.567551358993825,34.90703827845103,350.319763001944,1822.3332392411817,8,LOW
4.593041060924728,12.479623513939124,14.623915582916625,48.410052720545664,75.99173065556579,54.12270629026792,637.5738565575498,2184.0431541203598,2,LOW
59.73870733173328,129.8407199225224,277.835299560778,977.8419017385281,55.676923345035355,27.38482002876542,2523.5781830294795,1500.770613910576,1,HIGH
22.43525291155088,52.45337028880327,80.47993974091668,229.2436519972284,39.46554341490516,10.272930086612327,402.40793194677286,1986.4724164730294,3,LOW
61.07180158931621,146.65759922879616,236.1793034451993,1000.0,51.97981392685269,34.91967128565037,1555.9833937255971,761.3880889381016,1,HIGH
23.17318196540344,46.371412935486596,84.09793151049645,189.84160263856273,64.7217753178876,23.34720014048038,967.214068273341,2462.6929409464738,9,MEDIUM
35.08938546784949,87.60818020803646,189.372620879654,766.0943390739079,71.41913405783279,13.899196748737909,2547.746929429445,658.390172618813,8,HIGH
13.37545695947099,31.06312076528185,56.80786383133532,126.98564168723111,95.36019082020772,23.549432241639025,2467.736438400748,1792.3102117523606,3,MEDIUM
13.646483649542201,35.50662042780388,44.50029993201278,130.58711462406177,83.99072333272274,16.909183445237915,2368.1857571894925,2515.796704926594,5,LOW
21.538399889929458,60.65012324923803,145.96634387442325,423.47553699079907,90.92804480542277,14.860626185250243,1321.292264879386,2389.9417539649735,3,MEDIUM
60.72212311941861,135.7393103874143,185.6634937713888,552.990884134367,35.45375913951364,29.18201402030837,2799.095110241494,201.24581162285864,0,HIGH
10.595654688756234,33.04566215326769,73.22104858331282,331.2489282295203,70.21054549513522,45.5005376437873,2718.8177694724245,1133.1882788567968,2,MEDIUM
3.5083018609745737,5.184750578663198,0.674958199852421,18.4176162063316,53.05030639909576,49.28323369160528,2057.200248018534,2565.10691359381,0,LOW
43.53588479734196,66.80677265161789,152.2111092384157,388.13836785305415,89.7640178682008,18.0157867638459,1953.9994311219812,2560.273629746221,4,MEDIUM
36.54464892520887,98.86381025506289,138.3908283611178,289.5404052985667,46.79675061872373,27.42039738528136,1209.7532530109443,1927.4075071207985,4,MEDIUM
16.038110480547104,24.215463603755758,22.824754348313693,132.52477470297126,51.85069824290053,47.14457509208603,2286.899298313844,370.1670087759772,3,MEDIUM
75.98339743578545,218.22159235085243,398.92482994981196,1000.0,32.470486175454795,54.43386757095658,2833.9216546170246,1242.5884769499205,6,HIGH
78.06993766130854,197.04214023341837,432.65285640559523,1000.0,79.20050157359684,47.49660400589968,1153.7809118735177,2885.3984887699767,7,HIGH
4.264877764120132,2.17039972993582,17.408137475188028,94.90735468913816,50.517214711233564,29.70179769985564,1072.0099022827744,364.2891597223918,5,LOW
13.12398910290951,50.234137497229824,96.79254844597197,403.71502090229245,86.16513327500199,48.50679711068744,1011.6733673090218,2414.1399487826316,3,MEDIUM
21.42562037044253,64.11771710034576,113.26407090748438,444.0786089380674,82.63894110695557,40.33136387554205,2954.52400553484,1282.5714126721223,3,MEDIUM
29.32954215016631,74.06982306827061,102.66595832294932,241.2399949375282,59.87887776965892,10.675771734669627,1758.8576246064995,2246.9855898414667,4,MEDIUM
26.367603763981236,57.35595859574282,107.74825790353381,374.8137878667905,79.33754049981312,9.207076424771916,2912.435640797124,210.21827653383065,7,MEDIUM
22.37423667968895,72.95217120339738,118.82318109864939,478.7795940064398,65.6456256148237,51.81320741372392,1966.9245196588686,80.42769289596475,3,MEDIUM
9.265716280088627,35.01831895271188,62.18217941987019,148.26002334396117,87.31088344578836,51.222117698252674,1092.345171967329,936.8538556931934,7,MEDIUM
31.874071728025992,98.64109584966819,177.02174191393473,778.825256767337,92.33482045861803,27.918281639465366,1883.2689446441145,2617.030208614615,3,HIGH
33.10933623628526,106.88238186614095,242.29676576984573,646.9871973152277,57.26723997667311,38.091239960118614,719.7052976954253,2055.4095323339816,5,MEDIUM
41.54088690223961,81.73987719884524,178.6754491810704,399.06328469851996,25.478704464809937,20.2395987253321,1509.8708292051324,1854.8800990443453,2,MEDIUM
8.157593035652715,19.99271580978549,25.802414290108977,127.3617373671094,40.464680721926705,40.069933880409636,1495.7641586170625,2993.1544348505004,0,LOW
18.98862560913761,39.83068830494565,68.93635310497328,293.56894802568195,52.485766500070895,27.309216574197226,1856.6546602469352,1074.5227019251374,4,LOW
15.437283305295512,31.833376444943067,87.95326242973547,215.45510781458725,72.74651288251542,22.4241321353162,1345.552847548255,2558.2441937695326,7,LOW
8.020906282587967,23.271910024059004,31.317968699037543,122.12096042455622,77.30717304818154,27.03021800377612,1528.868582009342,373.513004542206,4,LOW
18.7645430155722,28.37173647060362,59.07947933087817,146.6697219957537,75.78997777685694,27.777705072356664,2665.6190255896327,553.6435541038786,7,MEDIUM
9.674653388357381,30.162431818038392,67.74074922287346,236.24952279820553,61.459796593180116,52.137980360321016,787.0563924317601,1460.3852719320655,0,LOW
6.860600736075012,23.144978952466612,38.601466103004455,121.95995348806403,54.99417321469933,49.24902109144773,2791.152453348315,2880.4640740722098,0,LOW
36.85970621615106,70.5521190581479,164.81980354956133,754.2371524441309,70.98592757576074,14.721699348949986,1754.0622583941936,2125.0382575968847,9,MEDIUM
15.971703283415788,39.521719728821424,71.70763289019926,197.16263842037105,76.0465059529667,18.92339656853192,1997.957852247864,381.9641612485814,5,MEDIUM
12.614714892103816,31.28124908200659,71.86083462233594,250.75497021192712,25.836005608816826,19.96874096678517,581.5156519627354,2866.976573806078,3,LOW
48.30038414053655,101.8598967726935,175.6668353268114,766.2329008575744,70.20345476526477,5.5785237809563695,692.1963794138123,2308.8693803016363,6,MEDIUM
33.78074559922158,85.95923642736152,186.58619908690218,371.8916792354459,59.205968003826335,31.52151379009467,2277.940826315982,2222.99167867273,7,MEDIUM
3.1060909984553686,19.039459023563637,28.12737692768161,68.36758980907628,93.53741722339952,29.134581098340956,2731.7829147094417,1676.8929159988459,8,LOW
29.462360924845107,68.8879239683844,80.49711517696149,307.35626214323094,80.88088264150363,11.23013669654144,1700.909676441273,1210.9219626231613,9,MEDIUM
29.366019516359582,48.14382767481726,95.02742422601632,344.0601068758457,94.45272759857039,54.51187730650686,752.320913637975,374.1980370448314,3,MEDIUM
18.182664668222863,25.57378213951073,49.07444417553281,55.5774998606865,88.60846541855773,43.06426306729786,2451.671397761154,1878.389032106887,0,LOW
17.667746411600824,65.80474090236086,133.03919816939754,460.58155953439194,88.38979962432941,14.154337925609719,2777.3343752008573,426.6869859193871,4,MEDIUM
5.158350660587103,20.5192794206316,26.390024711885186,106.04403660318367,36.83829414483749,40.266568901946194,2109.4800265710137,1790.3392906067393,1,LOW
75.43165645675434,207.71355480430685,300.2506033488711,1000.0,72.0779991759133,22.031679543450203,793.7311891104948,1641.9637599838054,5,HIGH
18.710207742194594,40.12038918979218,41.215324481873445,224.27342663649824,47.229901105569795,36.642379226123666,1413.669233241686,1809.7468873546493,1,MEDIUM
28.369722412843775,48.441837731338865,108.92703424295526,363.66748113505935,53.75380183928944,28.524544997102183,2837.5570368192048,2489.0137163614704,6,MEDIUM
19.49261174897455,48.65771341366976,73.10518267031138,267.03130374565507,66.01714864719702,11.942893672945495,817.2670412331994,1262.974366144385,8,MEDIUM
12.785782672172303,38.03470079242931,70.07198530500678,244.86240186281034,80.36467834926768,28.00433528150625,761.033904635022,1337.963997392622,2,MEDIUM
38.76562036393128,116.11588102344405,212.71362776160004,481.0379829439195,84.6162238820928,53.08435813763907,2194.834396880322,226.9405418593299,5,HIGH
24.78409674511096,48.86938400291709,92.20740339193979,407.25427241101534,69.6400656299791,42.406527144806496,1766.384931074859,898.832444219524,9,MEDIUM
18.828923734098797,53.38999793681329,119.47614914658688,526.4048011803316,72.61579875527589,36.32911179855279,852.7800930115365,289.01530462342487,3,MEDIUM
28.159744249212988,49.425456725004416,81.61595433159802,395.640040223499,64.86776363214524,47.17634366048104,1964.6018070809762,468.1868058719849,7,MEDIUM
20.846088325122494,68.82899146429077,161.6231704628887,757.0246481776751,91.0924201053324,46.43605682198701,2829.0217225962447,1309.050317924418,0,MEDIUM
63.74330275729071,115.04936886886543,231.29528122835026,798.3209412699479,82.85909583325967,49.41019592617355,2609.03112726789,1251.2218010830666,6,HIGH
37.89690610085948,124.08944487218113,247.5068089624004,953.5070887319877,49.16887950358312,10.442990103114099,317.6363587786854,2810.779730389765,0,MEDIUM
31.373993649074244,57.11670719454803,83.96006682777033,196.99193620734235,63.350368538945155,11.47252911215176,2667.3062496619054,401.9939804251042,0,MEDIUM
5.792405387670352,16.383690246880235,12.577475394390357,52.66649026234168,56.57581309903033,44.94471718606595,1992.635460472444,490.44276643349787,5,LOW
32.11945828172361,88.7087727111493,183.13920640568452,759.7787362429776,46.41903416552571,54.76710937715357,1021.239422863683,2265.0556104483476,8,MEDIUM
31.579154504089637,61.713926755150844,119.88407642124284,333.5147208186625,54.191312331616125,33.12716763150934,552.2333885564235,116.07587357767392,7,MEDIUM
9.82411318502907,28.474106306795974,46.991711988608316,186.98292744764285,71.85192400757126,53.21330247006419,2922.257209284305,1970.2918100373165,4,LOW
5.662652918166419,16.98241334555876,15.76642972646345,48.159582112571606,80.20653514989154,38.140724747187534,378.4017274023625,2255.3053219688436,3,LOW
36.869296648701365,101.58554598612722,153.47897211578922,706.6065506668577,75.65156557802996,9.265948956366007,798.4723595561823,1905.5115848260393,4,MEDIUM
39.9657951442946,85.93245170524033,137.41920273292857,588.197790083245,75.7585994508736,51.31264835869388,2112.368455244896,899.0246425937665,2,HIGH
13.703160890067762,24.70065098358048,35.54170183889323,210.8990246289734,61.86857275487786,46.96062350162965,2346.461567969087,355.581592480674,0,MEDIUM
13.214753118629496,46.412801953456324,91.38219684189461,341.0276181022978,77.4761453687304,31.792400666880447,1019.9914207564146,2982.8140059980333,8,MEDIUM
24.483103390728164,67.73436908529966,94.44304429208573,358.0396599100503,77.10636164217543,42.19533244347434,2290.0903418650587,2585.095043141451,5,MEDIUM
15.931673492533779,41.94099607834864,80.08945482899871,319.3919112833661,73.07980193905314,22.577694095071255,2365.9672896990946,2205.377632800394,8,MEDIUM
5.540699889960274,0.07188662552202274,29.079030107481298,62.23561964932713,80.26035221964207,35.789014125070665,2467.3626165608825,601.769005336971,5,LOW
9.72832183121964,10.495721782580636,14.190235576993018,35.77820007064508,95.91553462769201,25.661968868974377,2335.5890378219074,1321.1844833105101,3,LOW
27.657707139284184,71.8245426404244,187.42022490516032,909.8048676448797,35.36346717243236,31.35666093916133,388.1889117961385,2143.9683753716204,0,MEDIUM
10.205258423610768,51.60023542936389,134.44574769807363,648.4677762225768,78.34314840577876,36.827650501753794,2709.2309174963193,349.22534318882333,7,MEDIUM
41.30090196816242,91.17553150086448,186.25116320957295,921.8669226213227,88.50201956949063,7.693472749647974,1819.5047868757756,2874.1175231384036,6,HIGH
31.233532122688157,61.9324144689396,89.4839020986218,209.28074472530824,86.93858909055602,9.801171773644796,1463.8290592162894,2867.9370265686193,8,MEDIUM
28.42912166785013,57.113284131747136,120.21707332934258,333.780947475084,24.34770580160743,9.120622984606797,365.9705919178049,493.9607655708766,2,MEDIUM
24.121545648335648,61.466622710151384,136.61919177279776,670.0151396451453,83.40803224006872,34.74647325069553,1895.161566064275,631.3175735703995,3,MEDIUM
12.322565110483403,37.96341286034147,71.9747437565225,156.82986040138815,54.10973928452017,25.64538644651181,739.4509499113778,1124.0253366230986,2,LOW
34.17065595184004,43.81975670711191,52.943698189857734,168.86871436994156,62.56975058878058,30.003017395429193,1778.720969651847,1379.5187949790486,1,MEDIUM
12.0379406889516,24.508988357561847,62.1637258742443,224.01375328027098,75.28443683729064,30.014072104649998,810.8792608983179,1350.170275954665,8,MEDIUM
42.82386703656624,120.25738717545572,181.44035803811892,814.1277161012024,70.80421383647317,7.023531605941181,2157.3723728949863,2080.2022678928397,3,MEDIUM
57.462858063355974,180.0064385325524,403.68915505543987,1000.0,62.71741456250527,44.80294357510905,539.8832992891655,1437.1260816675249,0,HIGH
24.680385158854143,71.09230052350152,100.97999285922688,268.23052634977245,50.5069712110889,40.03440003678674,1921.0312177008127,593.5485530407353,0,MEDIUM
52.6524900856547,168.59813283729693,241.29964011531916,871.8213834866448,88.48977022042516,39.39505150689969,2038.2636231560214,820.015895412911,3,HIGH
9.844923523897076,24.458393880549036,57.581222956291114,166.67659138204155,78.15737950102495,6.712545984209102,1367.1620279756194,1263.026345367945,0,LOW
31.471961856693156,89.7028963736418,208.50904083049278,857.8922602103961,45.77881300989455,37.58590506747327,2776.3194630386447,1581.929873642212,8,MEDIUM
21.969465852236823,63.02587317077034,124.48333341827077,525.2557647144155,66.3601207141063,30.0228888004215,1721.683884148849,2772.8988798843543,8,MEDIUM
37.29131240537226,70.83140066436292,162.71472452755245,619.3418744068484,44.470238942992104,43.02838227571409,2326.3987970786734,333.828218101533,9,HIGH
3.3113694963572113,0.0,0.0,0.0,82.85310877100066,9.843574643483588,1500.1908003206086,2422.7956641963483,8,LOW
35.82892834223563,97.97857054167665,175.9547531020992,485.9820246118777,81.85145615421828,42.33542978884883,2437.6287267813964,967.0270761318286,0,MEDIUM
13.287090454067034,28.803968530051478,76.92222323377655,217.7160011778886,49.08851279025425,53.084409117287855,2722.980175435503,2194.7324323427983,6,LOW
22.75763071058617,73.43313666711875,127.79180670283849,614.8953755817143,33.04709551691219,47.54932182007783,1415.0697157955196,811.859595273285,8,MEDIUM
74.61564999622945,165.94444193692348,265.6252542697813,829.892531878243,70.69327844525306,49.70852799286137,2911.874899046359,1186.1759057167803,8,HIGH
32.189512153048284,59.827031365195936,140.46018539534927,551.3338509461742,75.29667832290987,8.79004502785606,713.4475879197416,1357.6075594078661,4,MEDIUM
29.3751326651342,73.65240142603722,137.89131311695328,441.0692923125661,73.95256520629272,31.482173031397,2584.6560364246657,2264.7850668753363,9,MEDIUM
27.75804910631625,91.3015775155809,214.35967004846393,1000.0,37.08862181302231,17.333123030709075,1719.75394554908,540.4509185807008,1,MEDIUM
45.77269523597706,129.26843476167764,178.6466174855957,826.0325503934188,87.68549355317028,32.24619822581661,673.7130991134568,1072.3293455569615,6,HIGH
38.14252710787829,117.41871480962146,166.4574446673127,396.096460849609,77.05029993601964,40.329236305933364,1988.3973241890021,1609.2264671489297,2,MEDIUM
27.970908792355463,77.10063089199032,110.53447155756626,447.1141052169618,93.08237884889762,42.34121153456157,654.5513515061732,1989.8982354848076,9,MEDIUM
25.627148027793933,88.87195837314862,177.69989888344807,615.1164687754807,68.73422462825852,54.57979841365562,2696.2099393832186,274.4046785196181,8,HIGH
24.447130238736996,46.4582571789304,97.4206461941177,445.0512033656634,60.552527136105105,52.88132458783827,2503.166248938362,329.4424198417906,9,MEDIUM
21.1075451382481,62.31183395973226,115.2191029909205,574.3138295755092,63.00046445476357,17.35768500161496,2066.65003268855,2169.5168025418025,0,MEDIUM
8.03538868326071,13.46406196077513,30.969425069024684,130.58585348639193,80.83884658850525,50.780764624530626,929.060494248159,1130.139109099896,2,MEDIUM
31.72514197114974,78.20488371560903,152.94406591233704,705.7382424740593,45.786492444267815,49.20071601980319,2899.568370267908,538.5658658228116,3,MEDIUM
14.357381329150577,23.003997116504117,57.15919065962519,190.58871820245338,77.29952990401982,41.17180974132042,2603.5420859151986,826.4438242722414,9,MEDIUM
19.28517479482033,36.99666730318995,59.82403098722092,199.30792111419305,87.7971028330569,17.88288132453033,2231.069848922306,1814.7331699433257,6,MEDIUM
39.858999282239616,96.16715845704684,183.39360797984267,733.2534905342416,60.8382264586099,14.412503642985893,1286.4944732475312,2862.2245459092965,9,MEDIUM
21.469331808661018,43.71403635409571,62.22748869569396,284.8311699960763,66.8172032797013,26.78036775604425,1607.2513800703698,2209.1390467071697,8,MEDIUM
20.276705253790382,44.402390489083174,81.78363852693805,235.38309876707558,87.23472507362646,6.952887395720138,1212.7702589773376,2401.317891801136,2,LOW
24.73298216794306,65.43767024048711,130.79637602108704,509.1176026327169,82.31680281816975,19.195825151716953,2593.3431852016465,1844.92326122502,1,MEDIUM
17.49789861177815,29.627556365027726,42.516332014845204,125.86233364469646,24.890286673186342,8.669233308263191,1133.983865108787,1144.9853955741257,6,LOW
73.60210857369105,188.04142403714704,336.1529315459021,885.3074631274928,44.320668024925894,31.225376783122574,943.4402807538839,2888.5139358251035,7,HIGH
67.26794012873702,106.44261173866096,220.1427136383902,1000.0,42.54799563581521,35.827362386357755,878.7346391561704,289.75761362468666,2,HIGH
66.15550219401145,109.32071495273294,181.13564466592325,476.23710511862834,84.73312840190263,10.565268416613284,1383.1390611908894,2435.4307033804907,6,HIGH
27.82176336484755,45.85126640612993,93.72707366843198,391.840709713734,95.27998886574697,48.69663092459424,1982.0143008282828,811.8995838354545,3,MEDIUM
13.647421720402345,22.84025597972708,37.31288721302116,166.68968808610407,54.99514880054813,9.839980593368137,2545.451867119619,1843.182117332689,7,LOW
40.56844437136005,115.978852349622,264.98953581037205,1000.0,83.05316262867316,24.810510406264832,2796.7104698261787,2948.0398282917527,6,MEDIUM
17.59960524094206,53.56091726640833,81.33533183569297,407.30264105128254,49.204305614668534,30.049081692191344,516.2357681680932,2534.760400417415,6,MEDIUM
42.929826756934375,130.19870933275254,295.63536306038225,1000.0,69.58946622575846,34.10609699557661,427.40976450149265,2557.9148238953535,0,HIGH
13.145750477805532,31.923343507716368,60.7990326910661,270.97401881483756,82.44096868659405,20.955270615705018,1279.3845205432472,2478.0503993428465,8,MEDIUM
29.213047909891515,68.69299074988956,138.93825507942478,354.15447666497244,64.4712267727788,40.65419939745175,2487.279000186821,1388.6915366240942,6,MEDIUM
46.93140885250317,154.0330124864322,331.94738828425665,1000.0,84.59418402226314,22.067990464465115,2749.987958544386,1209.504084303309,2,HIGH
18.34339632508331,40.87783403819876,91.51593907153634,352.00937322687713,64.9404684288299,17.63451639835629,754.817369372833,1579.7210846773223,4,MEDIUM
18.294124032569442,35.499198252702264,40.260077204177485,138.3254719762018,73.98644974161822,27.6588227601242,1071.5512455360968,891.0825927317718,2,MEDIUM
6.234905727630085,26.276297800428797,50.93916489229069,251.60471344329372,76.17317340627535,10.671624896774752,2735.2967818153106,1460.525600882542,1,LOW
13.470303484082718,27.28890992811692,57.96479905634197,289.37036927379427,80.85415258352567,53.307908706299244,1854.7041592506123,424.0484600327007,4,MEDIUM
27.44839674352704,43.70314106934985,69.5024422276714,170.61875176909007,51.78055700489191,32.504879852120965,1400.7800534633902,2682.9762129621054,6,MEDIUM
30.364695721514245,46.6296340177568,126.44862468392589,387.6388041458749,60.48409310736267,12.202687968828137,957.5441221261194,2220.2285841403045,7,MEDIUM
33.423415989643246,104.14451842401708,215.65101063175834,1000.0,58.66134128704974,44.80340491120833,604.816933645603,232.99029206202462,9,HIGH
4.145074382943214,13.17486714850284,0.0,0.0,78.01679543984939,41.01897408984178,592.8133127475808,1996.8495130318956,6,LOW
17.662884497378954,24.37251942628633,43.52671806964845,218.96510792120262,69.317884760917,26.525328780170423,2120.000494881454,2288.1588220605736,0,MEDIUM
6.954079737601312,1.5191372173094848,10.897701064954681,37.294413808748125,91.226935962112,54.18508530604993,2245.118615938913,2591.7551573811234,3,LOW
26.501273995076684,46.55268162268814,109.13327866351503,533.8866700147668,93.95328837973612,30.0307515934311,1287.348193012137,1020.9189093574159,4,MEDIUM
5.165758246479578,1.1821341458386065,19.953895716183524,60.57028974403127,80.49629518970514,15.637576395695698,1936.2007144750744,1910.6681343656292,9,LOW
8.902605834850116,30.432082988068814,85.75013441634658,208.46329855428425,57.93335049533405,44.56277500991542,721.2934350835349,864.4551405310332,1,LOW
37.7115465325418,91.48271835450856,133.71977627592358,651.5751346489625,56.087524454916796,51.437117766117005,356.57466212595597,2554.1980055107497,8,MEDIUM
14.723331762744678,18.758894267553764,63.38457166111895,197.602872324874,83.39762151424783,18.118654055787626,569.5297743345889,2631.721772953918,2,MEDIUM
52.94026539068493,115.91157196117277,180.27931434729993,595.4961670695993,68.05864109725974,5.336045224250226,585.8231899295779,275.8312262440826,6,HIGH
34.01402612039469,58.34934617746527,122.96167651002924,607.6268066455641,84.98791034357102,35.46400363202716,2958.8806395754077,890.9617062626276,4,MEDIUM
18.42027304021664,40.691660668208016,58.946298587069926,222.62466445845993,54.24701940207728,41.63900196091613,937.2368317155073,353.29182019444124,9,MEDIUM
41.68928194601314,92.74777154966363,197.25503602079567,577.5579476233279,60.346926850216676,18.042740403291262,662.1364522019785,1226.344608818249,2,MEDIUM
19.601298047780922,52.44752415121954,111.97641219227162,412.18283137814257,38.548837445765685,53.18280276549619,2447.544666500763,65.18991550574509,4,MEDIUM
36.2984861274203,87.77555513404928,174.95798133328992,871.8300630302381,54.76531133031391,13.381862697869858,1289.9823270507577,2359.3275814937747,6,MEDIUM
12.946419611508443,30.40698694746837,45.117091876432404,87.15836757382282,79.89746510655577,45.05783416877002,856.9043761335261,1322.7827937219784,1,LOW
43.28275748536834,60.278634347579924,136.6805767215482,563.0631136627037,62.611808687258794,48.81550699291614,895.0080394883387,1626.1610355794683,2,MEDIUM
5.660264574936097,12.780762414658485,21.214012990517254,52.55711214992924,20.509620209566293,13.544213858580907,675.4033945244585,2240.7230171173373,7,LOW
8.891091781485466,30.200677138327563,26.87524365632274,56.9511745067628,57.73853416772406,30.067191838919573,515.7445049560292,2151.355410045696,7,LOW
10.266975947364253,9.920805152702444,32.66318449327344,82.23936195021332,74.70782908777508,6.40234075379313,2136.3674755173906,978.2535495227129,6,LOW
14.061231009720501,38.76758370239913,80.91990113066069,300.7131378574184,68.05400343705935,37.09445630056369,1487.9549968567676,2359.163712324193,1,MEDIUM
28.127672704406343,75.99121008490384,163.2999179967439,659.9782432301547,37.729647427470184,32.32396446729235,700.7870934048393,1940.2347473603575,2,MEDIUM
22.305573377104825,37.55372174033162,84.70488649137015,350.4279483823497,44.83998445163468,43.913593918473985,2439.602504570307,693.605037410142,9,MEDIUM
36.576232282206526,93.97288888093564,213.06883979611126,1000.0,92.46616970471702,30.06388289130112,351.6377419809818,136.29338311356724,9,HIGH
47.35533459504885,126.68124230937164,242.80629739015757,1000.0,21.565220392263903,22.69421309971647,1462.7222388341982,2280.6815121596337,4,MEDIUM
5.06152887231543,13.781425598462784,39.529965988134336,59.861000312381975,44.755892894398954,11.833588807622926,643.7249154344909,538.6599404472411,5,LOW
51.07330470732503,138.20168098289622,300.73547084843386,1000.0,33.133985261248284,7.5536808655131695,374.98231243565857,382.21322974939307,0,HIGH
19.283272020546285,44.219499874662496,81.04271375937151,299.3314256184189,78.83541253233722,31.441601342131793,1786.7882016585502,1290.2110499940277,6,MEDIUM
65.34448568793992,164.78640925606982,271.84782563934436,621.5650337712689,40.83759126557569,50.94420317905363,719.6691443660868,2769.06791826485,0,HIGH
12.487693455153845,20.885543812474975,65.77282624191706,225.19911930205882,66.7679133542433,43.30024144881525,484.99704188194954,2168.558051160266,0,LOW
3.669714503344528,5.406531487037437,9.072239524227893,35.9665411938845,28.476030247886086,24.656033804655316,1592.6845104739555,2404.2818067498197,5,LOW
34.27130170556174,86.65066202638793,155.40590486741803,394.08686698574,48.7262873577604,54.18629459406148,2577.817516211845,846.1829280006125,8,MEDIUM
32.85292801574195,93.84645816426166,153.3723163634036,506.5668129284152,58.137758405175866,14.20000381062016,1611.197894399984,2513.403189140315,9,MEDIUM
9.099788308146422,7.428741363632571,17.464089353176924,104.22905558907817,30.091627974195074,54.88144777060921,515.0665418495836,1275.3724966293942,4,LOW
9.913499239991417,35.56878904254022,52.264816463726156,174.3049578270845,58.60676373979772,16.506788935924572,1121.763289617515,2939.2240499858967,5,LOW
38.40165202431605,105.37033570127349,224.53995659214036,1000.0,86.13862991344911,13.41093008082473,1504.4497628218617,1730.7748688992197,5,HIGH
29.064734959046408,80.39396224344266,153.30292251190605,368.66608296677896,58.98772591904651,47.916615047327454,1059.1205398767124,1838.3906090615253,4,MEDIUM
17.872921291739946,24.076037528922967,63.26806083086923,278.56200303475816,59.63011758160335,28.44267589908679,1211.3484062046084,2749.641432009162,7,MEDIUM
31.097939709119967,67.9532123976259,138.47804669024754,593.3316528439668,56.736600515188506,49.59288003737818,1650.4543307931306,2847.7856793768747,7,MEDIUM
27.109522725011608,31.03744487332314,65.43879944108245,219.57462816322607,94.4566590487859,42.40201232830802,2844.6689928068886,102.05662416778785,4,MEDIUM
10.831761517334403,15.99338418644529,37.371256983737695,151.4490652563208,78.90049981863189,12.836501684738018,2473.094768672,735.7501951890764,2,MEDIUM
40.30904576530905,76.70756362836926,178.84581656599184,427.5777920495565,56.15017818621164,11.096213946902662,851.8163584203701,1862.02285522134,8,MEDIUM
35.29180470628815,74.39861095169404,170.2138912706263,430.132235925796,83.03286109076696,27.338328279834442,2420.197474219795,60.662503019326,6,HIGH
22.67169551068257,55.7927102423495,125.9916929678383,440.7790685081499,85.04215343780142,33.077241922911135,1365.2702641801059,986.7142884146609,4,MEDIUM
38.418267484462234,74.52762752282756,141.59860203550113,365.9976672887006,55.837080640469985,26.160706248139405,2502.4337259137874,629.1260593973034,2,MEDIUM
70.53111664085867,225.4728051996109,500.0,1000.0,71.11617952998866,15.5994379765616,1966.1892560372262,1594.2574428232565,4,HIGH
9.812548934410156,32.95691135951851,51.5046612357414,189.12408523420424,79.73388535018687,15.876520384067788,2133.2576465356688,1812.0736709283678,8,LOW
18.481145200614502,47.5449278946418,82.47056469896108,216.38826516118272,62.460494979430415,30.49545083898209,1277.6759780479078,607.5926381486803,3,MEDIUM
19.168391535295772,74.48977020761828,126.71304358394096,456.44808056621906,76.82220705058013,5.71496800207168,2225.617338305416,1632.340835489783,8,MEDIUM
37.86356876010488,66.3196516408163,108.72987615728266,483.2708308084903,49.1295466222198,26.947408777622506,1827.3639586067752,1220.3410176262712,2,MEDIUM
13.924341890813377,24.13967940259224,63.23978820157713,186.46615636457466,72.80816441215762,6.661253426882081,1970.1442149493453,2973.3374344191147,1,LOW
36.47349923834377,110.50333126720396,232.3157387023885,992.1870457524205,80.58635008618279,48.656745901064895,1777.0217091928935,242.05315231339904,0,HIGH
15.25011500211727,34.32766060408645,60.237305843333395,130.7816879379097,56.38043448461425,36.0055797999551,450.63484329490825,2530.021358153065,1,LOW
8.854615576111554,18.57653299253656,45.299775333735404,192.19866857798715,39.61406458269343,13.009418527410595,1580.4687437506516,2998.468885914204,2,LOW
23.638098652724963,48.27732500135884,124.05417457479398,458.7923047260434,80.23251667634432,43.4283376147137,438.3902864887232,1647.6955718386264,7,MEDIUM
14.992390659715388,30.48042633198319,43.32215460885865,167.6852889593703,37.00666438385078,29.630816813503216,754.9535342784825,2057.689075320509,5,LOW
25.324182796043672,77.67182164362454,174.35781385622013,654.74589688833,56.6251876657223,30.535332715847726,1584.0992307059494,427.4444339799649,6,MEDIUM
29.665610883601104,56.154887215198826,107.98224029598842,369.9602552733522,84.69036418542969,17.80636410863327,1396.6708734756132,1084.925254606632,0,MEDIUM
5.44297863745529,17.646492473012827,35.60392189728782,167.9326767918842,47.1871522708588,24.687821493998527,429.42971182365955,585.3945312885251,6,LOW
16.363771570720512,36.08197572056085,82.32560921535614,167.05464532561,32.23888177442616,48.907696322468524,670.5070676264736,1770.79635869179,6,MEDIUM
23.651952023657522,44.37123630580193,96.27779892531083,214.98983580220602,80.26849881764993,12.360021864003302,1556.293342899657,2829.16330868272,5,MEDIUM
38.52664031496461,65.51706718413554,155.2319870589137,386.0638192239418,50.62603743918116,36.185354925606234,2912.6807860780405,137.30115523978088,6,MEDIUM
35.46498494133546,100.19952016881248,229.32138586363223,925.8546262836991,64.08947534341985,15.844965990557698,1613.2688511945726,1508.6161367624088,1,MEDIUM
11.613033123812592,36.69086011475548,44.83180765569101,226.49748993277726,92.64016306399566,27.240218506849622,2385.8944758731386,2184.493837218406,4,MEDIUM
19.872146412784016,40.732249789086104,66.6637041404612,141.38812548954166,43.68120865924855,31.651061961380407,1496.2570955940598,1320.329489681423,7,MEDIUM
30.722624993634085,84.42578061718896,160.80556257171747,777.0154592188276,55.854703968092814,11.089486542262911,817.6569992645324,1639.6656434493934,1,MEDIUM
18.870706841231115,16.869312629805936,41.52989043445724,181.23217823259617,74.20473101298484,8.925517114360282,357.19170341438644,1386.2731933925081,1,MEDIUM
12.557886597272631,44.79841983590535,82.88727153139823,209.51636827875507,38.9508532374335,29.202962371596126,1313.8312145714235,1812.5957112562662,7,MEDIUM
21.695146725133625,49.35136165850836,98.98287815448225,245.99821734863468,53.92639454693666,25.46718186353697,2782.626245300681,252.30445928333071,5,MEDIUM
28.780405142813176,70.14830024310736,83.19325201102743,302.07455657958945,83.04613420387919,51.049768672290284,1177.0264390950956,1663.0445337007359,2,MEDIUM
10.704436727207275,25.35672402128097,52.85167966629546,142.71094168518349,56.434298061687706,39.89980973543316,1295.0239269137346,1559.7516537870322,3,LOW
32.99334460885282,98.27160162089785,213.4851727649704,913.7728722318925,79.95074089536902,49.8406277561853,2170.3427527627937,586.4723250536732,8,HIGH
24.644553285411945,68.18856836789837,104.48581531419086,362.5058733298523,72.72879110114474,51.415226752122884,2289.6646617110196,1627.5144585842772,3,MEDIUM
33.79805824406029,55.5076245390306,93.23242815672829,300.97028928110103,83.69230878639334,5.953276450768642,1942.6382040070234,1416.2903314262048,3,MEDIUM
21.348561513688384,56.409175996460284,102.72481370920565,410.72502490108207,79.47169855201385,48.99305714739031,1213.214019652776,1799.8713131963525,8,MEDIUM
63.90080863573281,116.71214856829539,260.33822718518695,715.2644624547937,47.67062954319474,52.92379794165193,2852.1908779138566,1713.284806839598,2,HIGH
28.4013522617789,46.1867382166012,113.75413887586002,532.6475793933332,70.92438639740789,27.632148345602047,1251.7780570908349,1243.5358683454933,4,MEDIUM
36.368278414284106,108.89595822414874,178.75792134756736,694.8830843721125,72.66678048307409,36.79938134060443,1088.4264836254983,2354.347162525354,3,MEDIUM
32.90398652915361,86.75065507582006,140.83249706623715,414.6582387174739,36.88460813181242,22.29886618895628,2576.531065344959,1104.4951092764886,4,MEDIUM
19.682681738545973,61.879487248280796,151.8688491931746,547.486225042527,62.65460872310125,9.932878799617935,2825.099810117569,1449.8848834068472,2,MEDIUM
26.685229921257946,29.36557647199106,50.36355958943955,141.23295149731834,43.25713036811832,18.130239442564076,2882.720819221207,1307.9099400723587,8,MEDIUM
14.182689311674105,19.17951646892099,50.52208909947011,250.518432726632,80.29017330483094,9.027207604812922,1739.6892317927116,1483.3229467150802,1,LOW
60.99356700935388,136.1072741859074,214.75579663719495,753.6146396296798,85.95699499872373,29.339541343344173,2647.6267555125605,2410.5395886526508,5,HIGH
30.565394132498206,83.48529289059925,146.86429481026067,705.4003869329266,71.56687336169256,37.679348565108114,796.0174848782947,2143.501453779003,6,MEDIUM
11.96432847504411,32.865691128323206,55.47876946904458,326.4310428518,72.18538615740003,5.261306725514066,2700.2975549697817,174.60183736048523,8,MEDIUM
52.36677959981566,84.22677076051156,184.87269928796454,655.9308343298567,33.832029915068084,16.44318002077361,2347.11788569929,1509.006158480041,0,MEDIUM
20.422757698857378,31.12821281760189,56.46060698876875,256.16220901611297,54.68247657568676,8.688426203859159,1377.8055191953365,418.0236594343073,8,MEDIUM
39.77508338291443,106.65358474786842,232.33567446158835,853.9460650148178,90.66591687656951,53.28713183370096,961.9980193178759,2201.5615159405193,2,HIGH
5.299078024934703,14.376054315863058,22.93508105132854,38.14219889304723,66.21047748188876,45.15556288050604,2351.0544403528393,2960.7481989111516,6,LOW
46.36474941720667,134.82186904551392,310.5101754096453,1000.0,44.35221172761466,6.549450822531701,1462.5794857141814,1875.465991906028,0,HIGH
29.722486724787473,67.06059898918872,95.94944812236976,304.13723591227307,72.1239597208474,45.6993931031165,2942.2617393983815,1170.591297999262,1,MEDIUM
11.197969857596274,36.53098208677604,46.88284213484566,163.7209950306932,38.226838946361916,46.36311637421209,2607.4207436743377,263.3271017508181,5,MEDIUM
29.37258067897242,75.16437713570149,166.22221555035193,641.6742177572705,78.79221133962285,45.26198795426475,2434.163706848506,1031.07929548893,1,MEDIUM
57.15529814105193,114.80602175640725,258.5878981143713,548.5709789249304,85.09576450860658,48.92096382760439,1201.2388528005858,1599.6101516615574,4,HIGH
14.51367224463733,31.043192699057208,69.2644493288582,201.40661925575841,85.28290840512702,28.42129833868419,2221.459671826926,2648.5324946846717,4,MEDIUM
14.36335566358997,46.34389599707014,96.95203688883804,229.40106081246552,57.49537939169193,16.970671648375024,2340.9971117690693,1563.3308068905026,4,MEDIUM
19.46590007177685,46.44689561690524,97.96396852319434,246.73042042171755,67.27760195888072,48.52239928341014,1405.5099679795971,2954.072973013978,0,MEDIUM
23.495730796132435,75.1299385798639,152.93275591353762,582.7070730278181,83.36171519877057,46.73234214963643,555.3767536071812,1139.0411331887944,7,MEDIUM
41.484377167383904,98.50971532582736,163.76350636619713,372.17435353891653,77.7262631564581,18.735468388714885,2285.2661360996835,51.44960721838805,3,MEDIUM
30.84307569008305,51.20633063305881,107.11886483643488,477.8191411247233,88.73460153063128,34.0359638097186,1095.0579728569924,1904.4445732919667,7,MEDIUM
19.453610619825877,53.77971684769082,114.16781756543719,379.2421742748419,93.60094672187958,32.84692712667608,658.4573625066373,696.4603426357124,2,MEDIUM
27.477088947090195,59.25329672230861,134.8606984964426,459.7647156029296,58.59401265904462,29.37642323906868,415.24377933385244,769.164680966396,2,MEDIUM
63.096515398554615,81.90426704415206,200.75753638186268,602.4866541913879,49.2928178021329,35.43062228620161,1183.5964959837434,101.39695697643432,0,HIGH
34.45986071396129,89.46410033092035,185.60201486672383,427.6641584628538,66.96374907903767,9.198483538803632,1676.846596678316,1617.8431838122963,8,MEDIUM
20.98862650134334,31.26815012928706,65.76427805978634,277.2564443502901,72.69557880243883,27.732190008800018,403.66994117420455,780.1479341090082,3,MEDIUM
19.039465790976525,40.647510416520284,84.38413438495532,247.00736626555968,63.221284353899044,18.99359595675363,1821.1839073549397,2983.156214041879,1,LOW
26.37649774124653,72.34493963236805,148.65311243590492,563.9985669131682,61.17433116062995,5.118633101024984,2717.544470229774,2515.188304448971,2,MEDIUM
41.155125177647776,102.19389405959384,151.73179529033226,566.7672173273121,80.74532987391252,30.958740668079432,1914.3941516811547,2177.5106897401724,1,MEDIUM
12.963582843400467,20.336858561994465,60.76682986502366,186.80666029007656,87.22171990575215,23.23518806633239,1716.3853363903186,1093.9800982267568,1,LOW
37.56706593976903,74.23155470449393,124.8388944660012,443.20161223183806,82.21249273832993,26.561896543507906,927.1165449114817,261.2115517857658,0,MEDIUM
20.687835956704422,48.09533741031803,76.92179279064605,232.97921784216754,84.90607717328945,10.567531609392473,1485.9720998495718,2023.3814113620138,7,MEDIUM
22.92165950266578,50.35577341620716,118.6801418841548,328.5283102439142,75.07478547337605,30.28102660935017,1921.5286067486647,115.78942536604009,5,MEDIUM
94.96551443974263,280.2610750001314,500.0,1000.0,36.84863107729971,18.506295036875176,2635.7716329819177,1352.7227043707803,9,HIGH
35.114153524333204,83.14193076807825,206.9350419067036,431.5100112684221,52.353050267275734,5.029103709474204,2680.9646878726094,205.67248842068733,9,MEDIUM
15.353429232014507,54.41087844752842,64.98507802761753,233.26363781134305,24.76739171004202,44.00055001084575,1520.2071300350594,1701.1379624163785,6,MEDIUM
29.664623141503895,71.93513015050264,128.27556386972236,454.8627398090065,65.22115567872407,36.39193261481934,795.8934779206365,1700.6484986241783,5,MEDIUM
42.49270622602287,117.13279322190931,210.48511331853751,712.5228995945455,72.67242737951956,31.395800143649062,2209.907259139689,1615.3160632435697,9,HIGH
35.367532526282396,52.08610349988543,121.05781430473328,572.5323106465687,37.34305677585418,36.10284825285162,2866.5385539522335,2158.0319250217144,9,MEDIUM
3.024983827247036,0.0,27.166083231235817,132.8230934789992,36.2302243523408,21.183328759114495,2886.338426392499,723.0581386222132,1,LOW
22.258503712583988,31.09458702583619,53.5289708893111,174.71185550446833,81.70228997440174,11.151835163288204,2988.2622121148047,764.3967694237285,5,MEDIUM
30.539525859375882,36.25993703448447,75.88423212333596,265.4231948521711,70.6930655286543,22.84635096939804,981.0319791851043,1277.6817230340544,7,MEDIUM
28.911300686594977,87.4228985795887,214.66325142044428,727.5542153112266,55.34923549889494,44.44392618660701,2559.6938588694693,2123.1732737709917,8,MEDIUM
16.30573302562162,49.39512633690458,109.6583084518296,218.19131815059538,92.54115580488657,35.41330156117297,439.601023408674,394.419804391516,4,MEDIUM
35.76563022018489,85.37569662145063,196.18839307866423,880.6497225238704,61.46976496869237,44.56213743938049,340.60226634722835,2663.3690658323017,6,HIGH
46.492278978169765,111.10013542934058,217.70577869379343,769.4510085524818,52.24736819973399,50.11407557112131,2119.1703753683996,794.0256670481865,4,MEDIUM
5.6118246380812655,12.08735323044356,13.59649751378736,48.57508893273502,59.764842041285405,17.482868797272346,623.6805479814168,427.2664336138934,6,LOW
5.1183011449728735,21.675718077811922,47.82778483685412,126.71683993737139,20.77387547953201,50.72139763516898,1348.5716019625058,1816.9739403074236,6,LOW
29.489011749891155,80.77831910523436,192.2397349739361,784.1581241012658,34.592464295391636,38.129951568507906,333.62163357358924,862.9671689641807,5,MEDIUM
37.70950297090475,90.22675590087019,209.84700304430433,742.7011809595277,98.31461430094929,33.03890976957331,534.3366503897895,1255.8502806092843,7,HIGH
14.561198237787771,33.60402424105118,90.13494278613359,200.62225075668692,75.12864028903489,30.160476001589267,863.3720411368971,230.28799141300328,0,MEDIUM
3.2283505740838123,0.0,4.025232801393528,21.764570563302577,93.46253427005202,28.436010458306733,1797.061074756919,1421.6440042135353,0,LOW
22.52129582850378,75.4119217615894,118.42663308654559,269.5820210285926,92.30842692079084,8.694896551061682,1196.2400905773316,945.9011537780027,8,MEDIUM
29.20361582467637,44.30811086219757,83.99987154420197,441.4832089050728,95.60339738819972,7.732021444948907,1822.4133835438981,550.9752770660755,3,MEDIUM
18.339554554614317,40.000203060171046,87.90778128930924,265.22381730534954,97.23571681655503,21.548763374164476,2052.22753689357,1189.6286973158376,3,LOW
43.17199554360907,139.6908493864693,264.0380850280566,1000.0,71.18886826068184,15.177755402923982,309.086903943548,2321.6981760214408,7,HIGH
28.02089367987015,61.28729139237653,95.11962566807308,456.6741418090194,58.751000259656664,9.330577215413783,2588.7874742777162,2302.7679633067255,5,MEDIUM
13.381491729616759,10.117597818588346,3.954139128462554,21.255951217739835,51.476942469364595,6.221863398875489,455.9130262086684,1113.4336535147,5,LOW
14.474427487553811,35.886300549359014,78.29843503446617,348.1891862417814,86.1853623576361,53.91939501840134,2657.247444338795,2923.995916069646,9,MEDIUM
22.866451043416156,52.75005033672482,130.12780624812743,235.01948479617346,81.72255511063756,15.604698733858948,2935.361983334187,421.36417522274417,3,MEDIUM
17.439275316643798,50.138302186558185,102.39426144137532,232.2853680268858,44.387670131253905,54.234494371670166,2739.5047369077074,2571.514950399839,2,MEDIUM
4.801375341598941,16.648222826808144,29.34908558947751,86.27031434334705,57.98100411102523,32.22508383010174,1763.870443390646,2937.908505053504,0,LOW
26.41473231769393,46.65099863149244,78.91921901938295,323.8124734804526,70.59991959835126,14.591625547791155,2378.0968488162953,1740.2314342234372,9,MEDIUM
14.76765524488615,58.279175057392735,70.59068668269869,161.2295732371569,83.88368279773458,12.265055545211503,766.2417712305553,227.39456941469285,0,LOW
16.73316798310528,47.48980388004768,133.33081808495635,478.748911568455,70.92007825530668,15.04022819454512,2830.1496704114697,2767.065464568697,4,MEDIUM
9.738878184553283,22.151110459761625,22.836969699896073,120.34549894604456,78.83764979551223,23.1888949490586,362.9884633518107,1339.0349017484086,4,LOW
58.09451389733537,106.7592422145749,200.82225621851128,952.6389333536389,96.71869325510988,15.249576211958228,1788.9937589033407,557.0711837360304,9,HIGH
33.76339569821061,65.08537053169567,130.83501163601522,381.6733146703743,73.53357351006224,46.401073614834104,1545.2101872321357,2679.6978458666144,4,MEDIUM
67.15171636216643,101.60837174461443,209.03300551638017,756.1007123659616,56.61247316403952,23.351602693087198,2451.618017182778,1309.294281676759,0,HIGH
18.27245465097475,23.822673137417695,54.780618132564435,191.3663284324399,52.91725270047516,31.347261089698588,2311.5895162062757,1523.1921456519356,2,LOW
35.032631649719626,83.96166519756629,201.64308486693608,546.8350263303452,86.7267276395638,30.06154390179629,1191.4832134010853,1734.5106184883634,5,MEDIUM
26.730287936911328,51.68448817737506,95.39289880265055,425.2928966418432,78.66135624836392,37.976859172206105,741.5270703156027,2724.4725877917654,7,MEDIUM
13.792111353329043,43.74677929860494,58.254593928452486,290.6137178982724,90.86117879047315,54.870073016879665,2444.538341829952,1536.0612101410773,0,MEDIUM
18.135816864593366,48.443370573905234,104.89386053643496,276.7719498973602,82.71836121303016,27.178145401281395,2939.189323827864,2670.203483804253,7,MEDIUM
33.72222433747133,49.98609875548053,108.57209691146909,224.58462206629378,89.3752661766036,21.132505239107108,564.2486885669044,552.1784770736508,1,MEDIUM
9.727125825296376,25.491004444265226,53.57799130394615,152.54569698264217,57.16736129958395,53.70382463062447,2278.795123712465,1869.2797395777343,1,LOW
43.446335719885184,115.54301293395153,242.5327150187689,818.0593647474464,65.33777406405275,54.88113263956176,1692.355033131472,1600.2362151483026,1,HIGH
25.246353662265648,67.39828417577189,129.29401702913256,291.7552966718677,83.66882134245965,44.04663696323898,1142.3626982570152,1008.8630704445477,1,MEDIUM
39.83770426194195,74.80022093208272,176.34426246787615,411.41971584986203,85.95560030255372,44.88349468095728,339.0075197349895,676.9607486341301,6,HIGH
29.281339045446636,90.04534018010672,141.55061129125235,464.56303876242004,93.30758830135643,25.366208071845186,2254.981203475053,256.3228921735609,8,MEDIUM
5.65442007895325,18.585289976658085,33.29965617066665,93.19439623876248,78.01822186912794,31.945113906676333,656.481782783593,822.1179244243341,0,LOW
22.27054853189422,58.11351645475051,93.30109160126017,440.9790517716347,41.444861571085006,22.590549863112017,2597.2024717866793,2057.7367341390873,9,MEDIUM
44.04987212934076,97.10701964722054,207.0056603769245,864.6969818167747,58.4554107575757,35.94261019790255,1014.39491808081,870.7160080361809,2,HIGH
24.99091386169828,55.49895379447065,82.35968964614116,319.08379919309874,86.75472884103067,46.28697925969147,1899.3290988922704,2197.9198262422274,9,MEDIUM
22.675753779778727,70.79862855280597,134.64289515381722,416.77110809453313,53.65716496921085,23.70330047904547,1067.451569043421,2631.7000137680106,8,MEDIUM
24.974102631312334,50.36537276495442,73.69264269392943,318.5139242036529,61.54728449930602,31.759665576413894,2196.1012377876496,2098.2006401962885,6,MEDIUM
4.431568003758965,34.54867415181995,70.91864163519153,219.6286061624965,47.710828748901996,43.74849745532314,616.3062347202483,2424.954082237459,4,LOW
46.968662312527826,139.90220030004718,275.9198851430869,1000.0,88.50446609327248,15.443139045205967,1226.1499740471318,1740.958250775544,9,HIGH
2.3796356645153733,8.121159580091161,30.6466437966743,49.33627603728614,79.43583317856812,35.518357037491235,1674.1900108430718,2842.485130955252,4,LOW
53.227110012677436,167.88046897731743,360.06196256377706,1000.0,81.06774577731028,43.78789820315476,1880.7340774685888,2300.677816407246,1,HIGH
17.328762029767205,42.982599322437636,87.0131707621579,189.57959031120393,48.396964293353555,7.60739275949351,1864.8601560152779,1001.8938955944681,3,LOW
30.662986991471982,85.11852233283254,193.06661547714876,859.9599514984692,90.464941372937,17.68555490173296,514.3689620259387,2183.8807335915894,1,MEDIUM
4.046588841116729,3.8634849322949725,13.745510720006607,45.89869521662278,95.21058035222428,6.262880604155764,391.19604978488667,2031.9820932260884,2,LOW
37.444862998775605,69.87168660960813,121.85067282880985,541.188862736678,79.63570879316273,5.320644971990736,940.4172845424873,2266.686345046075,0,MEDIUM
33.39360499829729,45.3098511703463,93.98194226101302,344.5229553242431,81.33002480276733,28.88085752764122,401.8070874723124,992.1189409322252,4,MEDIUM
32.06781355911907,69.86130408725445,139.85107817902548,256.6186907478339,62.57188055796973,40.03372481247653,895.6289805447317,1553.2660788391618,5,MEDIUM
3.8556847291342105,8.009733603230327,6.087496041845997,8.135727244130553,70.89113637448843,24.151969741749795,459.99870635007244,2647.1367218738055,5,LOW
12.370194294222259,25.416028070466893,50.53840581050298,77.82354893305387,54.59989605807797,36.05437592103021,1723.8340106840024,2928.3570533105535,2,LOW
29.38517424113729,77.02179505706415,157.12089346511684,587.1470462659306,65.47217915660696,14.574333390702478,582.2827409853371,1111.8157198556337,2,MEDIUM
46.16027606055208,116.27376287833228,222.18670230069333,685.8258165972718,73.23596914794042,46.8212312334631,1421.154621947856,1485.7759582298727,5,HIGH
10.925385845459655,19.530610652729244,33.69252051759177,143.10872771215574,44.5528383540294,23.12953332301021,2377.8171512797508,1025.9330104740711,3,LOW
11.176722504119132,24.157010670828278,41.56511732223139,200.55927342687497,69.25601280999224,40.36037424869151,2385.464537640551,2167.9205567454123,0,LOW
28.100846696249235,78.95684447226289,195.97782663391678,686.825284059447,72.84069270090713,11.497104217653831,1817.9018893358782,164.42676384083114,7,MEDIUM
89.7494785436864,185.59169506486003,306.7127633008359,1000.0,81.65146276074265,45.90540299897524,383.1088425460656,2863.7471177289026,5,HIGH
13.984056107487675,24.708625546581843,47.289803169095144,259.4609113425006,76.1983048272108,30.903004427366778,1749.0819650972148,1670.6355591033528,1,MEDIUM
17.173015126085684,35.72944956078306,93.71561053909927,355.6029511319984,54.38335486444086,53.51340484363461,982.1821674096565,849.2975772744127,8,MEDIUM
15.325205100871884,30.409513180321785,61.86769026855868,174.78104782515135,66.79666375085085,25.268542748904707,1834.6975429887627,160.00673518774352,2,MEDIUM
20.7224737566052,26.363154001850184,63.90118913906303,204.92740255524023,54.908626609587586,48.649978439225286,2752.710109292575,1704.191110985121,7,MEDIUM
48.49997047221939,128.38738103084228,234.77861942753765,647.7338469061318,42.15284595935026,25.60497386085265,1916.9447276681503,1779.2214662438769,0,MEDIUM
21.520719512550205,42.72942214892716,63.974275746241155,180.07404282693867,82.06958638771252,10.394616547470344,2839.578792682049,2100.9730503125666,3,MEDIUM
95.1154969541731,150.636594721442,346.62800881277735,985.1529642285799,44.59335477887427,39.38172017577397,863.2529286542018,1599.9160540695661,2,HIGH
24.369345273761084,46.65188475587102,82.01856853421805,376.70989722816284,59.962491229174496,14.148301770668215,1024.4715528487088,1571.32857227268,0,LOW
51.48557602620352,100.11815904121724,176.60748408992112,720.1202769902675,70.87809031805881,44.99261427508921,701.5982777845866,947.1819761683787,4,HIGH
18.139779491912577,59.34628464953547,90.02261139686453,350.05031433225497,48.175626582149654,21.743211644448724,511.49747131565476,622.4106014826924,2,MEDIUM
8.056763926523526,6.552559520359756,27.16091001153103,49.548391315664674,70.10135546997222,42.8212296981702,328.35242364759097,790.4597698480272,2,LOW
21.49536505532425,33.21571965483932,36.861810915038674,90.31276281631004,68.30938250820743,29.07201477605822,2805.422506621064,1155.5326088943668,5,LOW
32.38691130735971,81.82535613813738,191.73304283476503,863.1696772376966,51.55918614608942,31.850250378675373,1519.6782780093029,2331.370500487079,8,MEDIUM
12.45899416154975,46.75903144870836,96.21361680745578,331.09849762843834,73.18740666862747,41.73158504753739,2834.913685728707,398.85061011149264,2,MEDIUM
46.41307990186497,125.13476413445038,241.50217650359465,1000.0,85.8299052932138,38.252788538340496,2632.8053755831356,1948.866707457086,1,HIGH
15.899853203545922,58.065250995817344,136.50417751070512,447.35792155831433,67.16027344361788,38.210761887507154,2308.5609329916624,161.98575012647507,7,MEDIUM
9.742245139204584,37.561398633104275,57.645616776310135,158.95168452703103,82.31887424764122,37.94725657626972,2778.178360189691,177.10726710251967,4,MEDIUM
84.13888357731614,213.82174895557955,323.59632360512387,1000.0,62.18177322495569,34.26349898934829,1012.826703693955,857.263009286871,9,HIGH
11.938289215328389,29.22948771102952,40.135896265320284,132.1545664239537,91.05136737451897,45.358887270920796,2612.2169634795864,1103.7150266455105,7,MEDIUM
15.544007354413843,12.644940817636138,35.50876042730499,71.18930689789259,64.72917100656963,20.00100445090536,2135.9456135466708,610.1701169831762,1,LOW
35.97145074863039,107.18287723399189,163.57395288735484,658.8263245649042,93.16038068374681,14.078198453091291,1918.7614145563982,2664.3972714474016,7,HIGH
17.679522963206303,46.37862892808672,104.71312129244302,324.2030248953081,95.84091139236965,41.758002599267094,1970.3964827926802,948.9139304901436,0,MEDIUM
10.044236016242525,40.314052104308885,71.92900187958281,255.24763914011183,62.04360798706047,31.991436121951633,2746.625963321918,1431.6578703824584,4,MEDIUM
14.387079196880492,27.839513312806375,52.329361277838295,120.20177273214844,92.97560630733422,50.03058132683033,2808.076088710222,2982.6434081579864,0,MEDIUM
69.94730610389387,191.38797934732278,372.05321749957733,1000.0,47.99917059810642,53.25427008217833,777.8014854626362,799.0020422078304,7,HIGH
33.156037723471705,62.59882561819405,70.19103883014284,316.219591327882,61.68581906638576,48.35670029815589,518.0660719976603,1875.4398867580176,8,MEDIUM
37.568330203072094,89.383732720745,148.19771103680424,366.86239350862866,49.47511920448309,32.37794729831198,1036.1345411059324,2252.248785328258,9,MEDIUM
27.17225922733893,57.39362717406118,129.96979671595275,586.421040522043,52.116879778923675,42.70624976956313,2487.48890013305,849.5750523185035,0,MEDIUM
30.38508677796225,84.2606845945793,153.51425800243635,632.4863566219465,64.83785603467733,21.716654846910632,562.067003310608,219.57200184047204,8,HIGH
16.693726758529355,45.15038306724593,109.74788282274264,350.12029131777115,92.1530372921045,5.738072429616738,2086.7541958944685,2384.524335353737,7,MEDIUM
24.884132701189237,52.9759694289581,112.16694269744171,275.785135100884,90.13254660576845,44.023490204919845,1377.8735680804778,902.6140017190976,8,MEDIUM
3.5036608913707283,8.184628651546221,3.903952750168048,13.112729484738573,30.39867757486885,44.07489530608464,2763.2828498343724,997.722402599768,4,LOW
42.24707859699609,72.92946240099317,136.49242263046818,368.2867322205331,67.45891948370871,5.401923775985679,2514.052571401823,1273.4939599265983,6,MEDIUM
16.578936687171748,46.71620575056449,85.20524649557865,447.9811117575045,37.62005835090025,48.17986023725829,1671.0448944209754,165.19643484345454,4,MEDIUM
8.68997320306152,24.313844637580644,13.813073802556175,17.589490840072436,71.4784491942121,49.07192822157018,1327.8007236146043,2561.6786486008687,6,LOW
25.883455626761652,78.58769688821918,191.97588972538085,374.6485188843421,49.382221625977685,21.032271622789423,2553.4499952538313,2596.831412733165,7,MEDIUM
19.652663923004916,38.55301074540589,94.02117901308458,361.9230213734376,64.35225939446596,5.862312185193975,959.7349282003285,2620.520776516291,2,LOW
41.27936562026335,117.742853029609,176.082782874643,523.2080128671219,72.90865477330519,48.801022093388916,1767.0564636584777,588.7314747620889,3,HIGH
21.83659562768765,66.55960553998156,154.7960206949685,330.9221116657847,86.34655072848525,8.525902973041696,2815.492671672768,2929.8253744825106,9,MEDIUM
14.144539252177882,19.60927973025551,18.44022245247221,64.51576672410512,30.184818183755002,16.6102201472617,1929.986997886364,2001.3831963564878,8,LOW
22.21539466000383,47.97459456544933,108.78264066711778,281.52866930043325,68.36782155715392,32.128721799048485,2811.232683808442,1799.2024294059736,0,MEDIUM
55.24702901432026,124.21484558148305,261.67874073276187,720.0704085620215,72.70525057355451,45.82672792261202,1493.4250995724622,2180.6838167160495,0,HIGH
42.16760255859151,92.79630379479639,154.798141739601,453.6352540423777,73.71403600995052,44.090875549055575,1999.1019727461032,2280.0692784566854,7,MEDIUM
33.098848774660446,53.24317340577108,127.60355241679804,435.6309826815875,81.81077243172541,39.058818322026376,2839.068756966104,1277.5758082990212,7,MEDIUM
43.35201299685578,93.48952636202459,208.69824907989022,702.0240287859979,64.68166061385358,46.43375894332538,2290.649315647223,1772.5714788843902,2,HIGH
34.80461161332497,69.79906399569128,94.09284919534093,341.11500613098826,94.78463854344577,39.27157011026521,2745.1117457315854,1776.1747769698434,9,MEDIUM
11.242565711902722,25.634278976074174,48.383315141291206,155.472782436187,45.24089765682191,36.88444523995953,2546.512785644076,73.03905651063049,0,LOW
37.7673637610429,86.079089643586,172.3164639282706,580.76846833353,78.57930958202057,13.384901534900695,510.066921616135,78.81356224558984,1,MEDIUM
46.686965971152226,122.79600372131239,176.76481641859345,556.5429722862283,91.91977628328465,26.99608440504447,997.8623286552559,1438.5783518242413,5,HIGH
48.37353796637685,104.49732829185636,162.89243847703426,852.9370493428029,59.286746389003596,27.5691141603296,2302.0032432665316,1697.488748522359,5,HIGH
9.33703024127381,18.171095221518677,40.53594554320043,67.00040720791057,41.619592871352424,5.92491865429567,2703.109232476823,2136.3023770307777,2,LOW
15.578775056678026,41.23467915024455,80.27223679400153,310.90032950513717,62.51515331009435,25.275951472918496,2466.235758407399,2270.5090039999777,6,LOW
13.84291059865767,31.9220464203629,36.6686687819442,109.13466893929808,50.771939807222765,16.354441572809538,1145.5289670411987,1778.0532526955044,8,LOW
18.009706553502742,17.903974121755542,10.00922536685696,29.93656970508959,72.40834682381703,9.483388017308592,1976.820423045902,888.9617208066846,1,LOW
30.834870785030837,67.13479634545668,99.1220270874953,377.53169898907174,66.08316274466827,32.31604715372644,2085.753545024815,1876.9639199703079,7,MEDIUM
25.433162724095162,65.00439056159898,101.75782576573225,443.6899052812672,66.78651696052744,16.850586729262155,1480.7451653804997,816.4123043848336,5,MEDIUM
25.438357001832617,74.35050747609463,146.26002491545563,699.7726914404604,85.94663515962819,14.518913580196447,1886.7853860993023,2461.846736785087,9,MEDIUM
7.290371538244932,25.340945796725354,30.024270386771857,117.93086397692275,83.58718971841759,44.33975511393887,2962.190070417436,1298.782222715148,2,MEDIUM
15.134933032886876,34.483682133384974,78.12155666533603,202.8522784724792,88.26455748729724,45.50466095969032,1770.6505260833114,2690.120053544893,6,MEDIUM
50.65631049606575,117.17587429709577,216.55272645113405,990.8754975196351,83.75869656569112,38.04284595562531,824.7703432066602,427.41313666325027,7,HIGH
46.55821592718692,147.20121070089087,307.2887070071771,829.5656808108171,92.15377009771608,14.48343960324632,1661.0836976585992,2131.148154112356,3,HIGH
21.574595573977295,60.73021212457074,118.00266249988039,398.2811411899067,79.2724483543896,36.634674166431054,774.5282129186494,1316.4948100121094,5,MEDIUM
37.83469099349463,87.39456851936232,188.4170732284756,863.9959790235133,72.40696987206607,40.66612097828629,2158.161881823663,425.7676985222986,7,HIGH
28.994165984572703,63.5290685391829,79.33541681602897,231.65604171359828,44.062157306140925,16.66549384320932,2735.1357879259,1699.096095880144,4,MEDIUM
40.564375411707104,119.12429324946002,266.91941738978363,986.2878546860171,95.80377965885587,11.647175502409242,2124.8409534649873,674.9687260268332,6,HIGH
38.919011693832644,116.08570426189651,186.61207467398833,434.5101358663133,79.21338138479246,26.676369808374602,2669.606336887582,912.4520993164729,7,HIGH
22.82357799579025,55.74015675433686,55.79205543565914,100.28000302211781,64.01681391590509,26.215345521996355,2264.763374986688,1395.8526433430534,2,LOW
33.23434194629068,59.145166082083705,109.51991177787347,522.1064962406185,60.315737700295145,12.665150773599539,1481.133244433779,1124.8627800806644,7,MEDIUM
30.290869671280944,64.54687736814196,118.10519997301793,360.4692908722733,50.422219450393314,14.585747041196857,1753.1289050789255,1196.7101991431914,5,MEDIUM
23.253285179126912,67.50365271618328,135.1132431236785,408.52264912005114,68.04808570165196,29.980860256958948,1737.9116564272122,1221.2337067778615,2,MEDIUM
19.845549031766613,51.46966561641831,119.65458205177721,409.6792627158503,54.98938917498053,31.371134434483608,1359.7333814775661,100.07048792064728,8,MEDIUM
64.02572091361388,196.7363550619783,432.73633817632054,1000.0,55.110985712058756,31.892930419108062,550.8888687287362,1133.577518986504,0,HIGH
23.27370085865962,58.0607635455354,133.53069858062582,317.8338077864424,48.15697780054818,54.101678895564135,2194.9022711304824,1210.8386089495646,6,MEDIUM
36.32321473074252,86.02869244513072,191.84319636540914,481.0538966814208,48.62247081249652,6.980399378842456,427.33650137769314,1798.5698304930042,2,MEDIUM
60.98438596414515,159.28182447634885,285.28374935702135,965.5198519745022,51.968603560157575,44.314524057427555,850.9288034788394,1468.7074909026608,7,HIGH
33.19777394484926,76.82165189238492,124.06773714604012,410.6484700708419,76.56523314449447,22.590400205722645,1525.4649534344824,558.9999652529527,8,MEDIUM
32.22003374700608,93.87336314560974,208.67616182472239,916.0451795542912,59.57395095461073,42.645370482448484,2965.130015155676,1784.3423664390568,6,MEDIUM
23.368894989272,45.81969852601539,66.23305666355198,183.99224719075514,74.84812437747644,41.77200620151012,1128.5351888062405,153.49491707811927,3,MEDIUM
30.6562800926431,72.87148024137662,121.48595074659532,563.3948236536554,97.48976650317842,35.9922679361958,2445.703036406813,1033.1549366123531,6,HIGH
18.654815711767252,33.23786590261201,43.598389121575565,114.41271621899865,66.1707918218098,36.55770879552094,1432.570238687228,1879.3375017573885,2,MEDIUM
102.7062048613093,300.0,500.0,1000.0,67.63912325419236,38.17982786061584,898.1999300606623,1890.748785941435,0,HIGH
7.445984361223658,16.829988937511768,18.667014565503635,75.2874619706756,57.36164133042196,42.38009128469419,371.77109508652,582.2116966342902,3,LOW
20.74888944243103,52.247699779093885,92.82448812688317,426.6137958914727,69.9116085467817,11.581000989262304,538.8087817999622,1050.6086419364676,6,MEDIUM
33.55922016195535,99.51230479022995,200.81700928756302,648.2473949954227,29.577358329131325,23.041942431308083,1425.1830941815028,1400.2072932835586,3,MEDIUM
32.23919214272518,50.93516656195179,127.79011995966157,440.4148034598656,93.50647450236951,47.10043159414219,1380.4983245725919,1263.7146822170675,1,MEDIUM
18.631228573992125,52.401241188330765,119.02080670667378,587.3290924219416,69.68445809410818,32.39420843641055,1991.1628525225303,2071.964158095254,4,MEDIUM
5.172162484161287,18.134596748922956,23.408202313986138,38.66971858164386,79.4326103417152,11.846785758085305,467.9908707168215,2233.555074938627,8,LOW
8.584487263930614,17.406140383743928,44.26176619101784,169.51942026493856,90.05266367236958,53.08243601434867,1066.6193406167852,170.53957396895456,4,MEDIUM
26.66822505356371,64.3781976330991,139.93023592062377,508.68467778733117,70.00801292116779,54.3918239450195,363.24498499557944,2248.5389498897775,4,MEDIUM
3.750637254849773,6.738517895417904,11.833993154257318,77.754812666145,58.69263937464917,30.633860614808135,2654.1625125960877,2641.5905286210254,2,LOW
35.12781243867496,85.20959498622076,132.15395483749663,499.59948794295656,25.257330447482616,31.659703501204447,1373.3694806788205,2746.0223795088245,4,MEDIUM
49.07426025391794,81.51018985037764,155.2793792864142,530.1347443321417,74.80048322611322,19.601200433579052,1877.5716652809751,215.14622292640115,2,MEDIUM
39.26678325061549,108.37450939253914,223.66636048689733,1000.0,38.29412279427287,30.80809132686117,2218.5051322549775,2656.960866333029,9,HIGH
44.37309672514633,91.02644522887978,147.6817342648659,359.0617990541892,53.14260222188726,53.43923994879973,1023.5168911554425,532.931906990603,7,MEDIUM
3.9096859316674966,11.909639745439637,18.52886969266665,36.214296565962854,71.85912795895736,17.728440219378168,664.3622057303147,1048.1208271125156,7,LOW
19.178088412171064,31.70193931054979,84.09289469809073,197.1308703089461,64.5925816401191,20.230843184137743,1866.7321898217272,1175.9031245956303,6,MEDIUM
10.53097850213124,26.917042768876712,41.96493734645047,197.99915213616356,64.74279279157795,49.87505160871702,2739.0663973906608,932.0092747600613,3,MEDIUM
6.056607211756836,33.560129289051545,43.577510923675284,165.09004353355272,85.78190864174752,24.219764339653377,2709.965015823811,919.4067564034692,6,MEDIUM
16.337937623961526,40.74731767943701,90.5460216771299,264.71680224081365,82.41215232025083,53.62636510680149,1132.247034263582,549.769012314667,9,MEDIUM
60.044295978163746,120.05447398337056,264.61444433497843,941.7678172725218,88.81196966703308,22.479429791602406,1018.632448805192,1994.0966085673176,1,HIGH
70.49046561771635,119.83073781849647,165.38025662411468,773.4799528769257,24.71868858987867,5.231616207157959,1254.6042804837452,1762.3308937960342,8,HIGH
11.697052532224008,18.43656486831013,16.438285674943767,53.75367634705379,39.00076517320456,52.686290209138825,962.166798437845,1859.8876364192859,9,LOW
24.443609256119423,81.37882930024638,165.7110169850275,329.6061256232549,83.91039562870884,16.849418166373454,2904.186551298694,1588.0001839357456,0,MEDIUM
30.36608695616483,51.818417166581085,103.03875357865675,206.59381035860432,65.4446240290079,39.70602410480011,393.6011442044027,701.4651251636146,0,MEDIUM
19.28015963378211,46.52813714061245,108.81393476391506,447.01858477365266,84.42365620947945,7.369176887576585,816.5801534638289,1779.610651469382,4,MEDIUM
51.319071966620605,77.0211469933682,136.41973629621742,558.9259218759125,70.09110417997336,42.4126457315007,376.40686823189105,1978.4942982677996,6,HIGH
16.528015446289054,37.08937442552219,78.56634646972348,257.9443424173323,43.65805712107704,16.003450035403755,2605.7476048127364,203.17389517567875,5,MEDIUM
14.49233562657349,13.604206732373955,9.012904326263367,75.8598944195656,68.95597607669396,45.012565552860394,1573.0693653155931,2963.831625457169,7,LOW
12.21231619467573,23.988872836318833,53.20196243932617,232.52138672196935,24.232498968681007,53.329999643954764,915.7405305131362,1760.3660511336664,8,LOW
19.180644493181266,47.74900976388516,93.99305999010735,303.7656557468845,71.82065497191013,7.261321317354847,1367.563648549846,1933.0806324730702,2,MEDIUM
1.3830830885999954,3.915777946563833,23.087227487173376,58.123942620134095,90.59238526709788,23.399603649579156,586.4268941314615,1730.5612059170724,5,LOW
19.857375122540915,53.936660638547345,111.86014201319973,352.34847118308664,74.07309931354453,40.78892568753165,590.7076389596075,2087.623378706946,0,MEDIUM
25.499774128601498,59.435094133361545,102.9312525420094,345.86670472313676,76.1809412932942,54.82176281561294,2856.5904393864585,1987.6911799498791,1,MEDIUM
26.625201230590136,67.76150542282565,131.69320937862977,650.921438124679,37.37968420994532,23.15223590100356,2179.4056500082406,2407.500840832231,7,MEDIUM
9.999926770005107,46.590937347202924,96.4756090862796,297.7688311028919,41.70704759178952,54.748989869901685,2024.4690118236188,526.5624668645079,8,MEDIUM
26.274910784636262,59.629637817939084,97.35860565178271,262.37416506999347,13.467351414879897,49.959251931499445,1576.443913092878,532.9834336339254,5,MEDIUM
25.89877345832449,79.61304251898983,148.99414734190412,677.8491753653689,88.24081227781672,40.96559172794082,1622.5114305658612,697.7591945987522,7,MEDIUM
26.29723733333455,59.988215820124836,87.56572080781538,246.26374426417206,98.18855511195879,24.094841205056067,2384.5205905256253,2892.186902809075,9,MEDIUM
39.76222691236248,79.2631081429116,168.77179302336543,820.9317241739323,43.72727081842519,31.845752444985028,441.45623106820574,1103.254879999435,0,MEDIUM
9.64700972650923,18.265125394265706,15.679495513594116,15.381949753225971,76.22284966298164,41.01733847129281,2102.092405043187,982.7148787504694,7,LOW
19.44986661271934,37.46306047725985,88.36786125399787,452.49228249746426,61.277950941424976,39.286442731743996,1786.3571698050805,726.4622382725047,6,MEDIUM
4.831188165698467,14.620446753534875,30.344113034535454,132.27018785378317,54.47845505618132,19.420001502424928,1128.089408299319,1470.1460714726759,9,LOW
37.390466951031655,104.59101625131342,221.6879155642415,993.6837662691477,47.30440786292634,32.86087864823638,882.3133164613812,2720.682982100485,3,MEDIUM
10.973827953414371,33.38899216677157,32.057886046398615,81.52012521262108,33.234370364111385,46.75123851028268,2626.7393253014015,2038.8279969122832,6,LOW
43.78169775593742,112.02612805477344,267.8274148800581,1000.0,29.06837168831601,28.75377982786669,2815.205003091596,603.8950536671099,8,MEDIUM
44.77687188597487,103.04281504647172,225.4562122458998,929.8188330127227,76.9967861053108,33.31213962421813,558.7181725980695,2520.1894028547727,4,MEDIUM
